state_name,year,access,mtbs_class,area_km2
Arizona,1984,roaded,0,0.0
Arizona,1984,roaded,1,1.4418
Arizona,1984,roaded,2,1.5930000000000002
Arizona,1984,roaded,3,1.242
Arizona,1984,roaded,4,0.2322
Arizona,1984,roaded,5,0.032400000000000005
Arizona,1984,roaded,6,0.0
Arizona,1984,roadless,0,0.0
Arizona,1984,roadless,1,0.0
Arizona,1984,roadless,2,0.0
Arizona,1984,roadless,3,0.0
Arizona,1984,roadless,4,0.0
Arizona,1984,roadless,5,0.0
Arizona,1984,roadless,6,0.0
Arizona,1984,wilderness,0,0.0
Arizona,1984,wilderness,1,0.0
Arizona,1984,wilderness,2,0.0
Arizona,1984,wilderness,3,0.0
Arizona,1984,wilderness,4,0.0
Arizona,1984,wilderness,5,0.0
Arizona,1984,wilderness,6,0.0
Arizona,1985,roaded,0,0.0
Arizona,1985,roaded,1,1.45764
Arizona,1985,roaded,2,1.176831
Arizona,1985,roaded,3,0.0666
Arizona,1985,roaded,4,0.030600000000000002
Arizona,1985,roaded,5,0.0018
Arizona,1985,roaded,6,0.0
Arizona,1985,roadless,0,0.0009
Arizona,1985,roadless,1,4.39776
Arizona,1985,roadless,2,2.069469
Arizona,1985,roadless,3,0.046799999999999994
Arizona,1985,roadless,4,0.0072
Arizona,1985,roadless,5,0.0036
Arizona,1985,roadless,6,0.0
Arizona,1985,wilderness,0,0.0
Arizona,1985,wilderness,1,0.0
Arizona,1985,wilderness,2,0.0
Arizona,1985,wilderness,3,0.0
Arizona,1985,wilderness,4,0.0
Arizona,1985,wilderness,5,0.0
Arizona,1985,wilderness,6,0.0
Arizona,1986,roaded,0,0.0
Arizona,1986,roaded,1,0.41271300000000005
Arizona,1986,roaded,2,0.45183599999999996
Arizona,1986,roaded,3,0.12168
Arizona,1986,roaded,4,0.0
Arizona,1986,roaded,5,0.0
Arizona,1986,roaded,6,0.0
Arizona,1986,roadless,0,0.0009
Arizona,1986,roadless,1,6.642728999999999
Arizona,1986,roadless,2,8.703098999999998
Arizona,1986,roadless,3,1.400715
Arizona,1986,roadless,4,0.3735
Arizona,1986,roadless,5,0.0405
Arizona,1986,roadless,6,0.0
Arizona,1986,wilderness,0,0.0
Arizona,1986,wilderness,1,0.319374
Arizona,1986,wilderness,2,0.216756
Arizona,1986,wilderness,3,0.100008
Arizona,1986,wilderness,4,0.019799999999999998
Arizona,1986,wilderness,5,0.0009
Arizona,1986,wilderness,6,0.0
Arizona,1987,roaded,0,0.0
Arizona,1987,roaded,1,11.58588
Arizona,1987,roaded,2,11.088558
Arizona,1987,roaded,3,6.691284
Arizona,1987,roaded,4,6.263775000000001
Arizona,1987,roaded,5,0.0108
Arizona,1987,roaded,6,0.0108
Arizona,1987,roadless,0,0.0009
Arizona,1987,roadless,1,6.228927
Arizona,1987,roadless,2,8.896653
Arizona,1987,roadless,3,3.4345709999999996
Arizona,1987,roadless,4,1.987218
Arizona,1987,roadless,5,0.027000000000000003
Arizona,1987,roadless,6,0.0
Arizona,1987,wilderness,0,0.0
Arizona,1987,wilderness,1,0.0297
Arizona,1987,wilderness,2,0.0387
Arizona,1987,wilderness,3,0.0126
Arizona,1987,wilderness,4,0.0036
Arizona,1987,wilderness,5,0.0
Arizona,1987,wilderness,6,0.0
Arizona,1988,roaded,0,0.0
Arizona,1988,roaded,1,5.113746
Arizona,1988,roaded,2,2.862297
Arizona,1988,roaded,3,2.836395
Arizona,1988,roaded,4,3.9542040000000003
Arizona,1988,roaded,5,0.016200000000000003
Arizona,1988,roaded,6,0.0
Arizona,1988,roadless,0,0.0009
Arizona,1988,roadless,1,0.11795399999999999
Arizona,1988,roadless,2,0.082341
Arizona,1988,roadless,3,0.075915
Arizona,1988,roadless,4,0.1332
Arizona,1988,roadless,5,0.0
Arizona,1988,roadless,6,0.0
Arizona,1988,wilderness,0,0.0
Arizona,1988,wilderness,1,0.8249940000000001
Arizona,1988,wilderness,2,0.817929
Arizona,1988,wilderness,3,0.873
Arizona,1988,wilderness,4,2.158668
Arizona,1988,wilderness,5,0.0171
Arizona,1988,wilderness,6,0.1845
Arizona,1989,roaded,0,0.0
Arizona,1989,roaded,1,4.44186
Arizona,1989,roaded,2,4.980879
Arizona,1989,roaded,3,1.966437
Arizona,1989,roaded,4,0.11287799999999999
Arizona,1989,roaded,5,0.0009
Arizona,1989,roaded,6,0.0
Arizona,1989,roadless,0,0.0009
Arizona,1989,roadless,1,0.395631
Arizona,1989,roadless,2,0.59868
Arizona,1989,roadless,3,0.699255
Arizona,1989,roadless,4,1.4013
Arizona,1989,roadless,5,0.0
Arizona,1989,roadless,6,0.0
Arizona,1989,wilderness,0,0.0
Arizona,1989,wilderness,1,0.075609
Arizona,1989,wilderness,2,0.11258099999999999
Arizona,1989,wilderness,3,0.156753
Arizona,1989,wilderness,4,0.0
Arizona,1989,wilderness,5,0.0
Arizona,1989,wilderness,6,0.0
Arizona,1990,roaded,0,0.0
Arizona,1990,roaded,1,9.485117999999998
Arizona,1990,roaded,2,18.840096
Arizona,1990,roaded,3,47.00336399999999
Arizona,1990,roaded,4,26.324099999999998
Arizona,1990,roaded,5,0.0036
Arizona,1990,roaded,6,0.0
Arizona,1990,roadless,0,0.0009
Arizona,1990,roadless,1,0.25018199999999996
Arizona,1990,roadless,2,0.496692
Arizona,1990,roadless,3,1.028511
Arizona,1990,roadless,4,0.9945
Arizona,1990,roadless,5,0.0
Arizona,1990,roadless,6,0.0
Arizona,1990,wilderness,0,0.0
Arizona,1990,wilderness,1,0.6318
Arizona,1990,wilderness,2,0.7839
Arizona,1990,wilderness,3,0.9558
Arizona,1990,wilderness,4,0.7748999999999999
Arizona,1990,wilderness,5,0.0189
Arizona,1990,wilderness,6,0.0
Arizona,1991,roaded,0,0.0
Arizona,1991,roaded,1,0.0
Arizona,1991,roaded,2,0.0
Arizona,1991,roaded,3,0.0
Arizona,1991,roaded,4,0.0
Arizona,1991,roaded,5,0.0
Arizona,1991,roaded,6,0.0
Arizona,1991,roadless,0,0.0009
Arizona,1991,roadless,1,0.0
Arizona,1991,roadless,2,0.0
Arizona,1991,roadless,3,0.0
Arizona,1991,roadless,4,0.0
Arizona,1991,roadless,5,0.0
Arizona,1991,roadless,6,0.0
Arizona,1991,wilderness,0,0.0
Arizona,1991,wilderness,1,0.0
Arizona,1991,wilderness,2,0.0
Arizona,1991,wilderness,3,0.0
Arizona,1991,wilderness,4,0.0
Arizona,1991,wilderness,5,0.0
Arizona,1991,wilderness,6,0.0
Arizona,1992,roaded,0,0.0
Arizona,1992,roaded,1,2.0736000000000003
Arizona,1992,roaded,2,4.7142
Arizona,1992,roaded,3,0.2601
Arizona,1992,roaded,4,0.0
Arizona,1992,roaded,5,0.40590000000000004
Arizona,1992,roaded,6,0.0
Arizona,1992,roadless,0,0.0
Arizona,1992,roadless,1,0.0
Arizona,1992,roadless,2,0.0
Arizona,1992,roadless,3,0.0
Arizona,1992,roadless,4,0.0
Arizona,1992,roadless,5,0.0
Arizona,1992,roadless,6,0.0
Arizona,1992,wilderness,0,0.0
Arizona,1992,wilderness,1,0.008100000000000001
Arizona,1992,wilderness,2,0.008100000000000001
Arizona,1992,wilderness,3,0.0225
Arizona,1992,wilderness,4,0.0333
Arizona,1992,wilderness,5,0.0
Arizona,1992,wilderness,6,0.0
Arizona,1993,roaded,0,0.0
Arizona,1993,roaded,1,1.58463
Arizona,1993,roaded,2,1.099557
Arizona,1993,roaded,3,1.016316
Arizona,1993,roaded,4,0.5035769999999999
Arizona,1993,roaded,5,0.0054
Arizona,1993,roaded,6,0.0
Arizona,1993,roadless,0,0.0
Arizona,1993,roadless,1,0.054000000000000006
Arizona,1993,roadless,2,0.0342
Arizona,1993,roadless,3,0.081
Arizona,1993,roadless,4,0.5715
Arizona,1993,roadless,5,0.0
Arizona,1993,roadless,6,0.0
Arizona,1993,wilderness,0,0.0
Arizona,1993,wilderness,1,1.2755159999999999
Arizona,1993,wilderness,2,0.8036279999999999
Arizona,1993,wilderness,3,1.4940539999999998
Arizona,1993,wilderness,4,1.5594209999999997
Arizona,1993,wilderness,5,0.009899999999999999
Arizona,1993,wilderness,6,0.0
Arizona,1994,roaded,0,0.0
Arizona,1994,roaded,1,15.662654999999999
Arizona,1994,roaded,2,17.786853
Arizona,1994,roaded,3,10.882746
Arizona,1994,roaded,4,9.188721
Arizona,1994,roaded,5,0.0666
Arizona,1994,roaded,6,0.0
Arizona,1994,roadless,0,0.0009
Arizona,1994,roadless,1,2.164266
Arizona,1994,roadless,2,2.853657
Arizona,1994,roadless,3,4.661496
Arizona,1994,roadless,4,2.1603869999999996
Arizona,1994,roadless,5,0.0027
Arizona,1994,roadless,6,0.0
Arizona,1994,wilderness,0,0.0
Arizona,1994,wilderness,1,18.606357
Arizona,1994,wilderness,2,41.292324
Arizona,1994,wilderness,3,39.422655
Arizona,1994,wilderness,4,25.595532
Arizona,1994,wilderness,5,0.04769999999999999
Arizona,1994,wilderness,6,2.6559
Arizona,1995,roaded,0,0.0
Arizona,1995,roaded,1,30.941972999999997
Arizona,1995,roaded,2,58.268673
Arizona,1995,roaded,3,17.224434
Arizona,1995,roaded,4,3.394692
Arizona,1995,roaded,5,0.320976
Arizona,1995,roaded,6,0.0
Arizona,1995,roadless,0,0.0009
Arizona,1995,roadless,1,1.535157
Arizona,1995,roadless,2,1.869003
Arizona,1995,roadless,3,0.710514
Arizona,1995,roadless,4,0.623493
Arizona,1995,roadless,5,0.0009
Arizona,1995,roadless,6,0.0
Arizona,1995,wilderness,0,0.0
Arizona,1995,wilderness,1,1.111329
Arizona,1995,wilderness,2,2.958687
Arizona,1995,wilderness,3,8.118773999999998
Arizona,1995,wilderness,4,1.216215
Arizona,1995,wilderness,5,0.009899999999999999
Arizona,1995,wilderness,6,0.0
Arizona,1996,roaded,0,0.0
Arizona,1996,roaded,1,83.73395699999999
Arizona,1996,roaded,2,78.03519299999999
Arizona,1996,roaded,3,86.97704399999999
Arizona,1996,roaded,4,49.474016999999996
Arizona,1996,roaded,5,0.1359
Arizona,1996,roaded,6,0.0
Arizona,1996,roadless,0,0.0
Arizona,1996,roadless,1,2.8584449999999997
Arizona,1996,roadless,2,5.385689999999999
Arizona,1996,roadless,3,5.703165
Arizona,1996,roadless,4,2.151063
Arizona,1996,roadless,5,0.0054
Arizona,1996,roadless,6,0.0
Arizona,1996,wilderness,0,0.0
Arizona,1996,wilderness,1,2.724192
Arizona,1996,wilderness,2,6.41601
Arizona,1996,wilderness,3,25.563203999999995
Arizona,1996,wilderness,4,15.374763
Arizona,1996,wilderness,5,0.0009
Arizona,1996,wilderness,6,0.0
Arizona,1997,roaded,0,0.0
Arizona,1997,roaded,1,0.016308
Arizona,1997,roaded,2,0.033579
Arizona,1997,roaded,3,0.035136
Arizona,1997,roaded,4,0.003276
Arizona,1997,roaded,5,0.0
Arizona,1997,roaded,6,0.0
Arizona,1997,roadless,0,0.0
Arizona,1997,roadless,1,0.085392
Arizona,1997,roadless,2,0.8565209999999999
Arizona,1997,roadless,3,0.934164
Arizona,1997,roadless,4,0.35492399999999996
Arizona,1997,roadless,5,0.0
Arizona,1997,roadless,6,0.0
Arizona,1997,wilderness,0,0.0
Arizona,1997,wilderness,1,0.0
Arizona,1997,wilderness,2,0.0
Arizona,1997,wilderness,3,0.0
Arizona,1997,wilderness,4,0.0
Arizona,1997,wilderness,5,0.0
Arizona,1997,wilderness,6,0.0
Arizona,1998,roaded,0,0.0
Arizona,1998,roaded,1,0.033588
Arizona,1998,roaded,2,0.002277
Arizona,1998,roaded,3,0.0
Arizona,1998,roaded,4,0.0
Arizona,1998,roaded,5,0.0
Arizona,1998,roaded,6,0.0
Arizona,1998,roadless,0,0.0009
Arizona,1998,roadless,1,0.0
Arizona,1998,roadless,2,0.0
Arizona,1998,roadless,3,0.0
Arizona,1998,roadless,4,0.0
Arizona,1998,roadless,5,0.0
Arizona,1998,roadless,6,0.0
Arizona,1998,wilderness,0,0.0
Arizona,1998,wilderness,1,0.0432
Arizona,1998,wilderness,2,0.095112
Arizona,1998,wilderness,3,0.0666
Arizona,1998,wilderness,4,0.0
Arizona,1998,wilderness,5,0.0
Arizona,1998,wilderness,6,0.0
Arizona,1999,roaded,0,0.0
Arizona,1999,roaded,1,9.744012
Arizona,1999,roaded,2,19.988864999999997
Arizona,1999,roaded,3,0.8114399999999999
Arizona,1999,roaded,4,0.064845
Arizona,1999,roaded,5,0.10596599999999999
Arizona,1999,roaded,6,0.08460000000000001
Arizona,1999,roadless,0,0.0009
Arizona,1999,roadless,1,2.8077659999999995
Arizona,1999,roadless,2,1.8686610000000001
Arizona,1999,roadless,3,1.443987
Arizona,1999,roadless,4,0.36265499999999995
Arizona,1999,roadless,5,0.062928
Arizona,1999,roadless,6,0.0
Arizona,1999,wilderness,0,0.0
Arizona,1999,wilderness,1,0.0
Arizona,1999,wilderness,2,0.0
Arizona,1999,wilderness,3,0.0
Arizona,1999,wilderness,4,0.0
Arizona,1999,wilderness,5,0.0
Arizona,1999,wilderness,6,0.0
Arizona,2000,roaded,0,0.0
Arizona,2000,roaded,1,27.03249
Arizona,2000,roaded,2,25.511651999999998
Arizona,2000,roaded,3,9.66168
Arizona,2000,roaded,4,6.924752999999999
Arizona,2000,roaded,5,0.962316
Arizona,2000,roaded,6,0.0
Arizona,2000,roadless,0,0.0009
Arizona,2000,roadless,1,0.575352
Arizona,2000,roadless,2,1.24785
Arizona,2000,roadless,3,1.3724459999999998
Arizona,2000,roadless,4,1.1084129999999999
Arizona,2000,roadless,5,0.0
Arizona,2000,roadless,6,0.0
Arizona,2000,wilderness,0,0.0
Arizona,2000,wilderness,1,14.953878
Arizona,2000,wilderness,2,22.805469
Arizona,2000,wilderness,3,16.330562999999998
Arizona,2000,wilderness,4,14.901084
Arizona,2000,wilderness,5,0.17348399999999997
Arizona,2000,wilderness,6,0.0
Arizona,2001,roaded,0,0.0
Arizona,2001,roaded,1,5.7456
Arizona,2001,roaded,2,16.763778
Arizona,2001,roaded,3,4.125339
Arizona,2001,roaded,4,0.359919
Arizona,2001,roaded,5,0.0072
Arizona,2001,roaded,6,0.0
Arizona,2001,roadless,0,0.0009
Arizona,2001,roadless,1,0.19503
Arizona,2001,roadless,2,0.555642
Arizona,2001,roadless,3,1.1955239999999998
Arizona,2001,roadless,4,0.115398
Arizona,2001,roadless,5,0.0
Arizona,2001,roadless,6,0.0
Arizona,2001,wilderness,0,0.0
Arizona,2001,wilderness,1,2.398968
Arizona,2001,wilderness,2,10.844441999999999
Arizona,2001,wilderness,3,7.770563999999999
Arizona,2001,wilderness,4,1.226619
Arizona,2001,wilderness,5,0.0
Arizona,2001,wilderness,6,0.0
Arizona,2002,roaded,0,0.0
Arizona,2002,roaded,1,108.87851699999999
Arizona,2002,roaded,2,142.652052
Arizona,2002,roaded,3,230.12005499999998
Arizona,2002,roaded,4,291.96612
Arizona,2002,roaded,5,0.061667999999999994
Arizona,2002,roaded,6,0.0
Arizona,2002,roadless,0,0.0009
Arizona,2002,roadless,1,9.545337
Arizona,2002,roadless,2,21.742506
Arizona,2002,roadless,3,12.192237
Arizona,2002,roadless,4,1.153485
Arizona,2002,roadless,5,0.181332
Arizona,2002,roadless,6,0.0
Arizona,2002,wilderness,0,0.0
Arizona,2002,wilderness,1,4.778424
Arizona,2002,wilderness,2,7.93233
Arizona,2002,wilderness,3,7.631208
Arizona,2002,wilderness,4,4.587497999999999
Arizona,2002,wilderness,5,0.0108
Arizona,2002,wilderness,6,0.0
Arizona,2003,roaded,0,0.0
Arizona,2003,roaded,1,46.513557
Arizona,2003,roaded,2,71.55836099999999
Arizona,2003,roaded,3,56.482839000000006
Arizona,2003,roaded,4,36.942327
Arizona,2003,roaded,5,0.745434
Arizona,2003,roaded,6,0.0
Arizona,2003,roadless,0,0.0009
Arizona,2003,roadless,1,11.707676999999999
Arizona,2003,roadless,2,30.663449999999997
Arizona,2003,roadless,3,32.344578
Arizona,2003,roadless,4,7.769880000000001
Arizona,2003,roadless,5,0.837666
Arizona,2003,roadless,6,0.0
Arizona,2003,wilderness,0,0.0
Arizona,2003,wilderness,1,2.6730719999999994
Arizona,2003,wilderness,2,27.061443
Arizona,2003,wilderness,3,30.797414999999997
Arizona,2003,wilderness,4,9.698526
Arizona,2003,wilderness,5,0.009000000000000001
Arizona,2003,wilderness,6,0.0
Arizona,2004,roaded,0,0.0
Arizona,2004,roaded,1,57.466421999999994
Arizona,2004,roaded,2,127.96213499999998
Arizona,2004,roaded,3,44.206578
Arizona,2004,roaded,4,4.874175
Arizona,2004,roaded,5,0.09814499999999998
Arizona,2004,roaded,6,0.010458
Arizona,2004,roadless,0,0.0
Arizona,2004,roadless,1,30.382434
Arizona,2004,roadless,2,64.84790699999999
Arizona,2004,roadless,3,31.795901999999998
Arizona,2004,roadless,4,12.271589999999998
Arizona,2004,roadless,5,0.098055
Arizona,2004,roadless,6,0.09844199999999999
Arizona,2004,wilderness,0,0.0
Arizona,2004,wilderness,1,12.583628999999998
Arizona,2004,wilderness,2,96.26016599999998
Arizona,2004,wilderness,3,98.74242
Arizona,2004,wilderness,4,8.216235
Arizona,2004,wilderness,5,0.042300000000000004
Arizona,2004,wilderness,6,0.0
Arizona,2005,roaded,0,0.0
Arizona,2005,roaded,1,37.124072999999996
Arizona,2005,roaded,2,51.662268000000005
Arizona,2005,roaded,3,44.026362
Arizona,2005,roaded,4,24.398253
Arizona,2005,roaded,5,2.091042
Arizona,2005,roaded,6,0.36450000000000005
Arizona,2005,roadless,0,0.0009
Arizona,2005,roadless,1,6.101838
Arizona,2005,roadless,2,6.3590219999999995
Arizona,2005,roadless,3,10.861289999999999
Arizona,2005,roadless,4,15.286428
Arizona,2005,roadless,5,0.2655
Arizona,2005,roadless,6,0.0
Arizona,2005,wilderness,0,0.0
Arizona,2005,wilderness,1,10.758609
Arizona,2005,wilderness,2,24.486318
Arizona,2005,wilderness,3,14.985260999999998
Arizona,2005,wilderness,4,5.863418999999999
Arizona,2005,wilderness,5,0.419058
Arizona,2005,wilderness,6,0.0
Arizona,2006,roaded,0,0.0
Arizona,2006,roaded,1,64.899018
Arizona,2006,roaded,2,79.45697700000001
Arizona,2006,roaded,3,57.62155499999999
Arizona,2006,roaded,4,46.038059999999994
Arizona,2006,roaded,5,0.3024
Arizona,2006,roaded,6,0.0378
Arizona,2006,roadless,0,0.0009
Arizona,2006,roadless,1,3.7221569999999997
Arizona,2006,roadless,2,10.512855
Arizona,2006,roadless,3,19.838502
Arizona,2006,roadless,4,15.508647000000002
Arizona,2006,roadless,5,0.0
Arizona,2006,roadless,6,0.0
Arizona,2006,wilderness,0,0.0
Arizona,2006,wilderness,1,6.052949999999999
Arizona,2006,wilderness,2,8.993664
Arizona,2006,wilderness,3,7.575686999999999
Arizona,2006,wilderness,4,2.685213
Arizona,2006,wilderness,5,0.0747
Arizona,2006,wilderness,6,0.0009
Arizona,2007,roaded,0,0.0
Arizona,2007,roaded,1,14.876703
Arizona,2007,roaded,2,62.64638099999999
Arizona,2007,roaded,3,14.712354
Arizona,2007,roaded,4,2.640285
Arizona,2007,roaded,5,0.2016
Arizona,2007,roaded,6,0.8909999999999999
Arizona,2007,roadless,0,0.0009
Arizona,2007,roadless,1,4.34502
Arizona,2007,roadless,2,11.908035
Arizona,2007,roadless,3,2.297961
Arizona,2007,roadless,4,0.5448149999999999
Arizona,2007,roadless,5,0.0018
Arizona,2007,roadless,6,0.0
Arizona,2007,wilderness,0,0.0
Arizona,2007,wilderness,1,0.0036
Arizona,2007,wilderness,2,0.016200000000000003
Arizona,2007,wilderness,3,0.009639
Arizona,2007,wilderness,4,0.0
Arizona,2007,wilderness,5,0.0
Arizona,2007,wilderness,6,0.0
Arizona,2008,roaded,0,0.0
Arizona,2008,roaded,1,58.636188000000004
Arizona,2008,roaded,2,60.057153
Arizona,2008,roaded,3,18.984492
Arizona,2008,roaded,4,9.408923999999999
Arizona,2008,roaded,5,0.10890000000000001
Arizona,2008,roaded,6,0.8675010000000001
Arizona,2008,roadless,0,0.0009
Arizona,2008,roadless,1,16.937757
Arizona,2008,roadless,2,16.189919999999997
Arizona,2008,roadless,3,3.964698
Arizona,2008,roadless,4,0.461277
Arizona,2008,roadless,5,0.024300000000000002
Arizona,2008,roadless,6,0.063999
Arizona,2008,wilderness,0,0.0
Arizona,2008,wilderness,1,1.403055
Arizona,2008,wilderness,2,3.2454270000000003
Arizona,2008,wilderness,3,8.739809999999999
Arizona,2008,wilderness,4,8.409699
Arizona,2008,wilderness,5,0.0
Arizona,2008,wilderness,6,0.0
Arizona,2009,roaded,0,0.0
Arizona,2009,roaded,1,97.866261
Arizona,2009,roaded,2,184.31693099999995
Arizona,2009,roaded,3,56.25759599999999
Arizona,2009,roaded,4,11.313099
Arizona,2009,roaded,5,0.987984
Arizona,2009,roaded,6,0.907164
Arizona,2009,roadless,0,0.0009
Arizona,2009,roadless,1,7.642647
Arizona,2009,roadless,2,18.700532999999997
Arizona,2009,roadless,3,6.539112
Arizona,2009,roadless,4,1.2320639999999998
Arizona,2009,roadless,5,0.080154
Arizona,2009,roadless,6,0.18601199999999998
Arizona,2009,wilderness,0,0.0
Arizona,2009,wilderness,1,3.0658049999999997
Arizona,2009,wilderness,2,10.405926
Arizona,2009,wilderness,3,1.189476
Arizona,2009,wilderness,4,1.36773
Arizona,2009,wilderness,5,0.065862
Arizona,2009,wilderness,6,0.9936
Arizona,2010,roaded,0,0.0
Arizona,2010,roaded,1,54.856287
Arizona,2010,roaded,2,89.528337
Arizona,2010,roaded,3,23.402241
Arizona,2010,roaded,4,25.986969
Arizona,2010,roaded,5,1.414809
Arizona,2010,roaded,6,4.9690710000000005
Arizona,2010,roadless,0,0.0009
Arizona,2010,roadless,1,0.392904
Arizona,2010,roadless,2,1.0844189999999998
Arizona,2010,roadless,3,0.08783099999999999
Arizona,2010,roadless,4,0.0
Arizona,2010,roadless,5,0.0018
Arizona,2010,roadless,6,0.9653489999999999
Arizona,2010,wilderness,0,0.0
Arizona,2010,wilderness,1,4.119093
Arizona,2010,wilderness,2,7.659126
Arizona,2010,wilderness,3,4.642551
Arizona,2010,wilderness,4,7.1267309999999995
Arizona,2010,wilderness,5,0.098991
Arizona,2010,wilderness,6,0.50418
Arizona,2011,roaded,0,0.0
Arizona,2011,roaded,1,411.46813799999995
Arizona,2011,roaded,2,779.9971409999999
Arizona,2011,roaded,3,402.885072
Arizona,2011,roaded,4,224.35524899999996
Arizona,2011,roaded,5,34.483419
Arizona,2011,roaded,6,156.064365
Arizona,2011,roadless,0,0.0009
Arizona,2011,roadless,1,65.572785
Arizona,2011,roadless,2,104.67529199999998
Arizona,2011,roadless,3,77.039361
Arizona,2011,roadless,4,30.029355
Arizona,2011,roadless,5,4.928481
Arizona,2011,roadless,6,13.086477
Arizona,2011,wilderness,0,0.0
Arizona,2011,wilderness,1,58.145823
Arizona,2011,wilderness,2,139.74372
Arizona,2011,wilderness,3,116.091189
Arizona,2011,wilderness,4,68.474925
Arizona,2011,wilderness,5,3.4447589999999995
Arizona,2011,wilderness,6,8.39934
Arizona,2012,roaded,0,0.0
Arizona,2012,roaded,1,28.582487999999998
Arizona,2012,roaded,2,65.85417899999999
Arizona,2012,roaded,3,50.428233
Arizona,2012,roaded,4,17.858376
Arizona,2012,roaded,5,0.286038
Arizona,2012,roaded,6,9.113994
Arizona,2012,roadless,0,0.0009
Arizona,2012,roadless,1,3.921236999999999
Arizona,2012,roadless,2,6.672978
Arizona,2012,roadless,3,1.7546040000000003
Arizona,2012,roadless,4,0.035955
Arizona,2012,roadless,5,0.018000000000000002
Arizona,2012,roadless,6,2.6847000000000003
Arizona,2012,wilderness,0,0.0
Arizona,2012,wilderness,1,3.4060409999999997
Arizona,2012,wilderness,2,8.192034
Arizona,2012,wilderness,3,5.967801
Arizona,2012,wilderness,4,0.165069
Arizona,2012,wilderness,5,0.100962
Arizona,2012,wilderness,6,0.33683399999999997
Arizona,2013,roaded,0,0.0
Arizona,2013,roaded,1,12.465036
Arizona,2013,roaded,2,18.333432000000002
Arizona,2013,roaded,3,6.624261000000001
Arizona,2013,roaded,4,1.184949
Arizona,2013,roaded,5,0.1332
Arizona,2013,roaded,6,0.0
Arizona,2013,roadless,0,0.0009
Arizona,2013,roadless,1,0.0
Arizona,2013,roadless,2,0.0
Arizona,2013,roadless,3,0.0
Arizona,2013,roadless,4,0.0
Arizona,2013,roadless,5,0.0
Arizona,2013,roadless,6,0.0
Arizona,2013,wilderness,0,0.0
Arizona,2013,wilderness,1,1.630764
Arizona,2013,wilderness,2,2.509668
Arizona,2013,wilderness,3,6.441039
Arizona,2013,wilderness,4,2.6949509999999997
Arizona,2013,wilderness,5,0.0
Arizona,2013,wilderness,6,0.0
Arizona,2014,roaded,0,0.0
Arizona,2014,roaded,1,45.150245999999996
Arizona,2014,roaded,2,164.61636299999998
Arizona,2014,roaded,3,28.18152
Arizona,2014,roaded,4,11.616624
Arizona,2014,roaded,5,1.049949
Arizona,2014,roaded,6,9.1791
Arizona,2014,roadless,0,0.0009
Arizona,2014,roadless,1,1.542321
Arizona,2014,roadless,2,4.4772479999999995
Arizona,2014,roadless,3,0.716796
Arizona,2014,roadless,4,0.069381
Arizona,2014,roadless,5,0.006650999999999999
Arizona,2014,roadless,6,0.0
Arizona,2014,wilderness,0,0.0
Arizona,2014,wilderness,1,7.1222129999999995
Arizona,2014,wilderness,2,25.803468
Arizona,2014,wilderness,3,19.752416999999998
Arizona,2014,wilderness,4,6.921161999999999
Arizona,2014,wilderness,5,0.032400000000000005
Arizona,2014,wilderness,6,0.0
Arizona,2015,roaded,0,0.0
Arizona,2015,roaded,1,69.600321
Arizona,2015,roaded,2,162.671472
Arizona,2015,roaded,3,13.640741999999998
Arizona,2015,roaded,4,1.6247969999999998
Arizona,2015,roaded,5,0.1575
Arizona,2015,roaded,6,3.4802999999999997
Arizona,2015,roadless,0,0.0009
Arizona,2015,roadless,1,3.8248379999999997
Arizona,2015,roadless,2,7.967709
Arizona,2015,roadless,3,1.331316
Arizona,2015,roadless,4,0.824616
Arizona,2015,roadless,5,0.0
Arizona,2015,roadless,6,0.0
Arizona,2015,wilderness,0,0.0
Arizona,2015,wilderness,1,3.249225
Arizona,2015,wilderness,2,10.632897
Arizona,2015,wilderness,3,2.1318479999999997
Arizona,2015,wilderness,4,0.143487
Arizona,2015,wilderness,5,0.0018
Arizona,2015,wilderness,6,0.3231
Arizona,2016,roaded,0,0.0
Arizona,2016,roaded,1,104.047614
Arizona,2016,roaded,2,216.15146099999998
Arizona,2016,roaded,3,68.490072
Arizona,2016,roaded,4,15.050079
Arizona,2016,roaded,5,1.5907499999999999
Arizona,2016,roaded,6,3.1086
Arizona,2016,roadless,0,0.0009
Arizona,2016,roadless,1,10.646865
Arizona,2016,roadless,2,23.500449
Arizona,2016,roadless,3,5.502293999999999
Arizona,2016,roadless,4,0.492705
Arizona,2016,roadless,5,0.019799999999999998
Arizona,2016,roadless,6,0.0
Arizona,2016,wilderness,0,0.0
Arizona,2016,wilderness,1,20.272751999999997
Arizona,2016,wilderness,2,41.434497
Arizona,2016,wilderness,3,10.844406
Arizona,2016,wilderness,4,0.472869
Arizona,2016,wilderness,5,0.21825
Arizona,2016,wilderness,6,0.0027
Arizona,2017,roaded,0,0.0
Arizona,2017,roaded,1,104.80155299999998
Arizona,2017,roaded,2,319.760892
Arizona,2017,roaded,3,65.45804399999999
Arizona,2017,roaded,4,18.872046
Arizona,2017,roaded,5,1.4613749999999999
Arizona,2017,roaded,6,3.1404419999999997
Arizona,2017,roadless,0,0.0009
Arizona,2017,roadless,1,32.726609999999994
Arizona,2017,roadless,2,64.971729
Arizona,2017,roadless,3,22.123899
Arizona,2017,roadless,4,2.221254
Arizona,2017,roadless,5,0.22986
Arizona,2017,roadless,6,2.4476489999999997
Arizona,2017,wilderness,0,0.0
Arizona,2017,wilderness,1,10.259244
Arizona,2017,wilderness,2,20.363643
Arizona,2017,wilderness,3,5.752998
Arizona,2017,wilderness,4,0.7213769999999999
Arizona,2017,wilderness,5,0.7909649999999999
Arizona,2017,wilderness,6,0.0
Arizona,2018,roaded,0,0.0
Arizona,2018,roaded,1,73.248201
Arizona,2018,roaded,2,190.302957
Arizona,2018,roaded,3,61.945677
Arizona,2018,roaded,4,15.208676999999998
Arizona,2018,roaded,5,0.46038599999999996
Arizona,2018,roaded,6,0.21960000000000002
Arizona,2018,roadless,0,0.0009
Arizona,2018,roadless,1,9.817425
Arizona,2018,roadless,2,11.980197
Arizona,2018,roadless,3,7.3701539999999985
Arizona,2018,roadless,4,1.003284
Arizona,2018,roadless,5,0.01854
Arizona,2018,roadless,6,0.0
Arizona,2018,wilderness,0,0.0
Arizona,2018,wilderness,1,9.444222
Arizona,2018,wilderness,2,37.933893
Arizona,2018,wilderness,3,24.204006
Arizona,2018,wilderness,4,3.881853
Arizona,2018,wilderness,5,0.0801
Arizona,2018,wilderness,6,0.0
Arizona,2019,roaded,0,0.0
Arizona,2019,roaded,1,150.24438899999998
Arizona,2019,roaded,2,296.898444
Arizona,2019,roaded,3,30.419514
Arizona,2019,roaded,4,3.5441369999999996
Arizona,2019,roaded,5,3.7127879999999998
Arizona,2019,roaded,6,0.44136
Arizona,2019,roadless,0,0.0009
Arizona,2019,roadless,1,10.968831
Arizona,2019,roadless,2,23.667650999999996
Arizona,2019,roadless,3,15.433668
Arizona,2019,roadless,4,1.438317
Arizona,2019,roadless,5,0.151776
Arizona,2019,roadless,6,0.151344
Arizona,2019,wilderness,0,0.0
Arizona,2019,wilderness,1,11.850119999999999
Arizona,2019,wilderness,2,12.320145
Arizona,2019,wilderness,3,38.589255
Arizona,2019,wilderness,4,17.355555
Arizona,2019,wilderness,5,0.8066880000000001
Arizona,2019,wilderness,6,0.0
Arizona,2020,roaded,0,0.0
Arizona,2020,roaded,1,145.2924
Arizona,2020,roaded,2,192.231783
Arizona,2020,roaded,3,182.872107
Arizona,2020,roaded,4,109.97487
Arizona,2020,roaded,5,0.322479
Arizona,2020,roaded,6,0.4203
Arizona,2020,roadless,0,0.0009
Arizona,2020,roadless,1,24.204501
Arizona,2020,roadless,2,67.337379
Arizona,2020,roadless,3,67.311675
Arizona,2020,roadless,4,41.742414
Arizona,2020,roadless,5,0.025794
Arizona,2020,roadless,6,0.013500000000000002
Arizona,2020,wilderness,0,0.0
Arizona,2020,wilderness,1,14.646672
Arizona,2020,wilderness,2,40.545126
Arizona,2020,wilderness,3,40.98638699999999
Arizona,2020,wilderness,4,16.283475
Arizona,2020,wilderness,5,0.025227
Arizona,2020,wilderness,6,0.0
Arizona,2021,roaded,0,0.0
Arizona,2021,roaded,1,160.224417
Arizona,2021,roaded,2,376.82735399999996
Arizona,2021,roaded,3,87.81814800000001
Arizona,2021,roaded,4,7.580043
Arizona,2021,roaded,5,1.608174
Arizona,2021,roaded,6,0.22838399999999998
Arizona,2021,roadless,0,0.0009
Arizona,2021,roadless,1,9.882414
Arizona,2021,roadless,2,48.331116
Arizona,2021,roadless,3,8.465687999999998
Arizona,2021,roadless,4,0.669267
Arizona,2021,roadless,5,0.0063
Arizona,2021,roadless,6,1.9586700000000001
Arizona,2021,wilderness,0,0.0
Arizona,2021,wilderness,1,32.130558
Arizona,2021,wilderness,2,76.41615599999999
Arizona,2021,wilderness,3,58.07925
Arizona,2021,wilderness,4,7.457508000000001
Arizona,2021,wilderness,5,0.028925999999999997
Arizona,2021,wilderness,6,0.010746
Arizona,2022,roaded,0,0.0
Arizona,2022,roaded,1,16.292943
Arizona,2022,roaded,2,126.100926
Arizona,2022,roaded,3,43.75629
Arizona,2022,roaded,4,8.460125999999999
Arizona,2022,roaded,5,0.1161
Arizona,2022,roaded,6,0.0
Arizona,2022,roadless,0,0.0009
Arizona,2022,roadless,1,2.6709840000000002
Arizona,2022,roadless,2,10.324062
Arizona,2022,roadless,3,1.6260299999999999
Arizona,2022,roadless,4,0.13258799999999998
Arizona,2022,roadless,5,0.0063
Arizona,2022,roadless,6,0.0
Arizona,2022,wilderness,0,0.0
Arizona,2022,wilderness,1,6.425612999999999
Arizona,2022,wilderness,2,13.520916
Arizona,2022,wilderness,3,6.4755899999999995
Arizona,2022,wilderness,4,7.524081
Arizona,2022,wilderness,5,0.046799999999999994
Arizona,2022,wilderness,6,0.0
Arizona,2023,roaded,0,0.0
Arizona,2023,roaded,1,166.42394099999999
Arizona,2023,roaded,2,438.430905
Arizona,2023,roaded,3,26.590482
Arizona,2023,roaded,4,1.7793
Arizona,2023,roaded,5,0.6381899999999999
Arizona,2023,roaded,6,0.13140000000000002
Arizona,2023,roadless,0,0.0009
Arizona,2023,roadless,1,3.6148860000000003
Arizona,2023,roadless,2,11.763522
Arizona,2023,roadless,3,0.692316
Arizona,2023,roadless,4,0.0
Arizona,2023,roadless,5,0.06921000000000001
Arizona,2023,roadless,6,0.0
Arizona,2023,wilderness,0,0.0
Arizona,2023,wilderness,1,0.267633
Arizona,2023,wilderness,2,1.343754
Arizona,2023,wilderness,3,0.3787649999999999
Arizona,2023,wilderness,4,0.0
Arizona,2023,wilderness,5,0.0
Arizona,2023,wilderness,6,0.0
Arizona,2024,roaded,0,0.0
Arizona,2024,roaded,1,30.35268
Arizona,2024,roaded,2,121.406166
Arizona,2024,roaded,3,20.5254
Arizona,2024,roaded,4,6.3135
Arizona,2024,roaded,5,0.0027
Arizona,2024,roaded,6,0.0288
Arizona,2024,roadless,0,0.0009
Arizona,2024,roadless,1,0.072729
Arizona,2024,roadless,2,0.144099
Arizona,2024,roadless,3,0.0
Arizona,2024,roadless,4,0.0
Arizona,2024,roadless,5,0.0
Arizona,2024,roadless,6,0.0
Arizona,2024,wilderness,0,0.0
Arizona,2024,wilderness,1,0.0873
Arizona,2024,wilderness,2,0.2502
Arizona,2024,wilderness,3,0.0
Arizona,2024,wilderness,4,0.0
Arizona,2024,wilderness,5,0.0
Arizona,2024,wilderness,6,0.0
California,1984,roaded,0,0.0
California,1984,roaded,1,3.1002389999999997
California,1984,roaded,2,4.232222999999999
California,1984,roaded,3,3.617964
California,1984,roaded,4,4.568004
California,1984,roaded,5,0.024300000000000002
California,1984,roaded,6,0.0
California,1984,roadless,0,0.0
California,1984,roadless,1,6.0464970000000005
California,1984,roadless,2,3.164031
California,1984,roadless,3,3.234978
California,1984,roadless,4,7.290891
California,1984,roadless,5,0.0342
California,1984,roadless,6,0.0
California,1984,wilderness,0,0.0
California,1984,wilderness,1,0.400311
California,1984,wilderness,2,0.31675499999999995
California,1984,wilderness,3,0.16848
California,1984,wilderness,4,0.282195
California,1984,wilderness,5,0.0009
California,1984,wilderness,6,0.0
California,1985,roaded,0,0.0
California,1985,roaded,1,31.583295000000003
California,1985,roaded,2,17.823501
California,1985,roaded,3,34.086717
California,1985,roaded,4,28.487043
California,1985,roaded,5,6.489279
California,1985,roaded,6,0.32006700000000005
California,1985,roadless,0,0.0
California,1985,roadless,1,16.296426
California,1985,roadless,2,14.094486
California,1985,roadless,3,35.355564
California,1985,roadless,4,45.528327
California,1985,roadless,5,7.924005000000001
California,1985,roadless,6,0.0
California,1985,wilderness,0,0.0
California,1985,wilderness,1,48.104082
California,1985,wilderness,2,46.208133
California,1985,wilderness,3,61.1208
California,1985,wilderness,4,80.79021
California,1985,wilderness,5,0.683298
California,1985,wilderness,6,0.294138
California,1986,roaded,0,0.0
California,1986,roaded,1,4.7124
California,1986,roaded,2,4.119057000000001
California,1986,roaded,3,2.930193
California,1986,roaded,4,1.4529779999999999
California,1986,roaded,5,0.0297
California,1986,roaded,6,0.0
California,1986,roadless,0,0.0
California,1986,roadless,1,3.5455680000000003
California,1986,roadless,2,3.9282209999999997
California,1986,roadless,3,4.137453
California,1986,roadless,4,4.921893
California,1986,roadless,5,0.0252
California,1986,roadless,6,0.0
California,1986,wilderness,0,0.0
California,1986,wilderness,1,2.956149
California,1986,wilderness,2,2.307951
California,1986,wilderness,3,1.913112
California,1986,wilderness,4,0.8854289999999999
California,1986,wilderness,5,0.0126
California,1986,wilderness,6,0.0
California,1987,roaded,0,0.0
California,1987,roaded,1,283.496031
California,1987,roaded,2,486.81598499999996
California,1987,roaded,3,356.937111
California,1987,roaded,4,252.891459
California,1987,roaded,5,4.508090999999999
California,1987,roaded,6,0.0
California,1987,roadless,0,0.0
California,1987,roadless,1,114.804144
California,1987,roadless,2,183.668445
California,1987,roadless,3,81.279009
California,1987,roadless,4,49.506713999999995
California,1987,roadless,5,1.094733
California,1987,roadless,6,0.0
California,1987,wilderness,0,0.0
California,1987,wilderness,1,121.671801
California,1987,wilderness,2,146.049696
California,1987,wilderness,3,66.432888
California,1987,wilderness,4,56.189420999999996
California,1987,wilderness,5,0.6859259999999999
California,1987,wilderness,6,0.0009
California,1988,roaded,0,0.0
California,1988,roaded,1,8.841536999999999
California,1988,roaded,2,11.415266999999998
California,1988,roaded,3,12.96279
California,1988,roaded,4,13.070429999999998
California,1988,roaded,5,0.120726
California,1988,roaded,6,0.0
California,1988,roadless,0,0.0
California,1988,roadless,1,7.4463479999999995
California,1988,roadless,2,10.47321
California,1988,roadless,3,11.312612999999999
California,1988,roadless,4,7.216137
California,1988,roadless,5,0.029736000000000002
California,1988,roadless,6,0.0
California,1988,wilderness,0,0.0
California,1988,wilderness,1,5.414706
California,1988,wilderness,2,11.909421
California,1988,wilderness,3,7.396541999999999
California,1988,wilderness,4,7.328078999999999
California,1988,wilderness,5,0.045576
California,1988,wilderness,6,0.1566
California,1989,roaded,0,0.0
California,1989,roaded,1,16.468587
California,1989,roaded,2,26.100647999999996
California,1989,roaded,3,25.460072999999998
California,1989,roaded,4,14.919497999999999
California,1989,roaded,5,0.5149170000000001
California,1989,roaded,6,0.7472610000000001
California,1989,roadless,0,0.0
California,1989,roadless,1,2.314971
California,1989,roadless,2,5.296976999999999
California,1989,roadless,3,7.080083999999999
California,1989,roadless,4,9.176949
California,1989,roadless,5,0.0018
California,1989,roadless,6,0.023399999999999997
California,1989,wilderness,0,0.0
California,1989,wilderness,1,2.953485
California,1989,wilderness,2,3.4686900000000005
California,1989,wilderness,3,5.505534
California,1989,wilderness,4,22.920408
California,1989,wilderness,5,0.0342
California,1989,wilderness,6,0.0
California,1990,roaded,0,0.0
California,1990,roaded,1,21.523743
California,1990,roaded,2,33.935949
California,1990,roaded,3,31.784876999999998
California,1990,roaded,4,45.001449
California,1990,roaded,5,0.31535099999999994
California,1990,roaded,6,0.0
California,1990,roadless,0,0.0
California,1990,roadless,1,4.397336999999999
California,1990,roadless,2,6.857531999999999
California,1990,roadless,3,8.46027
California,1990,roadless,4,20.847456
California,1990,roadless,5,0.06114599999999999
California,1990,roadless,6,0.0
California,1990,wilderness,0,0.0
California,1990,wilderness,1,7.265961
California,1990,wilderness,2,11.983284
California,1990,wilderness,3,7.411797
California,1990,wilderness,4,5.871582
California,1990,wilderness,5,0.030375
California,1990,wilderness,6,0.0
California,1991,roaded,0,0.0
California,1991,roaded,1,1.12086
California,1991,roaded,2,2.35818
California,1991,roaded,3,3.490614
California,1991,roaded,4,3.243537
California,1991,roaded,5,0.009000000000000001
California,1991,roaded,6,0.0
California,1991,roadless,0,0.0
California,1991,roadless,1,0.027333
California,1991,roadless,2,0.023399999999999997
California,1991,roadless,3,0.086364
California,1991,roadless,4,0.379197
California,1991,roadless,5,0.0009
California,1991,roadless,6,0.0
California,1991,wilderness,0,0.0
California,1991,wilderness,1,0.11041199999999998
California,1991,wilderness,2,0.045747
California,1991,wilderness,3,0.078822
California,1991,wilderness,4,0.11766599999999999
California,1991,wilderness,5,0.0063
California,1991,wilderness,6,0.0
California,1992,roaded,0,0.0
California,1992,roaded,1,13.487706000000001
California,1992,roaded,2,22.368806999999997
California,1992,roaded,3,31.938119999999998
California,1992,roaded,4,65.01213
California,1992,roaded,5,0.44351999999999997
California,1992,roaded,6,0.0036
California,1992,roadless,0,0.0
California,1992,roadless,1,0.670302
California,1992,roadless,2,1.7051399999999999
California,1992,roadless,3,0.7680239999999999
California,1992,roadless,4,0.764919
California,1992,roadless,5,0.004032
California,1992,roadless,6,0.0
California,1992,wilderness,0,0.0
California,1992,wilderness,1,3.8747970000000005
California,1992,wilderness,2,7.311707999999999
California,1992,wilderness,3,5.3500049999999995
California,1992,wilderness,4,4.8638069999999995
California,1992,wilderness,5,0.026496
California,1992,wilderness,6,0.0
California,1993,roaded,0,0.0
California,1993,roaded,1,10.033056
California,1993,roaded,2,12.214061999999998
California,1993,roaded,3,16.26336
California,1993,roaded,4,7.037856
California,1993,roaded,5,0.0774
California,1993,roaded,6,0.0009
California,1993,roadless,0,0.0
California,1993,roadless,1,3.11904
California,1993,roadless,2,5.303385
California,1993,roadless,3,14.511338999999998
California,1993,roadless,4,5.320818
California,1993,roadless,5,0.1035
California,1993,roadless,6,0.0
California,1993,wilderness,0,0.0
California,1993,wilderness,1,1.527903
California,1993,wilderness,2,3.6463229999999998
California,1993,wilderness,3,7.722881999999999
California,1993,wilderness,4,3.1988879999999993
California,1993,wilderness,5,0.0054
California,1993,wilderness,6,0.0
California,1994,roaded,0,0.0
California,1994,roaded,1,30.088439999999995
California,1994,roaded,2,57.963680999999994
California,1994,roaded,3,66.721212
California,1994,roaded,4,104.239377
California,1994,roaded,5,1.08252
California,1994,roaded,6,1.156491
California,1994,roadless,0,0.0
California,1994,roadless,1,30.986766
California,1994,roadless,2,40.63134599999999
California,1994,roadless,3,23.031171
California,1994,roadless,4,15.992046
California,1994,roadless,5,0.25768800000000003
California,1994,roadless,6,7.657695
California,1994,wilderness,0,0.0
California,1994,wilderness,1,18.743652
California,1994,wilderness,2,19.221453
California,1994,wilderness,3,6.252453
California,1994,wilderness,4,7.321031999999999
California,1994,wilderness,5,0.565695
California,1994,wilderness,6,0.0
California,1995,roaded,0,0.0
California,1995,roaded,1,1.031382
California,1995,roaded,2,1.023912
California,1995,roaded,3,1.2906719999999998
California,1995,roaded,4,4.603743
California,1995,roaded,5,0.027000000000000003
California,1995,roaded,6,0.0
California,1995,roadless,0,0.0
California,1995,roadless,1,2.138823
California,1995,roadless,2,3.1657409999999997
California,1995,roadless,3,1.1780549999999999
California,1995,roadless,4,1.4853689999999997
California,1995,roadless,5,0.0603
California,1995,roadless,6,0.0
California,1995,wilderness,0,0.0
California,1995,wilderness,1,0.273024
California,1995,wilderness,2,0.259749
California,1995,wilderness,3,0.23642999999999997
California,1995,wilderness,4,0.17792100000000002
California,1995,wilderness,5,0.0063
California,1995,wilderness,6,0.0
California,1996,roaded,0,0.0
California,1996,roaded,1,49.192875
California,1996,roaded,2,70.700787
California,1996,roaded,3,101.878668
California,1996,roaded,4,94.51455299999999
California,1996,roaded,5,0.08071199999999999
California,1996,roaded,6,0.0
California,1996,roadless,0,0.0
California,1996,roadless,1,8.119809
California,1996,roadless,2,14.964407999999999
California,1996,roadless,3,25.291466999999997
California,1996,roadless,4,14.920272
California,1996,roadless,5,0.08668799999999999
California,1996,roadless,6,0.0
California,1996,wilderness,0,0.0
California,1996,wilderness,1,15.073281
California,1996,wilderness,2,11.186297999999999
California,1996,wilderness,3,19.054791
California,1996,wilderness,4,21.462147
California,1996,wilderness,5,0.011699999999999999
California,1996,wilderness,6,0.4986
California,1997,roaded,0,0.0
California,1997,roaded,1,7.62939
California,1997,roaded,2,9.47421
California,1997,roaded,3,9.792945
California,1997,roaded,4,3.271761
California,1997,roaded,5,0.11979
California,1997,roaded,6,0.061200000000000004
California,1997,roadless,0,0.0
California,1997,roadless,1,4.612005
California,1997,roadless,2,5.905700999999999
California,1997,roadless,3,7.958817
California,1997,roadless,4,7.936406999999999
California,1997,roadless,5,0.25910999999999995
California,1997,roadless,6,0.0
California,1997,wilderness,0,0.0
California,1997,wilderness,1,10.204028999999998
California,1997,wilderness,2,17.863515
California,1997,wilderness,3,28.135422
California,1997,wilderness,4,35.264889000000004
California,1997,wilderness,5,0.727524
California,1997,wilderness,6,0.0
California,1998,roaded,0,0.0
California,1998,roaded,1,1.344249
California,1998,roaded,2,1.718226
California,1998,roaded,3,1.427517
California,1998,roaded,4,0.228825
California,1998,roaded,5,0.0171
California,1998,roaded,6,0.0
California,1998,roadless,0,0.0
California,1998,roadless,1,1.8013139999999999
California,1998,roadless,2,0.501444
California,1998,roadless,3,1.2315779999999998
California,1998,roadless,4,3.5191619999999997
California,1998,roadless,5,0.0108
California,1998,roadless,6,0.0
California,1998,wilderness,0,0.0
California,1998,wilderness,1,0.250866
California,1998,wilderness,2,0.218556
California,1998,wilderness,3,0.320805
California,1998,wilderness,4,0.29391300000000004
California,1998,wilderness,5,0.0009
California,1998,wilderness,6,0.0
California,1999,roaded,0,0.0
California,1999,roaded,1,122.70234599999999
California,1999,roaded,2,216.49025699999999
California,1999,roaded,3,118.27526399999999
California,1999,roaded,4,76.098078
California,1999,roaded,5,1.211274
California,1999,roaded,6,0.127449
California,1999,roadless,0,0.0
California,1999,roadless,1,48.254228999999995
California,1999,roadless,2,92.712672
California,1999,roadless,3,39.553164
California,1999,roadless,4,34.382007
California,1999,roadless,5,0.31183199999999994
California,1999,roadless,6,0.447237
California,1999,wilderness,0,0.0
California,1999,wilderness,1,63.680733000000004
California,1999,wilderness,2,238.02966899999998
California,1999,wilderness,3,145.229877
California,1999,wilderness,4,83.19023099999998
California,1999,wilderness,5,2.787264
California,1999,wilderness,6,0.0009
California,2000,roaded,0,0.0
California,2000,roaded,1,19.445418
California,2000,roaded,2,28.094309999999997
California,2000,roaded,3,17.967653999999996
California,2000,roaded,4,11.847887999999998
California,2000,roaded,5,0.118638
California,2000,roaded,6,0.0
California,2000,roadless,0,0.0
California,2000,roadless,1,20.098844999999997
California,2000,roadless,2,32.180139
California,2000,roadless,3,22.629285
California,2000,roadless,4,29.795615999999995
California,2000,roadless,5,0.0216
California,2000,roadless,6,0.0
California,2000,wilderness,0,0.0
California,2000,wilderness,1,15.645699
California,2000,wilderness,2,30.539672999999997
California,2000,wilderness,3,42.761781
California,2000,wilderness,4,46.26108899999999
California,2000,wilderness,5,0.027953999999999993
California,2000,wilderness,6,0.0
California,2001,roaded,0,0.0
California,2001,roaded,1,57.857202
California,2001,roaded,2,78.45748199999998
California,2001,roaded,3,71.187201
California,2001,roaded,4,62.152425
California,2001,roaded,5,0.3825
California,2001,roaded,6,0.1791
California,2001,roadless,0,0.0
California,2001,roadless,1,11.164562999999998
California,2001,roadless,2,16.952229
California,2001,roadless,3,13.277853
California,2001,roadless,4,11.305755
California,2001,roadless,5,0.0072
California,2001,roadless,6,0.0
California,2001,wilderness,0,0.0
California,2001,wilderness,1,13.885506
California,2001,wilderness,2,24.205463999999996
California,2001,wilderness,3,17.704314
California,2001,wilderness,4,14.916248999999999
California,2001,wilderness,5,0.09359999999999999
California,2001,wilderness,6,0.0
California,2002,roaded,0,0.0
California,2002,roaded,1,38.593196999999996
California,2002,roaded,2,73.425924
California,2002,roaded,3,81.955944
California,2002,roaded,4,60.426503999999994
California,2002,roaded,5,1.024299
California,2002,roaded,6,0.12960000000000002
California,2002,roadless,0,0.0
California,2002,roadless,1,35.021907
California,2002,roadless,2,66.332277
California,2002,roadless,3,117.71357400000001
California,2002,roadless,4,119.21589
California,2002,roadless,5,0.41969700000000004
California,2002,roadless,6,0.0
California,2002,wilderness,0,0.0
California,2002,wilderness,1,16.202951999999996
California,2002,wilderness,2,45.373265999999994
California,2002,wilderness,3,43.910199000000006
California,2002,wilderness,4,53.329986
California,2002,wilderness,5,0.125604
California,2002,wilderness,6,0.0
California,2003,roaded,0,0.0
California,2003,roaded,1,31.235076
California,2003,roaded,2,50.543333999999994
California,2003,roaded,3,83.44962
California,2003,roaded,4,168.43563000000003
California,2003,roaded,5,0.7314569999999999
California,2003,roaded,6,0.0
California,2003,roadless,0,0.0
California,2003,roadless,1,15.297453
California,2003,roadless,2,30.235760999999997
California,2003,roadless,3,59.943096
California,2003,roadless,4,72.34722
California,2003,roadless,5,0.24002099999999998
California,2003,roadless,6,0.0009
California,2003,wilderness,0,0.0
California,2003,wilderness,1,25.658091
California,2003,wilderness,2,31.069404
California,2003,wilderness,3,22.406913
California,2003,wilderness,4,38.332854
California,2003,wilderness,5,0.082287
California,2003,wilderness,6,0.0432
California,2004,roaded,0,0.0
California,2004,roaded,1,22.549076999999997
California,2004,roaded,2,42.709112999999995
California,2004,roaded,3,46.35632699999999
California,2004,roaded,4,52.099299
California,2004,roaded,5,0.40950000000000003
California,2004,roaded,6,0.001449
California,2004,roadless,0,0.0
California,2004,roadless,1,1.3544549999999997
California,2004,roadless,2,2.164041
California,2004,roadless,3,3.8850569999999998
California,2004,roadless,4,4.095477
California,2004,roadless,5,0.06570000000000001
California,2004,roadless,6,0.0
California,2004,wilderness,0,0.0
California,2004,wilderness,1,0.9311129999999999
California,2004,wilderness,2,1.326969
California,2004,wilderness,3,1.683954
California,2004,wilderness,4,2.297961
California,2004,wilderness,5,0.0045000000000000005
California,2004,wilderness,6,0.0
California,2005,roaded,0,0.0
California,2005,roaded,1,2.124936
California,2005,roaded,2,5.284386
California,2005,roaded,3,3.2351219999999996
California,2005,roaded,4,3.997971
California,2005,roaded,5,0.0036
California,2005,roaded,6,0.045899999999999996
California,2005,roadless,0,0.0
California,2005,roadless,1,0.190323
California,2005,roadless,2,0.10439099999999998
California,2005,roadless,3,0.077949
California,2005,roadless,4,0.11216699999999998
California,2005,roadless,5,0.0009
California,2005,roadless,6,0.0
California,2005,wilderness,0,0.0
California,2005,wilderness,1,9.346455
California,2005,wilderness,2,8.608554
California,2005,wilderness,3,3.8927069999999997
California,2005,wilderness,4,2.557881
California,2005,wilderness,5,0.0414
California,2005,wilderness,6,0.0
California,2006,roaded,0,0.0
California,2006,roaded,1,59.312169
California,2006,roaded,2,88.025301
California,2006,roaded,3,41.678262
California,2006,roaded,4,26.681724
California,2006,roaded,5,0.14979599999999998
California,2006,roaded,6,0.0
California,2006,roadless,0,0.0
California,2006,roadless,1,32.221385999999995
California,2006,roadless,2,57.471966
California,2006,roadless,3,48.785454
California,2006,roadless,4,27.194832
California,2006,roadless,5,0.042885
California,2006,roadless,6,0.0
California,2006,wilderness,0,0.0
California,2006,wilderness,1,158.982813
California,2006,wilderness,2,230.978835
California,2006,wilderness,3,156.55171499999997
California,2006,wilderness,4,146.906073
California,2006,wilderness,5,0.539019
California,2006,wilderness,6,0.0045000000000000005
California,2007,roaded,0,0.0
California,2007,roaded,1,78.62600699999999
California,2007,roaded,2,148.276872
California,2007,roaded,3,180.49293
California,2007,roaded,4,247.21201799999994
California,2007,roaded,5,1.6371269999999998
California,2007,roaded,6,0.12960000000000002
California,2007,roadless,0,0.0
California,2007,roadless,1,8.324289
California,2007,roadless,2,10.023876
California,2007,roadless,3,14.846417999999998
California,2007,roadless,4,130.631526
California,2007,roadless,5,0.10467
California,2007,roadless,6,0.0
California,2007,wilderness,0,0.0
California,2007,wilderness,1,20.338028999999995
California,2007,wilderness,2,23.314068
California,2007,wilderness,3,34.89516
California,2007,wilderness,4,298.319913
California,2007,wilderness,5,0.160929
California,2007,wilderness,6,0.0
California,2008,roaded,0,0.0
California,2008,roaded,1,305.115192
California,2008,roaded,2,391.83642
California,2008,roaded,3,279.72890099999995
California,2008,roaded,4,205.931214
California,2008,roaded,5,2.9639699999999998
California,2008,roaded,6,0.8104679999999999
California,2008,roadless,0,0.0
California,2008,roadless,1,194.126175
California,2008,roadless,2,207.141993
California,2008,roadless,3,158.637825
California,2008,roadless,4,142.581402
California,2008,roadless,5,0.9568979999999999
California,2008,roadless,6,1.6578899999999999
California,2008,wilderness,0,0.0
California,2008,wilderness,1,413.1011429999999
California,2008,wilderness,2,382.10609700000003
California,2008,wilderness,3,329.620779
California,2008,wilderness,4,276.99903
California,2008,wilderness,5,1.847934
California,2008,wilderness,6,3.1005000000000003
California,2009,roaded,0,0.0
California,2009,roaded,1,50.49824400000001
California,2009,roaded,2,98.07040799999999
California,2009,roaded,3,132.195312
California,2009,roaded,4,146.889144
California,2009,roaded,5,1.656351
California,2009,roaded,6,0.0
California,2009,roadless,0,0.0
California,2009,roadless,1,5.303538
California,2009,roadless,2,12.715775999999998
California,2009,roadless,3,26.350289999999994
California,2009,roadless,4,42.349869
California,2009,roadless,5,0.800262
California,2009,roadless,6,0.0
California,2009,wilderness,0,0.0
California,2009,wilderness,1,13.250862
California,2009,wilderness,2,29.767932000000002
California,2009,wilderness,3,55.826847
California,2009,wilderness,4,44.864874
California,2009,wilderness,5,1.5192089999999998
California,2009,wilderness,6,0.0
California,2010,roaded,0,0.0
California,2010,roaded,1,4.187403
California,2010,roaded,2,5.646375000000001
California,2010,roaded,3,2.467404
California,2010,roaded,4,1.9499669999999998
California,2010,roaded,5,0.079236
California,2010,roaded,6,0.0
California,2010,roadless,0,0.0
California,2010,roadless,1,5.886882000000001
California,2010,roadless,2,5.791671
California,2010,roadless,3,3.9840839999999997
California,2010,roadless,4,4.149828
California,2010,roadless,5,0.026945999999999998
California,2010,roadless,6,0.0
California,2010,wilderness,0,0.0
California,2010,wilderness,1,4.070690999999999
California,2010,wilderness,2,8.085816
California,2010,wilderness,3,5.254686
California,2010,wilderness,4,1.5506369999999998
California,2010,wilderness,5,0.045
California,2010,wilderness,6,0.0
California,2011,roaded,0,0.0
California,2011,roaded,1,1.082025
California,2011,roaded,2,4.576401
California,2011,roaded,3,3.8982599999999996
California,2011,roaded,4,2.471481
California,2011,roaded,5,0.018557999999999998
California,2011,roaded,6,2.60046
California,2011,roadless,0,0.0
California,2011,roadless,1,0.15354900000000002
California,2011,roadless,2,0.607509
California,2011,roadless,3,0.58824
California,2011,roadless,4,0.386919
California,2011,roadless,5,0.012941999999999999
California,2011,roadless,6,0.606582
California,2011,wilderness,0,0.0
California,2011,wilderness,1,11.564900999999999
California,2011,wilderness,2,19.267263
California,2011,wilderness,3,6.0039
California,2011,wilderness,4,3.4794
California,2011,wilderness,5,0.23399999999999999
California,2011,wilderness,6,18.542961
California,2012,roaded,0,0.0
California,2012,roaded,1,59.981211
California,2012,roaded,2,222.04131299999997
California,2012,roaded,3,170.805042
California,2012,roaded,4,159.789015
California,2012,roaded,5,0.184491
California,2012,roaded,6,0.3375
California,2012,roadless,0,0.0
California,2012,roadless,1,20.447334
California,2012,roadless,2,92.60993699999999
California,2012,roadless,3,70.18870499999998
California,2012,roadless,4,34.121205
California,2012,roadless,5,0.054549
California,2012,roadless,6,0.7001999999999999
California,2012,wilderness,0,0.0
California,2012,wilderness,1,11.321541
California,2012,wilderness,2,25.473546000000002
California,2012,wilderness,3,17.333603999999998
California,2012,wilderness,4,15.165683999999999
California,2012,wilderness,5,0.009000000000000001
California,2012,wilderness,6,0.0
California,2013,roaded,0,0.0
California,2013,roaded,1,106.99841699999999
California,2013,roaded,2,259.752924
California,2013,roaded,3,238.607172
California,2013,roaded,4,189.203013
California,2013,roaded,5,0.932238
California,2013,roaded,6,1.1603789999999998
California,2013,roadless,0,0.0
California,2013,roadless,1,16.623441
California,2013,roadless,2,66.100752
California,2013,roadless,3,57.08408399999999
California,2013,roadless,4,49.119246
California,2013,roadless,5,0.23346
California,2013,roadless,6,0.0
California,2013,wilderness,0,0.0
California,2013,wilderness,1,18.184185
California,2013,wilderness,2,30.073058999999997
California,2013,wilderness,3,25.747722
California,2013,wilderness,4,36.111789
California,2013,wilderness,5,0.06780599999999999
California,2013,wilderness,6,0.0
California,2014,roaded,0,0.0
California,2014,roaded,1,79.401006
California,2014,roaded,2,280.33294499999994
California,2014,roaded,3,286.970679
California,2014,roaded,4,362.860794
California,2014,roaded,5,0.779166
California,2014,roaded,6,0.727101
California,2014,roadless,0,0.0
California,2014,roadless,1,15.266375999999998
California,2014,roadless,2,53.755208999999994
California,2014,roadless,3,48.971106
California,2014,roadless,4,89.66503800000001
California,2014,roadless,5,0.039474
California,2014,roadless,6,0.0
California,2014,wilderness,0,0.0
California,2014,wilderness,1,25.624899
California,2014,wilderness,2,61.426818
California,2014,wilderness,3,39.049127999999996
California,2014,wilderness,4,50.458310999999995
California,2014,wilderness,5,0.036126
California,2014,wilderness,6,0.0369
California,2015,roaded,0,0.0
California,2015,roaded,1,129.07608299999998
California,2015,roaded,2,324.329103
California,2015,roaded,3,197.359443
California,2015,roaded,4,160.024869
California,2015,roaded,5,0.8332289999999999
California,2015,roaded,6,0.09630000000000001
California,2015,roadless,0,0.0
California,2015,roadless,1,70.114572
California,2015,roadless,2,156.985965
California,2015,roadless,3,103.090482
California,2015,roadless,4,65.869209
California,2015,roadless,5,1.023444
California,2015,roadless,6,0.0
California,2015,wilderness,0,0.0
California,2015,wilderness,1,70.36141500000001
California,2015,wilderness,2,169.903872
California,2015,wilderness,3,109.18475099999999
California,2015,wilderness,4,70.508376
California,2015,wilderness,5,1.2447270000000001
California,2015,wilderness,6,0.009899999999999999
California,2016,roaded,0,0.0
California,2016,roaded,1,49.02992999999999
California,2016,roaded,2,124.82037
California,2016,roaded,3,92.057175
California,2016,roaded,4,100.97720100000001
California,2016,roaded,5,1.082835
California,2016,roaded,6,0.0027
California,2016,roadless,0,0.0
California,2016,roadless,1,13.722488999999998
California,2016,roadless,2,25.305156
California,2016,roadless,3,44.820801
California,2016,roadless,4,26.542107
California,2016,roadless,5,0.500031
California,2016,roadless,6,0.0
California,2016,wilderness,0,0.0
California,2016,wilderness,1,54.267407999999996
California,2016,wilderness,2,148.41145799999998
California,2016,wilderness,3,97.82344799999998
California,2016,wilderness,4,18.954468
California,2016,wilderness,5,0.804744
California,2016,wilderness,6,0.00040500000000000003
California,2017,roaded,0,0.0
California,2017,roaded,1,77.565951
California,2017,roaded,2,249.530202
California,2017,roaded,3,227.248425
California,2017,roaded,4,83.70078299999999
California,2017,roaded,5,1.7126730000000001
California,2017,roaded,6,0.07703099999999999
California,2017,roadless,0,0.0
California,2017,roadless,1,64.291158
California,2017,roadless,2,174.721077
California,2017,roadless,3,205.855479
California,2017,roadless,4,66.512151
California,2017,roadless,5,0.771957
California,2017,roadless,6,0.795771
California,2017,wilderness,0,0.0
California,2017,wilderness,1,113.988591
California,2017,wilderness,2,278.91358199999996
California,2017,wilderness,3,200.497284
California,2017,wilderness,4,84.265137
California,2017,wilderness,5,0.287604
California,2017,wilderness,6,1.7686979999999999
California,2018,roaded,0,0.0
California,2018,roaded,1,123.10010999999999
California,2018,roaded,2,550.230156
California,2018,roaded,3,534.695643
California,2018,roaded,4,408.79499400000003
California,2018,roaded,5,1.4669999999999999
California,2018,roaded,6,3.089205
California,2018,roadless,0,0.0
California,2018,roadless,1,48.570758999999995
California,2018,roadless,2,175.572675
California,2018,roadless,3,130.261392
California,2018,roadless,4,82.522449
California,2018,roadless,5,0.230841
California,2018,roadless,6,0.8449199999999999
California,2018,wilderness,0,0.0
California,2018,wilderness,1,65.85461099999999
California,2018,wilderness,2,101.33606699999999
California,2018,wilderness,3,84.007701
California,2018,wilderness,4,68.02976699999999
California,2018,wilderness,5,1.3103459999999998
California,2018,wilderness,6,0.3159
California,2019,roaded,0,0.0
California,2019,roaded,1,40.500251999999996
California,2019,roaded,2,95.967495
California,2019,roaded,3,53.891397
California,2019,roaded,4,33.794495999999995
California,2019,roaded,5,1.1225969999999998
California,2019,roaded,6,0.21960000000000002
California,2019,roadless,0,0.0
California,2019,roadless,1,1.9817369999999999
California,2019,roadless,2,5.603076
California,2019,roadless,3,4.032900000000001
California,2019,roadless,4,0.24137999999999998
California,2019,roadless,5,0.0
California,2019,roadless,6,0.0108
California,2019,wilderness,0,0.0
California,2019,wilderness,1,4.784445
California,2019,wilderness,2,10.976444999999998
California,2019,wilderness,3,4.197105
California,2019,wilderness,4,1.2897899999999998
California,2019,wilderness,5,0.0288
California,2019,wilderness,6,0.027000000000000003
California,2020,roaded,0,0.0
California,2020,roaded,1,365.017518
California,2020,roaded,2,1318.290624
California,2020,roaded,3,1259.482599
California,2020,roaded,4,1641.6734940000001
California,2020,roaded,5,0.677556
California,2020,roaded,6,0.8548739999999999
California,2020,roadless,0,0.0
California,2020,roadless,1,77.56851599999999
California,2020,roadless,2,258.815736
California,2020,roadless,3,250.77924
California,2020,roadless,4,284.554242
California,2020,roadless,5,0.047258999999999995
California,2020,roadless,6,0.7093259999999999
California,2020,wilderness,0,0.0
California,2020,wilderness,1,325.77002999999996
California,2020,wilderness,2,663.573942
California,2020,wilderness,3,509.956956
California,2020,wilderness,4,398.956464
California,2020,wilderness,5,0.523098
California,2020,wilderness,6,0.0909
California,2021,roaded,0,0.0
California,2021,roaded,1,455.50485000000003
California,2021,roaded,2,1479.0055590000002
California,2021,roaded,3,1469.9114280000001
California,2021,roaded,4,1511.442198
California,2021,roaded,5,7.0592939999999995
California,2021,roaded,6,3.918492
California,2021,roadless,0,0.0
California,2021,roadless,1,100.960695
California,2021,roadless,2,273.074652
California,2021,roadless,3,278.820864
California,2021,roadless,4,202.16598299999998
California,2021,roadless,5,2.5768619999999998
California,2021,roadless,6,1.384983
California,2021,wilderness,0,0.0
California,2021,wilderness,1,180.04696199999998
California,2021,wilderness,2,418.99855499999995
California,2021,wilderness,3,311.151231
California,2021,wilderness,4,207.139023
California,2021,wilderness,5,0.5868
California,2021,wilderness,6,2.567313
California,2022,roaded,0,0.0
California,2022,roaded,1,37.680498
California,2022,roaded,2,230.54867099999998
California,2022,roaded,3,160.601031
California,2022,roaded,4,197.766702
California,2022,roaded,5,0.111096
California,2022,roaded,6,0.624204
California,2022,roadless,0,0.0
California,2022,roadless,1,2.5535879999999995
California,2022,roadless,2,18.292887
California,2022,roadless,3,18.350613
California,2022,roadless,4,16.044767999999998
California,2022,roadless,5,0.007145999999999999
California,2022,roadless,6,0.0
California,2022,wilderness,0,0.0
California,2022,wilderness,1,0.095517
California,2022,wilderness,2,0.28017
California,2022,wilderness,3,0.47506499999999996
California,2022,wilderness,4,0.05096699999999999
California,2022,wilderness,5,0.0
California,2022,wilderness,6,0.0
California,2023,roaded,0,0.0
California,2023,roaded,1,72.18416699999999
California,2023,roaded,2,212.44635
California,2023,roaded,3,101.22832799999998
California,2023,roaded,4,79.745949
California,2023,roaded,5,0.207
California,2023,roaded,6,0.1458
California,2023,roadless,0,0.0
California,2023,roadless,1,20.308806
California,2023,roadless,2,73.533681
California,2023,roadless,3,67.780395
California,2023,roadless,4,51.76251
California,2023,roadless,5,0.0063
California,2023,roadless,6,0.0
California,2023,wilderness,0,0.0
California,2023,wilderness,1,8.213967
California,2023,wilderness,2,32.125634999999996
California,2023,wilderness,3,17.646903
California,2023,wilderness,4,10.933911
California,2023,wilderness,5,0.0045000000000000005
California,2023,wilderness,6,0.0
California,2024,roaded,0,0.0
California,2024,roaded,1,0.03465
California,2024,roaded,2,0.092286
California,2024,roaded,3,0.04769999999999999
California,2024,roaded,4,0.34424999999999994
California,2024,roaded,5,0.0
California,2024,roaded,6,0.0
California,2024,roadless,0,0.0
California,2024,roadless,1,0.0
California,2024,roadless,2,0.0
California,2024,roadless,3,0.0
California,2024,roadless,4,0.0
California,2024,roadless,5,0.0
California,2024,roadless,6,0.0
California,2024,wilderness,0,0.0
California,2024,wilderness,1,0.03915
California,2024,wilderness,2,0.09221399999999999
California,2024,wilderness,3,0.036000000000000004
California,2024,wilderness,4,0.07065
California,2024,wilderness,5,0.0
California,2024,wilderness,6,0.0
Colorado,1984,roaded,0,0.0
Colorado,1984,roaded,1,0.5274
Colorado,1984,roaded,2,3.6549
Colorado,1984,roaded,3,1.0647
Colorado,1984,roaded,4,0.15839999999999999
Colorado,1984,roaded,5,0.0
Colorado,1984,roaded,6,0.0
Colorado,1984,roadless,0,0.0
Colorado,1984,roadless,1,0.0
Colorado,1984,roadless,2,0.0
Colorado,1984,roadless,3,0.0
Colorado,1984,roadless,4,0.0
Colorado,1984,roadless,5,0.0
Colorado,1984,roadless,6,0.0
Colorado,1984,wilderness,0,0.0
Colorado,1984,wilderness,1,0.0
Colorado,1984,wilderness,2,0.0
Colorado,1984,wilderness,3,0.0
Colorado,1984,wilderness,4,0.0
Colorado,1984,wilderness,5,0.0
Colorado,1984,wilderness,6,0.0
Colorado,1985,roaded,0,0.0
Colorado,1985,roaded,1,0.0
Colorado,1985,roaded,2,0.0
Colorado,1985,roaded,3,0.0
Colorado,1985,roaded,4,0.0
Colorado,1985,roaded,5,0.0
Colorado,1985,roaded,6,0.0
Colorado,1985,roadless,0,0.0
Colorado,1985,roadless,1,0.0
Colorado,1985,roadless,2,0.0
Colorado,1985,roadless,3,0.0
Colorado,1985,roadless,4,0.0
Colorado,1985,roadless,5,0.0
Colorado,1985,roadless,6,0.0
Colorado,1985,wilderness,0,0.0
Colorado,1985,wilderness,1,0.0
Colorado,1985,wilderness,2,0.0
Colorado,1985,wilderness,3,0.0
Colorado,1985,wilderness,4,0.0
Colorado,1985,wilderness,5,0.0
Colorado,1985,wilderness,6,0.0
Colorado,1986,roaded,0,0.0
Colorado,1986,roaded,1,0.0
Colorado,1986,roaded,2,0.0
Colorado,1986,roaded,3,0.0
Colorado,1986,roaded,4,0.0
Colorado,1986,roaded,5,0.0
Colorado,1986,roaded,6,0.0
Colorado,1986,roadless,0,0.0
Colorado,1986,roadless,1,0.0
Colorado,1986,roadless,2,0.0
Colorado,1986,roadless,3,0.0
Colorado,1986,roadless,4,0.0
Colorado,1986,roadless,5,0.0
Colorado,1986,roadless,6,0.0
Colorado,1986,wilderness,0,0.0
Colorado,1986,wilderness,1,0.0
Colorado,1986,wilderness,2,0.0
Colorado,1986,wilderness,3,0.0
Colorado,1986,wilderness,4,0.0
Colorado,1986,wilderness,5,0.0
Colorado,1986,wilderness,6,0.0
Colorado,1987,roaded,0,0.0
Colorado,1987,roaded,1,0.0
Colorado,1987,roaded,2,0.0
Colorado,1987,roaded,3,0.0
Colorado,1987,roaded,4,0.0
Colorado,1987,roaded,5,0.0
Colorado,1987,roaded,6,0.0
Colorado,1987,roadless,0,0.0
Colorado,1987,roadless,1,0.0
Colorado,1987,roadless,2,0.0
Colorado,1987,roadless,3,0.0
Colorado,1987,roadless,4,0.0
Colorado,1987,roadless,5,0.0
Colorado,1987,roadless,6,0.0
Colorado,1987,wilderness,0,0.0
Colorado,1987,wilderness,1,0.0
Colorado,1987,wilderness,2,0.0
Colorado,1987,wilderness,3,0.0
Colorado,1987,wilderness,4,0.0
Colorado,1987,wilderness,5,0.0
Colorado,1987,wilderness,6,0.0
Colorado,1988,roaded,0,0.0
Colorado,1988,roaded,1,3.401127
Colorado,1988,roaded,2,4.4397269999999995
Colorado,1988,roaded,3,3.1762349999999997
Colorado,1988,roaded,4,4.3131330000000005
Colorado,1988,roaded,5,0.0045000000000000005
Colorado,1988,roaded,6,0.0
Colorado,1988,roadless,0,0.0
Colorado,1988,roadless,1,0.335214
Colorado,1988,roadless,2,0.166797
Colorado,1988,roadless,3,0.26261999999999996
Colorado,1988,roadless,4,0.38496600000000003
Colorado,1988,roadless,5,0.0
Colorado,1988,roadless,6,0.0
Colorado,1988,wilderness,0,0.0
Colorado,1988,wilderness,1,0.548514
Colorado,1988,wilderness,2,0.105426
Colorado,1988,wilderness,3,0.14906699999999998
Colorado,1988,wilderness,4,0.16694099999999998
Colorado,1988,wilderness,5,0.0
Colorado,1988,wilderness,6,0.0
Colorado,1989,roaded,0,0.0
Colorado,1989,roaded,1,2.5848
Colorado,1989,roaded,2,3.039336
Colorado,1989,roaded,3,1.895454
Colorado,1989,roaded,4,0.327906
Colorado,1989,roaded,5,0.046799999999999994
Colorado,1989,roaded,6,0.8523000000000001
Colorado,1989,roadless,0,0.0
Colorado,1989,roadless,1,0.107874
Colorado,1989,roadless,2,0.103842
Colorado,1989,roadless,3,0.134073
Colorado,1989,roadless,4,0.00315
Colorado,1989,roadless,5,0.0027
Colorado,1989,roadless,6,0.0
Colorado,1989,wilderness,0,0.0
Colorado,1989,wilderness,1,0.0
Colorado,1989,wilderness,2,0.0
Colorado,1989,wilderness,3,0.0
Colorado,1989,wilderness,4,0.0
Colorado,1989,wilderness,5,0.0
Colorado,1989,wilderness,6,0.0
Colorado,1990,roaded,0,0.0
Colorado,1990,roaded,1,1.227285
Colorado,1990,roaded,2,3.9223979999999994
Colorado,1990,roaded,3,5.632821
Colorado,1990,roaded,4,2.5655669999999997
Colorado,1990,roaded,5,0.0018
Colorado,1990,roaded,6,0.7443000000000001
Colorado,1990,roadless,0,0.0
Colorado,1990,roadless,1,0.010188
Colorado,1990,roadless,2,0.016425000000000002
Colorado,1990,roadless,3,0.10535399999999999
Colorado,1990,roadless,4,0.024848999999999996
Colorado,1990,roadless,5,0.0
Colorado,1990,roadless,6,0.0
Colorado,1990,wilderness,0,0.0
Colorado,1990,wilderness,1,0.0
Colorado,1990,wilderness,2,0.0
Colorado,1990,wilderness,3,0.0
Colorado,1990,wilderness,4,0.0
Colorado,1990,wilderness,5,0.0
Colorado,1990,wilderness,6,0.0
Colorado,1991,roaded,0,0.0
Colorado,1991,roaded,1,0.0
Colorado,1991,roaded,2,0.0
Colorado,1991,roaded,3,0.0
Colorado,1991,roaded,4,0.0
Colorado,1991,roaded,5,0.0
Colorado,1991,roaded,6,0.0
Colorado,1991,roadless,0,0.0
Colorado,1991,roadless,1,0.0
Colorado,1991,roadless,2,0.0
Colorado,1991,roadless,3,0.0
Colorado,1991,roadless,4,0.0
Colorado,1991,roadless,5,0.0
Colorado,1991,roadless,6,0.0
Colorado,1991,wilderness,0,0.0
Colorado,1991,wilderness,1,0.0
Colorado,1991,wilderness,2,0.0
Colorado,1991,wilderness,3,0.0
Colorado,1991,wilderness,4,0.0
Colorado,1991,wilderness,5,0.0
Colorado,1991,wilderness,6,0.0
Colorado,1992,roaded,0,0.0
Colorado,1992,roaded,1,0.0
Colorado,1992,roaded,2,0.0
Colorado,1992,roaded,3,0.0
Colorado,1992,roaded,4,0.0
Colorado,1992,roaded,5,0.0
Colorado,1992,roaded,6,0.0
Colorado,1992,roadless,0,0.0
Colorado,1992,roadless,1,0.0
Colorado,1992,roadless,2,0.0
Colorado,1992,roadless,3,0.0
Colorado,1992,roadless,4,0.0
Colorado,1992,roadless,5,0.0
Colorado,1992,roadless,6,0.0
Colorado,1992,wilderness,0,0.0
Colorado,1992,wilderness,1,0.0
Colorado,1992,wilderness,2,0.0
Colorado,1992,wilderness,3,0.0
Colorado,1992,wilderness,4,0.0
Colorado,1992,wilderness,5,0.0
Colorado,1992,wilderness,6,0.0
Colorado,1993,roaded,0,0.0
Colorado,1993,roaded,1,0.0
Colorado,1993,roaded,2,0.0
Colorado,1993,roaded,3,0.0
Colorado,1993,roaded,4,0.0
Colorado,1993,roaded,5,0.0
Colorado,1993,roaded,6,0.0
Colorado,1993,roadless,0,0.0
Colorado,1993,roadless,1,0.0
Colorado,1993,roadless,2,0.0
Colorado,1993,roadless,3,0.0
Colorado,1993,roadless,4,0.0
Colorado,1993,roadless,5,0.0
Colorado,1993,roadless,6,0.0
Colorado,1993,wilderness,0,0.0
Colorado,1993,wilderness,1,0.0
Colorado,1993,wilderness,2,0.0
Colorado,1993,wilderness,3,0.0
Colorado,1993,wilderness,4,0.0
Colorado,1993,wilderness,5,0.0
Colorado,1993,wilderness,6,0.0
Colorado,1994,roaded,0,0.0
Colorado,1994,roaded,1,0.161325
Colorado,1994,roaded,2,0.13843799999999998
Colorado,1994,roaded,3,0.091998
Colorado,1994,roaded,4,0.012941999999999999
Colorado,1994,roaded,5,0.0027
Colorado,1994,roaded,6,0.0
Colorado,1994,roadless,0,0.0
Colorado,1994,roadless,1,1.533294
Colorado,1994,roadless,2,1.5859979999999998
Colorado,1994,roadless,3,1.589076
Colorado,1994,roadless,4,2.748447
Colorado,1994,roadless,5,0.051966
Colorado,1994,roadless,6,0.0
Colorado,1994,wilderness,0,0.0
Colorado,1994,wilderness,1,1.0289609999999998
Colorado,1994,wilderness,2,1.3433490000000001
Colorado,1994,wilderness,3,1.233126
Colorado,1994,wilderness,4,1.635111
Colorado,1994,wilderness,5,0.039833999999999994
Colorado,1994,wilderness,6,0.0
Colorado,1995,roaded,0,0.0
Colorado,1995,roaded,1,0.0
Colorado,1995,roaded,2,0.0
Colorado,1995,roaded,3,0.0
Colorado,1995,roaded,4,0.0
Colorado,1995,roaded,5,0.0
Colorado,1995,roaded,6,0.0
Colorado,1995,roadless,0,0.0
Colorado,1995,roadless,1,0.0
Colorado,1995,roadless,2,0.0
Colorado,1995,roadless,3,0.0
Colorado,1995,roadless,4,0.0
Colorado,1995,roadless,5,0.0
Colorado,1995,roadless,6,0.0
Colorado,1995,wilderness,0,0.0
Colorado,1995,wilderness,1,0.0
Colorado,1995,wilderness,2,0.0
Colorado,1995,wilderness,3,0.0
Colorado,1995,wilderness,4,0.0
Colorado,1995,wilderness,5,0.0
Colorado,1995,wilderness,6,0.0
Colorado,1996,roaded,0,0.0
Colorado,1996,roaded,1,11.947940999999998
Colorado,1996,roaded,2,16.495722
Colorado,1996,roaded,3,25.029819000000003
Colorado,1996,roaded,4,9.740475
Colorado,1996,roaded,5,0.4302
Colorado,1996,roaded,6,0.0
Colorado,1996,roadless,0,0.0
Colorado,1996,roadless,1,0.12749400000000002
Colorado,1996,roadless,2,0.08752499999999999
Colorado,1996,roadless,3,0.007280999999999999
Colorado,1996,roadless,4,0.000225
Colorado,1996,roadless,5,0.0
Colorado,1996,roadless,6,0.0
Colorado,1996,wilderness,0,0.0
Colorado,1996,wilderness,1,0.0
Colorado,1996,wilderness,2,0.0
Colorado,1996,wilderness,3,0.0
Colorado,1996,wilderness,4,0.0
Colorado,1996,wilderness,5,0.0
Colorado,1996,wilderness,6,0.0
Colorado,1997,roaded,0,0.0
Colorado,1997,roaded,1,0.0
Colorado,1997,roaded,2,0.0
Colorado,1997,roaded,3,0.0
Colorado,1997,roaded,4,0.0
Colorado,1997,roaded,5,0.0
Colorado,1997,roaded,6,0.0
Colorado,1997,roadless,0,0.0
Colorado,1997,roadless,1,0.0
Colorado,1997,roadless,2,0.0
Colorado,1997,roadless,3,0.0
Colorado,1997,roadless,4,0.0
Colorado,1997,roadless,5,0.0
Colorado,1997,roadless,6,0.0
Colorado,1997,wilderness,0,0.0
Colorado,1997,wilderness,1,0.0
Colorado,1997,wilderness,2,0.0
Colorado,1997,wilderness,3,0.0
Colorado,1997,wilderness,4,0.0
Colorado,1997,wilderness,5,0.0
Colorado,1997,wilderness,6,0.0
Colorado,1998,roaded,0,0.0
Colorado,1998,roaded,1,0.0
Colorado,1998,roaded,2,0.0
Colorado,1998,roaded,3,0.0
Colorado,1998,roaded,4,0.0
Colorado,1998,roaded,5,0.0
Colorado,1998,roaded,6,0.0
Colorado,1998,roadless,0,0.0
Colorado,1998,roadless,1,0.0
Colorado,1998,roadless,2,0.0
Colorado,1998,roadless,3,0.0
Colorado,1998,roadless,4,0.0
Colorado,1998,roadless,5,0.0
Colorado,1998,roadless,6,0.0
Colorado,1998,wilderness,0,0.0
Colorado,1998,wilderness,1,0.0
Colorado,1998,wilderness,2,0.0
Colorado,1998,wilderness,3,0.0
Colorado,1998,wilderness,4,0.0
Colorado,1998,wilderness,5,0.0
Colorado,1998,wilderness,6,0.0
Colorado,1999,roaded,0,0.0
Colorado,1999,roaded,1,0.4086
Colorado,1999,roaded,2,1.3716
Colorado,1999,roaded,3,0.4203
Colorado,1999,roaded,4,0.013500000000000002
Colorado,1999,roaded,5,0.0072
Colorado,1999,roaded,6,0.0
Colorado,1999,roadless,0,0.0
Colorado,1999,roadless,1,0.0
Colorado,1999,roadless,2,0.0
Colorado,1999,roadless,3,0.0
Colorado,1999,roadless,4,0.0
Colorado,1999,roadless,5,0.0
Colorado,1999,roadless,6,0.0
Colorado,1999,wilderness,0,0.0
Colorado,1999,wilderness,1,0.0
Colorado,1999,wilderness,2,0.0
Colorado,1999,wilderness,3,0.0
Colorado,1999,wilderness,4,0.0
Colorado,1999,wilderness,5,0.0
Colorado,1999,wilderness,6,0.0
Colorado,2000,roaded,0,0.0
Colorado,2000,roaded,1,10.442889000000001
Colorado,2000,roaded,2,19.315872
Colorado,2000,roaded,3,17.080659
Colorado,2000,roaded,4,12.71196
Colorado,2000,roaded,5,0.033056999999999996
Colorado,2000,roaded,6,0.0
Colorado,2000,roadless,0,0.0
Colorado,2000,roadless,1,0.6395040000000001
Colorado,2000,roadless,2,1.8615149999999998
Colorado,2000,roadless,3,2.297061
Colorado,2000,roadless,4,1.2015
Colorado,2000,roadless,5,0.0009
Colorado,2000,roadless,6,0.07919999999999999
Colorado,2000,wilderness,0,0.0
Colorado,2000,wilderness,1,0.0
Colorado,2000,wilderness,2,0.0
Colorado,2000,wilderness,3,0.0
Colorado,2000,wilderness,4,0.0
Colorado,2000,wilderness,5,0.0
Colorado,2000,wilderness,6,0.0
Colorado,2001,roaded,0,0.0
Colorado,2001,roaded,1,1.984635
Colorado,2001,roaded,2,4.6200779999999995
Colorado,2001,roaded,3,2.637252
Colorado,2001,roaded,4,0.740034
Colorado,2001,roaded,5,0.036000000000000004
Colorado,2001,roaded,6,0.0
Colorado,2001,roadless,0,0.0
Colorado,2001,roadless,1,6.254892
Colorado,2001,roadless,2,18.504503999999997
Colorado,2001,roadless,3,1.507266
Colorado,2001,roadless,4,0.21500099999999997
Colorado,2001,roadless,5,0.0045000000000000005
Colorado,2001,roadless,6,0.0
Colorado,2001,wilderness,0,0.0
Colorado,2001,wilderness,1,1.8081
Colorado,2001,wilderness,2,0.7506
Colorado,2001,wilderness,3,1.5957
Colorado,2001,wilderness,4,1.3986
Colorado,2001,wilderness,5,0.018000000000000002
Colorado,2001,wilderness,6,0.0
Colorado,2002,roaded,0,0.0
Colorado,2002,roaded,1,108.70587900000001
Colorado,2002,roaded,2,110.88470699999999
Colorado,2002,roaded,3,151.525251
Colorado,2002,roaded,4,246.891717
Colorado,2002,roaded,5,3.807522
Colorado,2002,roaded,6,3.1026329999999995
Colorado,2002,roadless,0,0.0
Colorado,2002,roadless,1,45.931706999999996
Colorado,2002,roadless,2,54.369035999999994
Colorado,2002,roadless,3,67.45826699999999
Colorado,2002,roadless,4,119.07062099999999
Colorado,2002,roadless,5,2.2860899999999997
Colorado,2002,roadless,6,0.0
Colorado,2002,wilderness,0,0.0
Colorado,2002,wilderness,1,24.821144999999998
Colorado,2002,wilderness,2,28.724084999999995
Colorado,2002,wilderness,3,36.2673
Colorado,2002,wilderness,4,83.27404800000001
Colorado,2002,wilderness,5,0.218574
Colorado,2002,wilderness,6,3.090267
Colorado,2003,roaded,0,0.0
Colorado,2003,roaded,1,2.649015
Colorado,2003,roaded,2,1.97748
Colorado,2003,roaded,3,5.094225
Colorado,2003,roaded,4,5.744556
Colorado,2003,roaded,5,0.09326699999999999
Colorado,2003,roaded,6,0.809541
Colorado,2003,roadless,0,0.0
Colorado,2003,roadless,1,0.016344
Colorado,2003,roadless,2,0.100683
Colorado,2003,roadless,3,0.307071
Colorado,2003,roadless,4,0.198963
Colorado,2003,roadless,5,0.0009
Colorado,2003,roadless,6,0.271935
Colorado,2003,wilderness,0,0.0
Colorado,2003,wilderness,1,0.0279
Colorado,2003,wilderness,2,0.37337399999999993
Colorado,2003,wilderness,3,0.5294519999999999
Colorado,2003,wilderness,4,0.22846500000000003
Colorado,2003,wilderness,5,0.0
Colorado,2003,wilderness,6,1.249524
Colorado,2004,roaded,0,0.0
Colorado,2004,roaded,1,1.080549
Colorado,2004,roaded,2,1.148058
Colorado,2004,roaded,3,0.927072
Colorado,2004,roaded,4,0.5493330000000001
Colorado,2004,roaded,5,0.0018
Colorado,2004,roaded,6,0.0
Colorado,2004,roadless,0,0.0
Colorado,2004,roadless,1,3.1970609999999997
Colorado,2004,roadless,2,6.695900999999999
Colorado,2004,roadless,3,6.982820999999999
Colorado,2004,roadless,4,2.175318
Colorado,2004,roadless,5,0.026099999999999998
Colorado,2004,roadless,6,0.0
Colorado,2004,wilderness,0,0.0
Colorado,2004,wilderness,1,0.0
Colorado,2004,wilderness,2,0.0
Colorado,2004,wilderness,3,0.0
Colorado,2004,wilderness,4,0.0
Colorado,2004,wilderness,5,0.0
Colorado,2004,wilderness,6,0.0
Colorado,2005,roaded,0,0.0
Colorado,2005,roaded,1,3.101769
Colorado,2005,roaded,2,6.615666
Colorado,2005,roaded,3,4.245462
Colorado,2005,roaded,4,1.3599180000000002
Colorado,2005,roaded,5,0.0009
Colorado,2005,roaded,6,0.0
Colorado,2005,roadless,0,0.0
Colorado,2005,roadless,1,2.5918110000000003
Colorado,2005,roadless,2,8.604873
Colorado,2005,roadless,3,11.678472
Colorado,2005,roadless,4,9.369881999999999
Colorado,2005,roadless,5,0.0
Colorado,2005,roadless,6,0.0
Colorado,2005,wilderness,0,0.0
Colorado,2005,wilderness,1,0.0
Colorado,2005,wilderness,2,0.0
Colorado,2005,wilderness,3,0.0
Colorado,2005,wilderness,4,0.0
Colorado,2005,wilderness,5,0.0
Colorado,2005,wilderness,6,0.0
Colorado,2006,roaded,0,0.0
Colorado,2006,roaded,1,0.7093889999999999
Colorado,2006,roaded,2,0.419643
Colorado,2006,roaded,3,1.2553199999999998
Colorado,2006,roaded,4,3.554595
Colorado,2006,roaded,5,0.0018
Colorado,2006,roaded,6,0.0
Colorado,2006,roadless,0,0.0
Colorado,2006,roadless,1,0.0
Colorado,2006,roadless,2,0.0
Colorado,2006,roadless,3,0.0
Colorado,2006,roadless,4,0.0
Colorado,2006,roadless,5,0.0
Colorado,2006,roadless,6,0.0
Colorado,2006,wilderness,0,0.0
Colorado,2006,wilderness,1,0.0
Colorado,2006,wilderness,2,0.0
Colorado,2006,wilderness,3,0.0
Colorado,2006,wilderness,4,0.0
Colorado,2006,wilderness,5,0.0
Colorado,2006,wilderness,6,0.0
Colorado,2007,roaded,0,0.0
Colorado,2007,roaded,1,0.0
Colorado,2007,roaded,2,0.0
Colorado,2007,roaded,3,0.0
Colorado,2007,roaded,4,0.0
Colorado,2007,roaded,5,0.0
Colorado,2007,roaded,6,0.0
Colorado,2007,roadless,0,0.0
Colorado,2007,roadless,1,0.0
Colorado,2007,roadless,2,0.0
Colorado,2007,roadless,3,0.0
Colorado,2007,roadless,4,0.0
Colorado,2007,roadless,5,0.0
Colorado,2007,roadless,6,0.0
Colorado,2007,wilderness,0,0.0
Colorado,2007,wilderness,1,0.0
Colorado,2007,wilderness,2,0.0
Colorado,2007,wilderness,3,0.0
Colorado,2007,wilderness,4,0.0
Colorado,2007,wilderness,5,0.0
Colorado,2007,wilderness,6,0.0
Colorado,2008,roaded,0,0.0
Colorado,2008,roaded,1,0.0
Colorado,2008,roaded,2,0.028125
Colorado,2008,roaded,3,0.0027
Colorado,2008,roaded,4,0.0
Colorado,2008,roaded,5,0.0
Colorado,2008,roaded,6,0.0
Colorado,2008,roadless,0,0.0
Colorado,2008,roadless,1,0.9405
Colorado,2008,roadless,2,2.0457
Colorado,2008,roadless,3,2.2797
Colorado,2008,roadless,4,1.2006000000000001
Colorado,2008,roadless,5,0.0108
Colorado,2008,roadless,6,0.0
Colorado,2008,wilderness,0,0.0
Colorado,2008,wilderness,1,0.0
Colorado,2008,wilderness,2,0.0
Colorado,2008,wilderness,3,0.0
Colorado,2008,wilderness,4,0.0
Colorado,2008,wilderness,5,0.0
Colorado,2008,wilderness,6,0.0
Colorado,2009,roaded,0,0.0
Colorado,2009,roaded,1,8.922771
Colorado,2009,roaded,2,17.404505999999998
Colorado,2009,roaded,3,14.618682000000002
Colorado,2009,roaded,4,9.071739
Colorado,2009,roaded,5,0.5049
Colorado,2009,roaded,6,0.5004
Colorado,2009,roadless,0,0.0
Colorado,2009,roadless,1,0.062073
Colorado,2009,roadless,2,0.39933
Colorado,2009,roadless,3,1.0672920000000001
Colorado,2009,roadless,4,1.106361
Colorado,2009,roadless,5,0.0
Colorado,2009,roadless,6,0.0
Colorado,2009,wilderness,0,0.0
Colorado,2009,wilderness,1,0.0
Colorado,2009,wilderness,2,0.0
Colorado,2009,wilderness,3,0.0
Colorado,2009,wilderness,4,0.0
Colorado,2009,wilderness,5,0.0
Colorado,2009,wilderness,6,0.0
Colorado,2010,roaded,0,0.0
Colorado,2010,roaded,1,4.463226
Colorado,2010,roaded,2,5.686281
Colorado,2010,roaded,3,5.143653
Colorado,2010,roaded,4,2.4309540000000003
Colorado,2010,roaded,5,0.1116
Colorado,2010,roaded,6,2.3453999999999997
Colorado,2010,roadless,0,0.0
Colorado,2010,roadless,1,0.39398399999999995
Colorado,2010,roadless,2,1.102905
Colorado,2010,roadless,3,1.035972
Colorado,2010,roadless,4,0.6883199999999999
Colorado,2010,roadless,5,0.0018
Colorado,2010,roadless,6,0.0
Colorado,2010,wilderness,0,0.0
Colorado,2010,wilderness,1,0.524349
Colorado,2010,wilderness,2,0.765693
Colorado,2010,wilderness,3,0.25879499999999994
Colorado,2010,wilderness,4,0.143091
Colorado,2010,wilderness,5,0.0054
Colorado,2010,wilderness,6,0.0
Colorado,2011,roaded,0,0.0
Colorado,2011,roaded,1,4.111542
Colorado,2011,roaded,2,6.031439999999999
Colorado,2011,roaded,3,5.015736
Colorado,2011,roaded,4,2.5980119999999998
Colorado,2011,roaded,5,0.002304
Colorado,2011,roaded,6,4.3152029999999995
Colorado,2011,roadless,0,0.0
Colorado,2011,roadless,1,0.11466
Colorado,2011,roadless,2,0.29403
Colorado,2011,roadless,3,0.35310600000000003
Colorado,2011,roadless,4,0.142479
Colorado,2011,roadless,5,0.0
Colorado,2011,roadless,6,0.44685
Colorado,2011,wilderness,0,0.0
Colorado,2011,wilderness,1,0.0
Colorado,2011,wilderness,2,0.0
Colorado,2011,wilderness,3,0.0
Colorado,2011,wilderness,4,0.0
Colorado,2011,wilderness,5,0.0
Colorado,2011,wilderness,6,0.0
Colorado,2012,roaded,0,0.0
Colorado,2012,roaded,1,43.822224
Colorado,2012,roaded,2,101.093022
Colorado,2012,roaded,3,93.18138299999998
Colorado,2012,roaded,4,70.600617
Colorado,2012,roaded,5,0.620559
Colorado,2012,roaded,6,31.935087
Colorado,2012,roadless,0,0.0
Colorado,2012,roadless,1,15.804080999999998
Colorado,2012,roadless,2,28.543229999999998
Colorado,2012,roadless,3,32.627619
Colorado,2012,roadless,4,28.938491999999997
Colorado,2012,roadless,5,0.038223
Colorado,2012,roadless,6,6.490944
Colorado,2012,wilderness,0,0.0
Colorado,2012,wilderness,1,1.8491309999999999
Colorado,2012,wilderness,2,7.230383999999999
Colorado,2012,wilderness,3,11.573018999999999
Colorado,2012,wilderness,4,11.019222
Colorado,2012,wilderness,5,0.025217999999999997
Colorado,2012,wilderness,6,0.0
Colorado,2013,roaded,0,0.0
Colorado,2013,roaded,1,4.687173
Colorado,2013,roaded,2,14.862563999999997
Colorado,2013,roaded,3,32.300126999999996
Colorado,2013,roaded,4,30.446253
Colorado,2013,roaded,5,0.024300000000000002
Colorado,2013,roaded,6,0.17289
Colorado,2013,roadless,0,0.0
Colorado,2013,roadless,1,3.7555199999999997
Colorado,2013,roadless,2,15.794369999999999
Colorado,2013,roadless,3,28.360584
Colorado,2013,roadless,4,21.095307
Colorado,2013,roadless,5,0.0054
Colorado,2013,roadless,6,0.16074
Colorado,2013,wilderness,0,0.0
Colorado,2013,wilderness,1,17.567532
Colorado,2013,wilderness,2,53.608743
Colorado,2013,wilderness,3,102.622959
Colorado,2013,wilderness,4,48.675788999999995
Colorado,2013,wilderness,5,0.024300000000000002
Colorado,2013,wilderness,6,0.52047
Colorado,2014,roaded,0,0.0
Colorado,2014,roaded,1,0.0
Colorado,2014,roaded,2,0.0
Colorado,2014,roaded,3,0.0
Colorado,2014,roaded,4,0.0
Colorado,2014,roaded,5,0.0
Colorado,2014,roaded,6,0.0
Colorado,2014,roadless,0,0.0
Colorado,2014,roadless,1,0.0
Colorado,2014,roadless,2,0.0
Colorado,2014,roadless,3,0.0
Colorado,2014,roadless,4,0.0
Colorado,2014,roadless,5,0.0
Colorado,2014,roadless,6,0.0
Colorado,2014,wilderness,0,0.0
Colorado,2014,wilderness,1,0.0
Colorado,2014,wilderness,2,0.0
Colorado,2014,wilderness,3,0.0
Colorado,2014,wilderness,4,0.0
Colorado,2014,wilderness,5,0.0
Colorado,2014,wilderness,6,0.0
Colorado,2015,roaded,0,0.0
Colorado,2015,roaded,1,0.0
Colorado,2015,roaded,2,0.0
Colorado,2015,roaded,3,0.0
Colorado,2015,roaded,4,0.0
Colorado,2015,roaded,5,0.0
Colorado,2015,roaded,6,0.0
Colorado,2015,roadless,0,0.0
Colorado,2015,roadless,1,0.0
Colorado,2015,roadless,2,0.0
Colorado,2015,roadless,3,0.0
Colorado,2015,roadless,4,0.0
Colorado,2015,roadless,5,0.0
Colorado,2015,roadless,6,0.0
Colorado,2015,wilderness,0,0.0
Colorado,2015,wilderness,1,0.0
Colorado,2015,wilderness,2,0.0
Colorado,2015,wilderness,3,0.0
Colorado,2015,wilderness,4,0.0
Colorado,2015,wilderness,5,0.0
Colorado,2015,wilderness,6,0.0
Colorado,2016,roaded,0,0.0
Colorado,2016,roaded,1,16.018947
Colorado,2016,roaded,2,25.511463
Colorado,2016,roaded,3,19.981305
Colorado,2016,roaded,4,27.571265999999994
Colorado,2016,roaded,5,0.016200000000000003
Colorado,2016,roaded,6,0.105579
Colorado,2016,roadless,0,0.0
Colorado,2016,roadless,1,10.832859
Colorado,2016,roadless,2,15.619221
Colorado,2016,roadless,3,16.746282
Colorado,2016,roadless,4,10.113587999999998
Colorado,2016,roadless,5,0.0207
Colorado,2016,roadless,6,0.04356
Colorado,2016,wilderness,0,0.0
Colorado,2016,wilderness,1,12.090527999999999
Colorado,2016,wilderness,2,14.614811999999999
Colorado,2016,wilderness,3,26.362709999999996
Colorado,2016,wilderness,4,10.072089
Colorado,2016,wilderness,5,0.0027
Colorado,2016,wilderness,6,1.691361
Colorado,2017,roaded,0,0.0
Colorado,2017,roaded,1,11.145915
Colorado,2017,roaded,2,25.307234999999995
Colorado,2017,roaded,3,3.0762
Colorado,2017,roaded,4,2.133
Colorado,2017,roaded,5,0.45990000000000003
Colorado,2017,roaded,6,1.4211
Colorado,2017,roadless,0,0.0
Colorado,2017,roadless,1,6.000884999999999
Colorado,2017,roadless,2,8.706465
Colorado,2017,roadless,3,0.0
Colorado,2017,roadless,4,0.0
Colorado,2017,roadless,5,0.009000000000000001
Colorado,2017,roadless,6,0.0
Colorado,2017,wilderness,0,0.0
Colorado,2017,wilderness,1,0.0
Colorado,2017,wilderness,2,0.0
Colorado,2017,wilderness,3,0.0
Colorado,2017,wilderness,4,0.0
Colorado,2017,wilderness,5,0.0
Colorado,2017,wilderness,6,0.0
Colorado,2018,roaded,0,0.0
Colorado,2018,roaded,1,41.532245999999994
Colorado,2018,roaded,2,116.79596099999999
Colorado,2018,roaded,3,62.892414
Colorado,2018,roaded,4,26.033876999999997
Colorado,2018,roaded,5,4.824918
Colorado,2018,roaded,6,1.497681
Colorado,2018,roadless,0,0.0
Colorado,2018,roadless,1,44.668899
Colorado,2018,roadless,2,110.944116
Colorado,2018,roadless,3,85.03477199999999
Colorado,2018,roadless,4,37.510479
Colorado,2018,roadless,5,0.304119
Colorado,2018,roadless,6,0.371088
Colorado,2018,wilderness,0,0.0
Colorado,2018,wilderness,1,14.495966999999998
Colorado,2018,wilderness,2,41.455944
Colorado,2018,wilderness,3,27.160713
Colorado,2018,wilderness,4,10.196532
Colorado,2018,wilderness,5,0.045999
Colorado,2018,wilderness,6,0.0
Colorado,2019,roaded,0,0.0
Colorado,2019,roaded,1,13.431231
Colorado,2019,roaded,2,27.180422999999998
Colorado,2019,roaded,3,5.007051
Colorado,2019,roaded,4,1.344564
Colorado,2019,roaded,5,0.8701019999999999
Colorado,2019,roaded,6,0.09449999999999999
Colorado,2019,roadless,0,0.0
Colorado,2019,roadless,1,1.3914900000000001
Colorado,2019,roadless,2,6.998417999999999
Colorado,2019,roadless,3,4.727601
Colorado,2019,roadless,4,4.202037
Colorado,2019,roadless,5,0.0009
Colorado,2019,roadless,6,0.0
Colorado,2019,wilderness,0,0.0
Colorado,2019,wilderness,1,1.9994219999999998
Colorado,2019,wilderness,2,8.168517
Colorado,2019,wilderness,3,4.417407
Colorado,2019,wilderness,4,2.675601
Colorado,2019,wilderness,5,0.0
Colorado,2019,wilderness,6,0.0
Colorado,2020,roaded,0,0.0
Colorado,2020,roaded,1,101.542077
Colorado,2020,roaded,2,151.66823399999998
Colorado,2020,roaded,3,188.961741
Colorado,2020,roaded,4,228.689856
Colorado,2020,roaded,5,1.6828919999999998
Colorado,2020,roaded,6,2.667105
Colorado,2020,roadless,0,0.0
Colorado,2020,roadless,1,54.081063
Colorado,2020,roadless,2,100.48341599999999
Colorado,2020,roadless,3,191.215269
Colorado,2020,roadless,4,173.690694
Colorado,2020,roadless,5,0.48175199999999996
Colorado,2020,roadless,6,0.282042
Colorado,2020,wilderness,0,0.0
Colorado,2020,wilderness,1,25.197687000000002
Colorado,2020,wilderness,2,42.448005
Colorado,2020,wilderness,3,62.77662899999999
Colorado,2020,wilderness,4,120.054267
Colorado,2020,wilderness,5,0.182682
Colorado,2020,wilderness,6,0.44835299999999995
Colorado,2021,roaded,0,0.0
Colorado,2021,roaded,1,2.452734
Colorado,2021,roaded,2,8.302356
Colorado,2021,roaded,3,6.156504
Colorado,2021,roaded,4,7.799283
Colorado,2021,roaded,5,0.08863199999999999
Colorado,2021,roaded,6,0.0
Colorado,2021,roadless,0,0.0
Colorado,2021,roadless,1,4.826294999999999
Colorado,2021,roadless,2,6.073757999999999
Colorado,2021,roadless,3,9.450287999999999
Colorado,2021,roadless,4,13.123539
Colorado,2021,roadless,5,0.102168
Colorado,2021,roadless,6,0.0207
Colorado,2021,wilderness,0,0.0
Colorado,2021,wilderness,1,0.682371
Colorado,2021,wilderness,2,1.482786
Colorado,2021,wilderness,3,2.229408
Colorado,2021,wilderness,4,2.7156779999999996
Colorado,2021,wilderness,5,0.0
Colorado,2021,wilderness,6,0.0
Colorado,2022,roaded,0,0.0
Colorado,2022,roaded,1,1.8612
Colorado,2022,roaded,2,6.6842999999999995
Colorado,2022,roaded,3,0.0
Colorado,2022,roaded,4,0.0
Colorado,2022,roaded,5,0.0
Colorado,2022,roaded,6,0.0
Colorado,2022,roadless,0,0.0
Colorado,2022,roadless,1,0.0
Colorado,2022,roadless,2,0.0
Colorado,2022,roadless,3,0.0
Colorado,2022,roadless,4,0.0
Colorado,2022,roadless,5,0.0
Colorado,2022,roadless,6,0.0
Colorado,2022,wilderness,0,0.0
Colorado,2022,wilderness,1,0.0
Colorado,2022,wilderness,2,0.0
Colorado,2022,wilderness,3,0.0
Colorado,2022,wilderness,4,0.0
Colorado,2022,wilderness,5,0.0
Colorado,2022,wilderness,6,0.0
Colorado,2023,roaded,0,0.0
Colorado,2023,roaded,1,8.791820999999999
Colorado,2023,roaded,2,19.128906
Colorado,2023,roaded,3,4.248801
Colorado,2023,roaded,4,1.829763
Colorado,2023,roaded,5,0.09
Colorado,2023,roaded,6,0.0045000000000000005
Colorado,2023,roadless,0,0.0
Colorado,2023,roadless,1,6.41358
Colorado,2023,roadless,2,7.022339999999999
Colorado,2023,roadless,3,5.827229999999999
Colorado,2023,roadless,4,2.669166
Colorado,2023,roadless,5,0.1026
Colorado,2023,roadless,6,0.0
Colorado,2023,wilderness,0,0.0
Colorado,2023,wilderness,1,1.6737659999999999
Colorado,2023,wilderness,2,1.491678
Colorado,2023,wilderness,3,2.661507
Colorado,2023,wilderness,4,1.6943759999999997
Colorado,2023,wilderness,5,0.046799999999999994
Colorado,2023,wilderness,6,0.0
Colorado,2024,roaded,0,0.0
Colorado,2024,roaded,1,0.0
Colorado,2024,roaded,2,0.0
Colorado,2024,roaded,3,0.0
Colorado,2024,roaded,4,0.0
Colorado,2024,roaded,5,0.0
Colorado,2024,roaded,6,0.0
Colorado,2024,roadless,0,0.0
Colorado,2024,roadless,1,0.0
Colorado,2024,roadless,2,0.0
Colorado,2024,roadless,3,0.0
Colorado,2024,roadless,4,0.0
Colorado,2024,roadless,5,0.0
Colorado,2024,roadless,6,0.0
Colorado,2024,wilderness,0,0.0
Colorado,2024,wilderness,1,0.0
Colorado,2024,wilderness,2,0.0
Colorado,2024,wilderness,3,0.0
Colorado,2024,wilderness,4,0.0
Colorado,2024,wilderness,5,0.0
Colorado,2024,wilderness,6,0.0
Idaho,1984,roaded,0,0.0
Idaho,1984,roaded,1,0.074835
Idaho,1984,roaded,2,0.038025
Idaho,1984,roaded,3,0.008649
Idaho,1984,roaded,4,0.0
Idaho,1984,roaded,5,0.009323999999999999
Idaho,1984,roaded,6,0.0
Idaho,1984,roadless,0,0.0
Idaho,1984,roadless,1,0.0
Idaho,1984,roadless,2,0.0
Idaho,1984,roadless,3,0.0
Idaho,1984,roadless,4,0.0
Idaho,1984,roadless,5,0.0
Idaho,1984,roadless,6,0.0
Idaho,1984,wilderness,0,0.0
Idaho,1984,wilderness,1,0.6856649999999999
Idaho,1984,wilderness,2,0.8394750000000001
Idaho,1984,wilderness,3,0.281151
Idaho,1984,wilderness,4,0.23579999999999998
Idaho,1984,wilderness,5,0.004176
Idaho,1984,wilderness,6,0.0
Idaho,1985,roaded,0,0.0
Idaho,1985,roaded,1,21.648600000000002
Idaho,1985,roaded,2,23.120054999999997
Idaho,1985,roaded,3,13.312701000000002
Idaho,1985,roaded,4,9.949275
Idaho,1985,roaded,5,0.139221
Idaho,1985,roaded,6,0.0072
Idaho,1985,roadless,0,0.0
Idaho,1985,roadless,1,34.263692999999996
Idaho,1985,roadless,2,27.249813
Idaho,1985,roadless,3,16.983144
Idaho,1985,roadless,4,21.403044
Idaho,1985,roadless,5,0.528615
Idaho,1985,roadless,6,0.0
Idaho,1985,wilderness,0,0.0
Idaho,1985,wilderness,1,14.430708
Idaho,1985,wilderness,2,13.561857
Idaho,1985,wilderness,3,11.062574999999999
Idaho,1985,wilderness,4,4.195224
Idaho,1985,wilderness,5,0.20072700000000002
Idaho,1985,wilderness,6,0.0009
Idaho,1986,roaded,0,0.0
Idaho,1986,roaded,1,26.479593
Idaho,1986,roaded,2,27.742167
Idaho,1986,roaded,3,15.131663999999999
Idaho,1986,roaded,4,3.2211449999999995
Idaho,1986,roaded,5,0.081054
Idaho,1986,roaded,6,0.1818
Idaho,1986,roadless,0,0.0
Idaho,1986,roadless,1,3.602619
Idaho,1986,roadless,2,1.4175449999999998
Idaho,1986,roadless,3,0.49316399999999994
Idaho,1986,roadless,4,0.038421
Idaho,1986,roadless,5,0.03312899999999999
Idaho,1986,roadless,6,0.0
Idaho,1986,wilderness,0,0.0
Idaho,1986,wilderness,1,34.947153
Idaho,1986,wilderness,2,37.476845999999995
Idaho,1986,wilderness,3,12.906063
Idaho,1986,wilderness,4,15.137406
Idaho,1986,wilderness,5,0.47535299999999997
Idaho,1986,wilderness,6,0.0
Idaho,1987,roaded,0,0.0
Idaho,1987,roaded,1,5.643468
Idaho,1987,roaded,2,3.0542399999999996
Idaho,1987,roaded,3,2.301363
Idaho,1987,roaded,4,1.265598
Idaho,1987,roaded,5,0.22948199999999996
Idaho,1987,roaded,6,0.0
Idaho,1987,roadless,0,0.0
Idaho,1987,roadless,1,12.404385
Idaho,1987,roadless,2,6.152562
Idaho,1987,roadless,3,4.4717400000000005
Idaho,1987,roadless,4,2.772873
Idaho,1987,roadless,5,0.226575
Idaho,1987,roadless,6,0.032400000000000005
Idaho,1987,wilderness,0,0.0
Idaho,1987,wilderness,1,71.30972700000001
Idaho,1987,wilderness,2,47.023064999999995
Idaho,1987,wilderness,3,21.492621
Idaho,1987,wilderness,4,17.250615
Idaho,1987,wilderness,5,1.1945430000000001
Idaho,1987,wilderness,6,0.0
Idaho,1988,roaded,0,0.0
Idaho,1988,roaded,1,13.728419999999998
Idaho,1988,roaded,2,15.792750000000002
Idaho,1988,roaded,3,12.748968
Idaho,1988,roaded,4,13.489488000000001
Idaho,1988,roaded,5,0.20418299999999998
Idaho,1988,roaded,6,0.018000000000000002
Idaho,1988,roadless,0,0.0
Idaho,1988,roadless,1,15.737300999999997
Idaho,1988,roadless,2,25.614027
Idaho,1988,roadless,3,12.47463
Idaho,1988,roadless,4,9.857493
Idaho,1988,roadless,5,0.410022
Idaho,1988,roadless,6,0.0054
Idaho,1988,wilderness,0,0.0
Idaho,1988,wilderness,1,227.469267
Idaho,1988,wilderness,2,155.97859499999998
Idaho,1988,wilderness,3,112.060908
Idaho,1988,wilderness,4,189.055602
Idaho,1988,wilderness,5,3.237903
Idaho,1988,wilderness,6,35.298
Idaho,1989,roaded,0,0.0
Idaho,1989,roaded,1,38.447883
Idaho,1989,roaded,2,63.304965
Idaho,1989,roaded,3,50.629491
Idaho,1989,roaded,4,21.679740000000002
Idaho,1989,roaded,5,0.636543
Idaho,1989,roaded,6,0.9875609999999999
Idaho,1989,roadless,0,0.0
Idaho,1989,roadless,1,33.875442
Idaho,1989,roadless,2,38.688507
Idaho,1989,roadless,3,33.795396
Idaho,1989,roadless,4,30.147255
Idaho,1989,roadless,5,0.44435699999999995
Idaho,1989,roadless,6,2.006325
Idaho,1989,wilderness,0,0.0
Idaho,1989,wilderness,1,14.255216999999998
Idaho,1989,wilderness,2,11.111247
Idaho,1989,wilderness,3,9.894573
Idaho,1989,wilderness,4,7.9458660000000005
Idaho,1989,wilderness,5,0.45270000000000005
Idaho,1989,wilderness,6,0.34781399999999996
Idaho,1990,roaded,0,0.0
Idaho,1990,roaded,1,0.7542269999999999
Idaho,1990,roaded,2,0.2529
Idaho,1990,roaded,3,0.27792
Idaho,1990,roaded,4,0.28949400000000003
Idaho,1990,roaded,5,0.0171
Idaho,1990,roaded,6,0.20641500000000002
Idaho,1990,roadless,0,0.0
Idaho,1990,roadless,1,0.534573
Idaho,1990,roadless,2,0.1656
Idaho,1990,roadless,3,0.15948
Idaho,1990,roadless,4,0.041706
Idaho,1990,roadless,5,0.0045000000000000005
Idaho,1990,roadless,6,0.403785
Idaho,1990,wilderness,0,0.0
Idaho,1990,wilderness,1,8.9001
Idaho,1990,wilderness,2,6.1497
Idaho,1990,wilderness,3,4.904100000000001
Idaho,1990,wilderness,4,12.0546
Idaho,1990,wilderness,5,0.3627
Idaho,1990,wilderness,6,0.0
Idaho,1991,roaded,0,0.013212000000000002
Idaho,1991,roaded,1,2.930103
Idaho,1991,roaded,2,2.7898110000000003
Idaho,1991,roaded,3,1.2732029999999999
Idaho,1991,roaded,4,0.510822
Idaho,1991,roaded,5,0.014742
Idaho,1991,roaded,6,0.0009
Idaho,1991,roadless,0,0.0020250000000000003
Idaho,1991,roadless,1,8.685099
Idaho,1991,roadless,2,7.560287999999999
Idaho,1991,roadless,3,3.809997
Idaho,1991,roadless,4,2.463678
Idaho,1991,roadless,5,0.057257999999999996
Idaho,1991,roadless,6,0.0
Idaho,1991,wilderness,0,0.0
Idaho,1991,wilderness,1,14.1021
Idaho,1991,wilderness,2,15.8049
Idaho,1991,wilderness,3,10.6866
Idaho,1991,wilderness,4,3.3444
Idaho,1991,wilderness,5,0.2529
Idaho,1991,wilderness,6,3.1437
Idaho,1992,roaded,0,0.0
Idaho,1992,roaded,1,13.630374
Idaho,1992,roaded,2,36.603954
Idaho,1992,roaded,3,42.58765799999999
Idaho,1992,roaded,4,47.45457
Idaho,1992,roaded,5,0.591606
Idaho,1992,roaded,6,0.092448
Idaho,1992,roadless,0,0.0
Idaho,1992,roadless,1,18.502632000000002
Idaho,1992,roadless,2,25.724628
Idaho,1992,roadless,3,31.962248999999996
Idaho,1992,roadless,4,45.80172
Idaho,1992,roadless,5,0.455247
Idaho,1992,roadless,6,1.008
Idaho,1992,wilderness,0,0.0
Idaho,1992,wilderness,1,30.911426999999993
Idaho,1992,wilderness,2,35.355447
Idaho,1992,wilderness,3,18.786752999999997
Idaho,1992,wilderness,4,15.162084
Idaho,1992,wilderness,5,0.542682
Idaho,1992,wilderness,6,0.003852
Idaho,1993,roaded,0,0.0
Idaho,1993,roaded,1,0.0
Idaho,1993,roaded,2,0.0
Idaho,1993,roaded,3,0.0
Idaho,1993,roaded,4,0.0
Idaho,1993,roaded,5,0.0
Idaho,1993,roaded,6,0.0
Idaho,1993,roadless,0,0.0
Idaho,1993,roadless,1,0.0
Idaho,1993,roadless,2,0.0
Idaho,1993,roadless,3,0.0
Idaho,1993,roadless,4,0.0
Idaho,1993,roadless,5,0.0
Idaho,1993,roadless,6,0.0
Idaho,1993,wilderness,0,0.0
Idaho,1993,wilderness,1,0.0
Idaho,1993,wilderness,2,0.0
Idaho,1993,wilderness,3,0.0
Idaho,1993,wilderness,4,0.0
Idaho,1993,wilderness,5,0.0
Idaho,1993,wilderness,6,0.0
Idaho,1994,roaded,0,0.013212000000000002
Idaho,1994,roaded,1,137.834325
Idaho,1994,roaded,2,134.523666
Idaho,1994,roaded,3,139.861593
Idaho,1994,roaded,4,110.23653599999997
Idaho,1994,roaded,5,4.9697640000000005
Idaho,1994,roaded,6,2.6213849999999996
Idaho,1994,roadless,0,0.0020250000000000003
Idaho,1994,roadless,1,191.820573
Idaho,1994,roadless,2,172.772622
Idaho,1994,roadless,3,151.307334
Idaho,1994,roadless,4,187.853103
Idaho,1994,roadless,5,5.935077
Idaho,1994,roadless,6,7.205363999999999
Idaho,1994,wilderness,0,0.0
Idaho,1994,wilderness,1,109.29953699999999
Idaho,1994,wilderness,2,82.58573700000001
Idaho,1994,wilderness,3,66.28896
Idaho,1994,wilderness,4,79.224264
Idaho,1994,wilderness,5,5.489127
Idaho,1994,wilderness,6,3.189051
Idaho,1995,roaded,0,0.0
Idaho,1995,roaded,1,0.0063
Idaho,1995,roaded,2,0.0
Idaho,1995,roaded,3,0.0
Idaho,1995,roaded,4,0.0
Idaho,1995,roaded,5,0.0
Idaho,1995,roaded,6,0.0
Idaho,1995,roadless,0,0.0
Idaho,1995,roadless,1,0.0
Idaho,1995,roadless,2,0.0009
Idaho,1995,roadless,3,0.0
Idaho,1995,roadless,4,0.0018
Idaho,1995,roadless,5,0.0
Idaho,1995,roadless,6,0.0
Idaho,1995,wilderness,0,0.0
Idaho,1995,wilderness,1,2.1438
Idaho,1995,wilderness,2,1.0935
Idaho,1995,wilderness,3,0.38880000000000003
Idaho,1995,wilderness,4,0.09720000000000001
Idaho,1995,wilderness,5,0.0072
Idaho,1995,wilderness,6,0.0
Idaho,1996,roaded,0,0.0
Idaho,1996,roaded,1,2.004534
Idaho,1996,roaded,2,1.6172369999999998
Idaho,1996,roaded,3,1.8092880000000002
Idaho,1996,roaded,4,2.003625
Idaho,1996,roaded,5,0.085428
Idaho,1996,roaded,6,0.0009
Idaho,1996,roadless,0,0.0
Idaho,1996,roadless,1,2.491848
Idaho,1996,roadless,2,2.082006
Idaho,1996,roadless,3,1.064142
Idaho,1996,roadless,4,0.927432
Idaho,1996,roadless,5,0.11890799999999999
Idaho,1996,roadless,6,0.0009
Idaho,1996,wilderness,0,0.0
Idaho,1996,wilderness,1,84.791376
Idaho,1996,wilderness,2,58.26581099999999
Idaho,1996,wilderness,3,54.499077
Idaho,1996,wilderness,4,108.45820800000001
Idaho,1996,wilderness,5,2.482164
Idaho,1996,wilderness,6,0.016200000000000003
Idaho,1997,roaded,0,0.0
Idaho,1997,roaded,1,0.0
Idaho,1997,roaded,2,0.0
Idaho,1997,roaded,3,0.0
Idaho,1997,roaded,4,0.0
Idaho,1997,roaded,5,0.0
Idaho,1997,roaded,6,0.0
Idaho,1997,roadless,0,0.0
Idaho,1997,roadless,1,0.0
Idaho,1997,roadless,2,0.0
Idaho,1997,roadless,3,0.0
Idaho,1997,roadless,4,0.0
Idaho,1997,roadless,5,0.0
Idaho,1997,roadless,6,0.0
Idaho,1997,wilderness,0,0.0
Idaho,1997,wilderness,1,3.6918
Idaho,1997,wilderness,2,2.7423
Idaho,1997,wilderness,3,0.5238
Idaho,1997,wilderness,4,0.1656
Idaho,1997,wilderness,5,0.0171
Idaho,1997,wilderness,6,0.0
Idaho,1998,roaded,0,0.013212000000000002
Idaho,1998,roaded,1,0.567729
Idaho,1998,roaded,2,0.426438
Idaho,1998,roaded,3,0.419184
Idaho,1998,roaded,4,0.259866
Idaho,1998,roaded,5,0.013869
Idaho,1998,roaded,6,0.055512
Idaho,1998,roadless,0,0.0020250000000000003
Idaho,1998,roadless,1,7.025175000000001
Idaho,1998,roadless,2,6.129504000000001
Idaho,1998,roadless,3,2.209113
Idaho,1998,roadless,4,1.286325
Idaho,1998,roadless,5,0.020079
Idaho,1998,roadless,6,0.042588
Idaho,1998,wilderness,0,0.0
Idaho,1998,wilderness,1,38.273796
Idaho,1998,wilderness,2,44.15365799999999
Idaho,1998,wilderness,3,31.261202999999995
Idaho,1998,wilderness,4,32.46750899999999
Idaho,1998,wilderness,5,0.169452
Idaho,1998,wilderness,6,0.0
Idaho,1999,roaded,0,0.0
Idaho,1999,roaded,1,3.587778
Idaho,1999,roaded,2,1.1785590000000001
Idaho,1999,roaded,3,0.35870399999999997
Idaho,1999,roaded,4,0.18906299999999998
Idaho,1999,roaded,5,0.1611
Idaho,1999,roaded,6,0.0
Idaho,1999,roadless,0,0.0
Idaho,1999,roadless,1,0.9048959999999999
Idaho,1999,roadless,2,2.134728
Idaho,1999,roadless,3,0.411885
Idaho,1999,roadless,4,0.243
Idaho,1999,roadless,5,0.0
Idaho,1999,roadless,6,0.0
Idaho,1999,wilderness,0,0.0
Idaho,1999,wilderness,1,30.123873
Idaho,1999,wilderness,2,24.727113
Idaho,1999,wilderness,3,17.564210999999997
Idaho,1999,wilderness,4,11.557737
Idaho,1999,wilderness,5,0.23579999999999998
Idaho,1999,wilderness,6,2.4993
Idaho,2000,roaded,0,0.013212000000000002
Idaho,2000,roaded,1,121.64621399999999
Idaho,2000,roaded,2,72.949608
Idaho,2000,roaded,3,47.276739
Idaho,2000,roaded,4,60.619887
Idaho,2000,roaded,5,1.533015
Idaho,2000,roaded,6,7.104447
Idaho,2000,roadless,0,0.0020250000000000003
Idaho,2000,roadless,1,184.92458399999998
Idaho,2000,roadless,2,89.712945
Idaho,2000,roadless,3,96.602319
Idaho,2000,roadless,4,228.135933
Idaho,2000,roadless,5,1.9746450000000002
Idaho,2000,roadless,6,18.580644
Idaho,2000,wilderness,0,0.0
Idaho,2000,wilderness,1,463.72635
Idaho,2000,wilderness,2,379.8663389999999
Idaho,2000,wilderness,3,355.69907099999995
Idaho,2000,wilderness,4,550.571346
Idaho,2000,wilderness,5,11.079801
Idaho,2000,wilderness,6,12.840309
Idaho,2001,roaded,0,0.0
Idaho,2001,roaded,1,4.558095
Idaho,2001,roaded,2,5.614019999999999
Idaho,2001,roaded,3,0.8137349999999999
Idaho,2001,roaded,4,0.6269849999999999
Idaho,2001,roaded,5,0.378468
Idaho,2001,roaded,6,0.0009
Idaho,2001,roadless,0,0.0
Idaho,2001,roadless,1,4.1085449999999994
Idaho,2001,roadless,2,2.058255
Idaho,2001,roadless,3,2.092644
Idaho,2001,roadless,4,2.688714
Idaho,2001,roadless,5,0.07371899999999999
Idaho,2001,roadless,6,0.0
Idaho,2001,wilderness,0,0.0
Idaho,2001,wilderness,1,33.23196
Idaho,2001,wilderness,2,14.986125
Idaho,2001,wilderness,3,14.041521
Idaho,2001,wilderness,4,37.244601
Idaho,2001,wilderness,5,0.502812
Idaho,2001,wilderness,6,0.5958
Idaho,2002,roaded,0,0.0
Idaho,2002,roaded,1,3.0331349999999997
Idaho,2002,roaded,2,2.120733
Idaho,2002,roaded,3,0.7088129999999999
Idaho,2002,roaded,4,0.39939299999999994
Idaho,2002,roaded,5,0.0216
Idaho,2002,roaded,6,0.0
Idaho,2002,roadless,0,0.0
Idaho,2002,roadless,1,2.285415
Idaho,2002,roadless,2,3.921894
Idaho,2002,roadless,3,3.236319
Idaho,2002,roadless,4,4.157478
Idaho,2002,roadless,5,0.0027
Idaho,2002,roadless,6,0.0225
Idaho,2002,wilderness,0,0.0
Idaho,2002,wilderness,1,5.6533500000000005
Idaho,2002,wilderness,2,5.029172999999999
Idaho,2002,wilderness,3,2.174868
Idaho,2002,wilderness,4,1.1689289999999999
Idaho,2002,wilderness,5,0.0063
Idaho,2002,wilderness,6,0.0
Idaho,2003,roaded,0,0.013212000000000002
Idaho,2003,roaded,1,20.673360000000002
Idaho,2003,roaded,2,24.505074
Idaho,2003,roaded,3,23.243282999999998
Idaho,2003,roaded,4,21.106835999999998
Idaho,2003,roaded,5,0.29054699999999994
Idaho,2003,roaded,6,0.9451440000000001
Idaho,2003,roadless,0,0.0020250000000000003
Idaho,2003,roadless,1,48.36545999999999
Idaho,2003,roadless,2,60.702524999999994
Idaho,2003,roadless,3,73.03889699999999
Idaho,2003,roadless,4,64.483749
Idaho,2003,roadless,5,0.388584
Idaho,2003,roadless,6,1.797759
Idaho,2003,wilderness,0,0.0
Idaho,2003,wilderness,1,85.38709499999999
Idaho,2003,wilderness,2,75.86849699999999
Idaho,2003,wilderness,3,60.830541000000004
Idaho,2003,wilderness,4,55.684467
Idaho,2003,wilderness,5,0.2826
Idaho,2003,wilderness,6,0.21420000000000003
Idaho,2004,roaded,0,0.0
Idaho,2004,roaded,1,0.565938
Idaho,2004,roaded,2,0.551304
Idaho,2004,roaded,3,0.08241300000000001
Idaho,2004,roaded,4,0.00369
Idaho,2004,roaded,5,0.008100000000000001
Idaho,2004,roaded,6,0.0
Idaho,2004,roadless,0,0.0
Idaho,2004,roadless,1,3.8422619999999994
Idaho,2004,roadless,2,5.399496
Idaho,2004,roadless,3,1.284687
Idaho,2004,roadless,4,0.15561
Idaho,2004,roadless,5,0.015300000000000001
Idaho,2004,roadless,6,0.0
Idaho,2004,wilderness,0,0.0
Idaho,2004,wilderness,1,0.9342
Idaho,2004,wilderness,2,1.2762
Idaho,2004,wilderness,3,2.3165999999999998
Idaho,2004,wilderness,4,1.7649000000000001
Idaho,2004,wilderness,5,0.0
Idaho,2004,wilderness,6,0.0
Idaho,2005,roaded,0,0.0
Idaho,2005,roaded,1,10.742390999999998
Idaho,2005,roaded,2,14.833808999999999
Idaho,2005,roaded,3,8.284005
Idaho,2005,roaded,4,6.941997
Idaho,2005,roaded,5,0.18602999999999997
Idaho,2005,roaded,6,0.29400299999999996
Idaho,2005,roadless,0,0.0
Idaho,2005,roadless,1,29.395404
Idaho,2005,roadless,2,28.694321999999996
Idaho,2005,roadless,3,32.258205
Idaho,2005,roadless,4,52.13459699999999
Idaho,2005,roadless,5,0.24307199999999998
Idaho,2005,roadless,6,0.29628899999999997
Idaho,2005,wilderness,0,0.0
Idaho,2005,wilderness,1,133.22625299999999
Idaho,2005,wilderness,2,164.143017
Idaho,2005,wilderness,3,77.195016
Idaho,2005,wilderness,4,81.53631899999999
Idaho,2005,wilderness,5,3.6186479999999994
Idaho,2005,wilderness,6,0.44621099999999997
Idaho,2006,roaded,0,0.013212000000000002
Idaho,2006,roaded,1,36.482661
Idaho,2006,roaded,2,46.931067000000006
Idaho,2006,roaded,3,21.940982999999996
Idaho,2006,roaded,4,15.413193
Idaho,2006,roaded,5,0.615708
Idaho,2006,roaded,6,3.422682
Idaho,2006,roadless,0,0.0020250000000000003
Idaho,2006,roadless,1,126.35495999999999
Idaho,2006,roadless,2,153.633897
Idaho,2006,roadless,3,142.500609
Idaho,2006,roadless,4,125.919729
Idaho,2006,roadless,5,0.5807429999999999
Idaho,2006,roadless,6,19.336517999999998
Idaho,2006,wilderness,0,0.0
Idaho,2006,wilderness,1,70.124949
Idaho,2006,wilderness,2,95.0895
Idaho,2006,wilderness,3,68.04650699999999
Idaho,2006,wilderness,4,61.836399
Idaho,2006,wilderness,5,0.995049
Idaho,2006,wilderness,6,6.6915
Idaho,2007,roaded,0,0.0
Idaho,2007,roaded,1,105.73890300000001
Idaho,2007,roaded,2,119.41878599999998
Idaho,2007,roaded,3,118.773828
Idaho,2007,roaded,4,176.04769499999998
Idaho,2007,roaded,5,3.198537
Idaho,2007,roaded,6,116.36936099999998
Idaho,2007,roadless,0,0.0
Idaho,2007,roadless,1,266.359851
Idaho,2007,roadless,2,264.054285
Idaho,2007,roadless,3,287.86006799999996
Idaho,2007,roadless,4,460.98667800000004
Idaho,2007,roadless,5,6.5888729999999995
Idaho,2007,roadless,6,326.50991999999997
Idaho,2007,wilderness,0,0.0
Idaho,2007,wilderness,1,397.678833
Idaho,2007,wilderness,2,354.859353
Idaho,2007,wilderness,3,317.237742
Idaho,2007,wilderness,4,457.81655400000005
Idaho,2007,wilderness,5,18.874071
Idaho,2007,wilderness,6,132.826419
Idaho,2008,roaded,0,0.0
Idaho,2008,roaded,1,5.8129919999999995
Idaho,2008,roaded,2,7.968996
Idaho,2008,roaded,3,8.844866999999999
Idaho,2008,roaded,4,6.673256999999999
Idaho,2008,roaded,5,0.7230059999999999
Idaho,2008,roaded,6,0.098532
Idaho,2008,roadless,0,0.0
Idaho,2008,roadless,1,12.961863
Idaho,2008,roadless,2,12.447963
Idaho,2008,roadless,3,15.095088
Idaho,2008,roadless,4,25.199505
Idaho,2008,roadless,5,2.3409809999999998
Idaho,2008,roadless,6,0.6379469999999999
Idaho,2008,wilderness,0,0.0
Idaho,2008,wilderness,1,18.256482000000002
Idaho,2008,wilderness,2,16.100648999999997
Idaho,2008,wilderness,3,16.966313999999997
Idaho,2008,wilderness,4,17.175438
Idaho,2008,wilderness,5,0.2412
Idaho,2008,wilderness,6,1.5684209999999998
Idaho,2009,roaded,0,0.0
Idaho,2009,roaded,1,1.3905
Idaho,2009,roaded,2,1.1547
Idaho,2009,roaded,3,1.3644
Idaho,2009,roaded,4,0.9387000000000001
Idaho,2009,roaded,5,0.015300000000000001
Idaho,2009,roaded,6,0.34020000000000006
Idaho,2009,roadless,0,0.0
Idaho,2009,roadless,1,0.6939
Idaho,2009,roadless,2,1.6100999999999999
Idaho,2009,roadless,3,0.9945
Idaho,2009,roadless,4,0.2214
Idaho,2009,roadless,5,0.0702
Idaho,2009,roadless,6,0.0
Idaho,2009,wilderness,0,0.0
Idaho,2009,wilderness,1,0.0
Idaho,2009,wilderness,2,0.0
Idaho,2009,wilderness,3,0.0
Idaho,2009,wilderness,4,0.0
Idaho,2009,wilderness,5,0.0
Idaho,2009,wilderness,6,0.0
Idaho,2010,roaded,0,0.0
Idaho,2010,roaded,1,3.4586549999999994
Idaho,2010,roaded,2,3.4992900000000002
Idaho,2010,roaded,3,1.687653
Idaho,2010,roaded,4,1.138194
Idaho,2010,roaded,5,0.844299
Idaho,2010,roaded,6,0.383049
Idaho,2010,roadless,0,0.0
Idaho,2010,roadless,1,15.848271
Idaho,2010,roadless,2,18.73962
Idaho,2010,roadless,3,12.189978000000002
Idaho,2010,roadless,4,11.800799999999999
Idaho,2010,roadless,5,0.6470009999999999
Idaho,2010,roadless,6,1.837251
Idaho,2010,wilderness,0,0.0
Idaho,2010,wilderness,1,6.559533
Idaho,2010,wilderness,2,4.021973999999999
Idaho,2010,wilderness,3,4.441922999999999
Idaho,2010,wilderness,4,3.9270059999999996
Idaho,2010,wilderness,5,0.0279
Idaho,2010,wilderness,6,0.1377
Idaho,2011,roaded,0,0.0
Idaho,2011,roaded,1,3.076218
Idaho,2011,roaded,2,8.414901
Idaho,2011,roaded,3,5.0108939999999995
Idaho,2011,roaded,4,12.424985999999999
Idaho,2011,roaded,5,0.011897999999999999
Idaho,2011,roaded,6,10.217483999999999
Idaho,2011,roadless,0,0.0
Idaho,2011,roadless,1,17.664885
Idaho,2011,roadless,2,30.299958
Idaho,2011,roadless,3,23.255135999999997
Idaho,2011,roadless,4,40.723676999999995
Idaho,2011,roadless,5,0.29549699999999995
Idaho,2011,roadless,6,37.257929999999995
Idaho,2011,wilderness,0,0.0
Idaho,2011,wilderness,1,14.682897
Idaho,2011,wilderness,2,15.984440999999999
Idaho,2011,wilderness,3,13.06827
Idaho,2011,wilderness,4,19.002537
Idaho,2011,wilderness,5,0.408105
Idaho,2011,wilderness,6,11.164985999999999
Idaho,2012,roaded,0,0.0
Idaho,2012,roaded,1,85.18389299999998
Idaho,2012,roaded,2,247.55831999999998
Idaho,2012,roaded,3,204.389847
Idaho,2012,roaded,4,165.284964
Idaho,2012,roaded,5,0.87075
Idaho,2012,roaded,6,103.506498
Idaho,2012,roadless,0,0.0
Idaho,2012,roadless,1,179.32520699999998
Idaho,2012,roadless,2,342.028125
Idaho,2012,roadless,3,315.79695
Idaho,2012,roadless,4,322.664787
Idaho,2012,roadless,5,1.099809
Idaho,2012,roadless,6,54.657225
Idaho,2012,wilderness,0,0.0
Idaho,2012,wilderness,1,384.985962
Idaho,2012,wilderness,2,434.631834
Idaho,2012,wilderness,3,331.48430099999996
Idaho,2012,wilderness,4,266.27182199999993
Idaho,2012,wilderness,5,4.866740999999999
Idaho,2012,wilderness,6,5.933259
Idaho,2013,roaded,0,0.0
Idaho,2013,roaded,1,24.445548
Idaho,2013,roaded,2,61.71463800000001
Idaho,2013,roaded,3,76.257702
Idaho,2013,roaded,4,117.65038499999999
Idaho,2013,roaded,5,0.27234899999999995
Idaho,2013,roaded,6,17.058671999999998
Idaho,2013,roadless,0,0.0
Idaho,2013,roadless,1,45.042120000000004
Idaho,2013,roadless,2,82.207647
Idaho,2013,roadless,3,102.63619800000001
Idaho,2013,roadless,4,138.31527599999998
Idaho,2013,roadless,5,0.23964299999999997
Idaho,2013,roadless,6,11.508795
Idaho,2013,wilderness,0,0.0
Idaho,2013,wilderness,1,43.136775
Idaho,2013,wilderness,2,86.83194599999999
Idaho,2013,wilderness,3,86.772195
Idaho,2013,wilderness,4,79.78284000000001
Idaho,2013,wilderness,5,0.46720799999999996
Idaho,2013,wilderness,6,18.513980999999998
Idaho,2014,roaded,0,0.0
Idaho,2014,roaded,1,17.848592999999997
Idaho,2014,roaded,2,38.635532999999995
Idaho,2014,roaded,3,29.917115999999996
Idaho,2014,roaded,4,6.034428
Idaho,2014,roaded,5,0.152856
Idaho,2014,roaded,6,2.3675669999999998
Idaho,2014,roadless,0,0.0
Idaho,2014,roadless,1,3.9711510000000003
Idaho,2014,roadless,2,5.691087
Idaho,2014,roadless,3,5.430933
Idaho,2014,roadless,4,4.602294
Idaho,2014,roadless,5,0.0702
Idaho,2014,roadless,6,0.0
Idaho,2014,wilderness,0,0.0
Idaho,2014,wilderness,1,12.629654999999998
Idaho,2014,wilderness,2,24.424478999999998
Idaho,2014,wilderness,3,11.977893
Idaho,2014,wilderness,4,6.269652
Idaho,2014,wilderness,5,0.19004399999999996
Idaho,2014,wilderness,6,0.0009
Idaho,2015,roaded,0,0.013212000000000002
Idaho,2015,roaded,1,60.324777000000005
Idaho,2015,roaded,2,123.647904
Idaho,2015,roaded,3,70.229835
Idaho,2015,roaded,4,39.679173
Idaho,2015,roaded,5,0.628335
Idaho,2015,roaded,6,0.600219
Idaho,2015,roadless,0,0.0020250000000000003
Idaho,2015,roadless,1,93.87296099999999
Idaho,2015,roadless,2,239.70615299999997
Idaho,2015,roadless,3,165.96104400000002
Idaho,2015,roadless,4,142.202403
Idaho,2015,roadless,5,0.508041
Idaho,2015,roadless,6,2.490048
Idaho,2015,wilderness,0,0.0
Idaho,2015,wilderness,1,56.469222
Idaho,2015,wilderness,2,87.230358
Idaho,2015,wilderness,3,76.992021
Idaho,2015,wilderness,4,81.81315
Idaho,2015,wilderness,5,0.37439999999999996
Idaho,2015,wilderness,6,0.20879999999999999
Idaho,2016,roaded,0,0.0
Idaho,2016,roaded,1,28.126628999999998
Idaho,2016,roaded,2,65.100105
Idaho,2016,roaded,3,89.380584
Idaho,2016,roaded,4,148.411125
Idaho,2016,roaded,5,4.953222
Idaho,2016,roaded,6,41.854338
Idaho,2016,roadless,0,0.0
Idaho,2016,roadless,1,26.247239999999998
Idaho,2016,roadless,2,56.74239000000001
Idaho,2016,roadless,3,73.555443
Idaho,2016,roadless,4,111.19094999999999
Idaho,2016,roadless,5,5.947226999999999
Idaho,2016,roadless,6,20.682548999999998
Idaho,2016,wilderness,0,0.0
Idaho,2016,wilderness,1,8.894466
Idaho,2016,wilderness,2,24.114978
Idaho,2016,wilderness,3,21.541472999999996
Idaho,2016,wilderness,4,8.777925
Idaho,2016,wilderness,5,0.6708419999999999
Idaho,2016,wilderness,6,5.574212999999999
Idaho,2017,roaded,0,0.013212000000000002
Idaho,2017,roaded,1,7.534764
Idaho,2017,roaded,2,30.091391999999995
Idaho,2017,roaded,3,33.584787
Idaho,2017,roaded,4,16.307793
Idaho,2017,roaded,5,0.011375999999999999
Idaho,2017,roaded,6,0.046818
Idaho,2017,roadless,0,0.0020250000000000003
Idaho,2017,roadless,1,7.4196
Idaho,2017,roadless,2,30.948867
Idaho,2017,roadless,3,33.389586
Idaho,2017,roadless,4,12.970619999999998
Idaho,2017,roadless,5,0.030501
Idaho,2017,roadless,6,0.057438
Idaho,2017,wilderness,0,0.0
Idaho,2017,wilderness,1,130.327398
Idaho,2017,wilderness,2,306.899262
Idaho,2017,wilderness,3,225.962127
Idaho,2017,wilderness,4,148.402287
Idaho,2017,wilderness,5,1.0789199999999999
Idaho,2017,wilderness,6,0.954468
Idaho,2018,roaded,0,0.013212000000000002
Idaho,2018,roaded,1,18.303921
Idaho,2018,roaded,2,46.520945999999995
Idaho,2018,roaded,3,25.472376
Idaho,2018,roaded,4,16.581168
Idaho,2018,roaded,5,0.0315
Idaho,2018,roaded,6,0.0009
Idaho,2018,roadless,0,0.0020250000000000003
Idaho,2018,roadless,1,29.398895999999993
Idaho,2018,roadless,2,78.471612
Idaho,2018,roadless,3,50.419745999999996
Idaho,2018,roadless,4,49.433913000000004
Idaho,2018,roadless,5,0.053099999999999994
Idaho,2018,roadless,6,0.0
Idaho,2018,wilderness,0,0.0
Idaho,2018,wilderness,1,12.298067999999999
Idaho,2018,wilderness,2,26.16948
Idaho,2018,wilderness,3,24.395328
Idaho,2018,wilderness,4,20.063106
Idaho,2018,wilderness,5,0.008100000000000001
Idaho,2018,wilderness,6,0.1566
Idaho,2019,roaded,0,0.0
Idaho,2019,roaded,1,1.645839
Idaho,2019,roaded,2,3.4068419999999997
Idaho,2019,roaded,3,1.76571
Idaho,2019,roaded,4,1.1684430000000001
Idaho,2019,roaded,5,0.030852
Idaho,2019,roaded,6,0.0
Idaho,2019,roadless,0,0.0
Idaho,2019,roadless,1,4.576976999999999
Idaho,2019,roadless,2,7.8696
Idaho,2019,roadless,3,4.6441799999999995
Idaho,2019,roadless,4,1.865394
Idaho,2019,roadless,5,0.163008
Idaho,2019,roadless,6,0.0
Idaho,2019,wilderness,0,0.0
Idaho,2019,wilderness,1,5.507783999999999
Idaho,2019,wilderness,2,12.794958
Idaho,2019,wilderness,3,7.153109999999999
Idaho,2019,wilderness,4,2.925963
Idaho,2019,wilderness,5,0.09234
Idaho,2019,wilderness,6,0.0
Idaho,2020,roaded,0,0.013212000000000002
Idaho,2020,roaded,1,40.565232
Idaho,2020,roaded,2,74.49498
Idaho,2020,roaded,3,56.177514
Idaho,2020,roaded,4,29.180943
Idaho,2020,roaded,5,0.023364
Idaho,2020,roaded,6,0.6435
Idaho,2020,roadless,0,0.0020250000000000003
Idaho,2020,roadless,1,31.3011
Idaho,2020,roadless,2,69.122835
Idaho,2020,roadless,3,71.566686
Idaho,2020,roadless,4,42.472908
Idaho,2020,roadless,5,0.007236
Idaho,2020,roadless,6,0.0
Idaho,2020,wilderness,0,0.0
Idaho,2020,wilderness,1,8.564598
Idaho,2020,wilderness,2,17.558352
Idaho,2020,wilderness,3,17.362044
Idaho,2020,wilderness,4,8.064
Idaho,2020,wilderness,5,0.0054
Idaho,2020,wilderness,6,0.0108
Idaho,2021,roaded,0,0.013212000000000002
Idaho,2021,roaded,1,24.489107999999998
Idaho,2021,roaded,2,72.588141
Idaho,2021,roaded,3,52.449245999999995
Idaho,2021,roaded,4,41.223420000000004
Idaho,2021,roaded,5,0.00621
Idaho,2021,roaded,6,0.6612659999999999
Idaho,2021,roadless,0,0.0020250000000000003
Idaho,2021,roadless,1,45.111807
Idaho,2021,roadless,2,132.617007
Idaho,2021,roadless,3,104.78288699999999
Idaho,2021,roadless,4,73.83583800000001
Idaho,2021,roadless,5,0.027665999999999996
Idaho,2021,roadless,6,0.04163399999999999
Idaho,2021,wilderness,0,0.0
Idaho,2021,wilderness,1,61.953084
Idaho,2021,wilderness,2,161.128134
Idaho,2021,wilderness,3,142.440939
Idaho,2021,wilderness,4,82.312551
Idaho,2021,wilderness,5,0.061200000000000004
Idaho,2021,wilderness,6,0.4374
Idaho,2022,roaded,0,0.013212000000000002
Idaho,2022,roaded,1,89.444988
Idaho,2022,roaded,2,105.27159599999999
Idaho,2022,roaded,3,65.79188099999999
Idaho,2022,roaded,4,45.462717000000005
Idaho,2022,roaded,5,1.1934449999999999
Idaho,2022,roaded,6,0.0
Idaho,2022,roadless,0,0.0020250000000000003
Idaho,2022,roadless,1,83.83322700000001
Idaho,2022,roadless,2,186.891111
Idaho,2022,roadless,3,152.34623100000002
Idaho,2022,roadless,4,109.86695999999998
Idaho,2022,roadless,5,0.430578
Idaho,2022,roadless,6,0.0216
Idaho,2022,wilderness,0,0.0
Idaho,2022,wilderness,1,34.232382
Idaho,2022,wilderness,2,123.362604
Idaho,2022,wilderness,3,97.092009
Idaho,2022,wilderness,4,54.804779999999994
Idaho,2022,wilderness,5,0.0171
Idaho,2022,wilderness,6,0.1107
Idaho,2023,roaded,0,0.0
Idaho,2023,roaded,1,23.246126999999998
Idaho,2023,roaded,2,38.076164999999996
Idaho,2023,roaded,3,12.256920000000001
Idaho,2023,roaded,4,7.297181999999999
Idaho,2023,roaded,5,0.0675
Idaho,2023,roaded,6,0.06084
Idaho,2023,roadless,0,0.0
Idaho,2023,roadless,1,9.279729
Idaho,2023,roadless,2,34.645536
Idaho,2023,roadless,3,26.775233999999998
Idaho,2023,roadless,4,26.659881
Idaho,2023,roadless,5,0.0045000000000000005
Idaho,2023,roadless,6,0.15839999999999999
Idaho,2023,wilderness,0,0.0
Idaho,2023,wilderness,1,7.263603
Idaho,2023,wilderness,2,36.645866999999996
Idaho,2023,wilderness,3,28.036196999999998
Idaho,2023,wilderness,4,16.6851
Idaho,2023,wilderness,5,0.026099999999999998
Idaho,2023,wilderness,6,0.9282600000000001
Idaho,2024,roaded,0,0.0
Idaho,2024,roaded,1,0.0
Idaho,2024,roaded,2,0.0
Idaho,2024,roaded,3,0.0
Idaho,2024,roaded,4,0.0
Idaho,2024,roaded,5,0.0
Idaho,2024,roaded,6,0.0
Idaho,2024,roadless,0,0.0
Idaho,2024,roadless,1,0.0
Idaho,2024,roadless,2,0.0
Idaho,2024,roadless,3,0.0
Idaho,2024,roadless,4,0.0
Idaho,2024,roadless,5,0.0
Idaho,2024,roadless,6,0.0
Idaho,2024,wilderness,0,0.0
Idaho,2024,wilderness,1,0.0
Idaho,2024,wilderness,2,0.0
Idaho,2024,wilderness,3,0.0
Idaho,2024,wilderness,4,0.0
Idaho,2024,wilderness,5,0.0
Idaho,2024,wilderness,6,0.0
Montana,1984,roaded,0,0.0
Montana,1984,roaded,1,2.8540710000000002
Montana,1984,roaded,2,4.476618
Montana,1984,roaded,3,5.115698999999999
Montana,1984,roaded,4,5.393241
Montana,1984,roaded,5,0.030869999999999998
Montana,1984,roaded,6,0.0
Montana,1984,roadless,0,0.0
Montana,1984,roadless,1,2.7666090000000003
Montana,1984,roadless,2,4.256046
Montana,1984,roadless,3,1.885959
Montana,1984,roadless,4,0.890334
Montana,1984,roadless,5,0.093042
Montana,1984,roadless,6,0.0
Montana,1984,wilderness,0,0.0
Montana,1984,wilderness,1,0.8976149999999999
Montana,1984,wilderness,2,2.415402
Montana,1984,wilderness,3,1.5875819999999998
Montana,1984,wilderness,4,0.4509
Montana,1984,wilderness,5,0.147888
Montana,1984,wilderness,6,0.0
Montana,1985,roaded,0,0.0
Montana,1985,roaded,1,1.701918
Montana,1985,roaded,2,2.533779
Montana,1985,roaded,3,2.329389
Montana,1985,roaded,4,2.285091
Montana,1985,roaded,5,0.030132
Montana,1985,roaded,6,0.0
Montana,1985,roadless,0,0.0
Montana,1985,roadless,1,6.759278999999999
Montana,1985,roadless,2,6.316541999999999
Montana,1985,roadless,3,6.114752999999999
Montana,1985,roadless,4,13.657986
Montana,1985,roadless,5,0.48417299999999996
Montana,1985,roadless,6,0.0
Montana,1985,wilderness,0,0.0
Montana,1985,wilderness,1,2.763
Montana,1985,wilderness,2,1.5048
Montana,1985,wilderness,3,6.3252
Montana,1985,wilderness,4,4.9572
Montana,1985,wilderness,5,0.042300000000000004
Montana,1985,wilderness,6,0.0
Montana,1986,roaded,0,0.0
Montana,1986,roaded,1,0.0
Montana,1986,roaded,2,0.0
Montana,1986,roaded,3,0.0
Montana,1986,roaded,4,0.0
Montana,1986,roaded,5,0.0
Montana,1986,roaded,6,0.0
Montana,1986,roadless,0,0.0
Montana,1986,roadless,1,0.0
Montana,1986,roadless,2,0.0
Montana,1986,roadless,3,0.0
Montana,1986,roadless,4,0.0
Montana,1986,roadless,5,0.0
Montana,1986,roadless,6,0.0
Montana,1986,wilderness,0,0.0
Montana,1986,wilderness,1,0.0
Montana,1986,wilderness,2,0.0
Montana,1986,wilderness,3,0.0
Montana,1986,wilderness,4,0.0
Montana,1986,wilderness,5,0.0
Montana,1986,wilderness,6,0.0
Montana,1987,roaded,0,0.0
Montana,1987,roaded,1,0.19319399999999998
Montana,1987,roaded,2,0.165429
Montana,1987,roaded,3,0.112545
Montana,1987,roaded,4,0.014175
Montana,1987,roaded,5,0.0
Montana,1987,roaded,6,0.0
Montana,1987,roadless,0,0.0
Montana,1987,roadless,1,0.0
Montana,1987,roadless,2,0.0
Montana,1987,roadless,3,0.0
Montana,1987,roadless,4,0.0
Montana,1987,roadless,5,0.0
Montana,1987,roadless,6,0.0
Montana,1987,wilderness,0,0.0
Montana,1987,wilderness,1,0.0
Montana,1987,wilderness,2,0.0
Montana,1987,wilderness,3,0.0
Montana,1987,wilderness,4,0.0
Montana,1987,wilderness,5,0.0
Montana,1987,wilderness,6,0.0
Montana,1988,roaded,0,0.043209
Montana,1988,roaded,1,72.01979999999999
Montana,1988,roaded,2,52.781364
Montana,1988,roaded,3,65.68281
Montana,1988,roaded,4,110.23886699999998
Montana,1988,roaded,5,2.998449
Montana,1988,roaded,6,2.20104
Montana,1988,roadless,0,0.020439
Montana,1988,roadless,1,35.646552
Montana,1988,roadless,2,36.651276
Montana,1988,roadless,3,46.608264
Montana,1988,roadless,4,135.05760899999999
Montana,1988,roadless,5,1.9080000000000001
Montana,1988,roadless,6,1.458801
Montana,1988,wilderness,0,0.0
Montana,1988,wilderness,1,120.657177
Montana,1988,wilderness,2,154.56545999999997
Montana,1988,wilderness,3,161.626968
Montana,1988,wilderness,4,435.414609
Montana,1988,wilderness,5,0.989901
Montana,1988,wilderness,6,8.598158999999999
Montana,1989,roaded,0,0.0
Montana,1989,roaded,1,0.93069
Montana,1989,roaded,2,0.9693
Montana,1989,roaded,3,0.44189999999999996
Montana,1989,roaded,4,0.17190000000000003
Montana,1989,roaded,5,0.0009
Montana,1989,roaded,6,0.0
Montana,1989,roadless,0,0.0
Montana,1989,roadless,1,0.05391
Montana,1989,roadless,2,0.0009
Montana,1989,roadless,3,0.0
Montana,1989,roadless,4,0.0
Montana,1989,roadless,5,0.0063
Montana,1989,roadless,6,0.0
Montana,1989,wilderness,0,0.0
Montana,1989,wilderness,1,0.0
Montana,1989,wilderness,2,0.0
Montana,1989,wilderness,3,0.0
Montana,1989,wilderness,4,0.0
Montana,1989,wilderness,5,0.0
Montana,1989,wilderness,6,0.0
Montana,1990,roaded,0,0.0
Montana,1990,roaded,1,2.110446
Montana,1990,roaded,2,2.19042
Montana,1990,roaded,3,3.4951499999999998
Montana,1990,roaded,4,6.662402999999999
Montana,1990,roaded,5,0.0675
Montana,1990,roaded,6,1.1900249999999999
Montana,1990,roadless,0,0.0
Montana,1990,roadless,1,2.728242
Montana,1990,roadless,2,2.631168
Montana,1990,roadless,3,5.099715
Montana,1990,roadless,4,10.975878
Montana,1990,roadless,5,0.0513
Montana,1990,roadless,6,1.8888749999999999
Montana,1990,wilderness,0,0.0
Montana,1990,wilderness,1,0.015191999999999999
Montana,1990,wilderness,2,0.006912000000000001
Montana,1990,wilderness,3,0.011862
Montana,1990,wilderness,4,0.014372999999999999
Montana,1990,wilderness,5,0.0
Montana,1990,wilderness,6,0.0
Montana,1991,roaded,0,0.047988
Montana,1991,roaded,1,8.168417999999999
Montana,1991,roaded,2,11.138418
Montana,1991,roaded,3,9.415962
Montana,1991,roaded,4,15.815844
Montana,1991,roaded,5,0.173223
Montana,1991,roaded,6,0.12960000000000002
Montana,1991,roadless,0,0.022005
Montana,1991,roadless,1,4.788513
Montana,1991,roadless,2,4.117113
Montana,1991,roadless,3,5.831333999999999
Montana,1991,roadless,4,9.64161
Montana,1991,roadless,5,0.080586
Montana,1991,roadless,6,0.0
Montana,1991,wilderness,0,0.0
Montana,1991,wilderness,1,1.120059
Montana,1991,wilderness,2,0.8742690000000001
Montana,1991,wilderness,3,1.072926
Montana,1991,wilderness,4,1.989846
Montana,1991,wilderness,5,0.006291
Montana,1991,wilderness,6,0.0828
Montana,1992,roaded,0,0.0
Montana,1992,roaded,1,0.525186
Montana,1992,roaded,2,0.9912779999999999
Montana,1992,roaded,3,2.503863
Montana,1992,roaded,4,1.1448
Montana,1992,roaded,5,0.011699999999999999
Montana,1992,roaded,6,0.0
Montana,1992,roadless,0,0.0
Montana,1992,roadless,1,0.0
Montana,1992,roadless,2,0.0
Montana,1992,roadless,3,0.0
Montana,1992,roadless,4,0.0
Montana,1992,roadless,5,0.0
Montana,1992,roadless,6,0.0
Montana,1992,wilderness,0,0.0
Montana,1992,wilderness,1,0.0
Montana,1992,wilderness,2,0.0
Montana,1992,wilderness,3,0.0
Montana,1992,wilderness,4,0.0
Montana,1992,wilderness,5,0.0
Montana,1992,wilderness,6,0.0
Montana,1993,roaded,0,0.0
Montana,1993,roaded,1,0.0
Montana,1993,roaded,2,0.0
Montana,1993,roaded,3,0.0
Montana,1993,roaded,4,0.0
Montana,1993,roaded,5,0.0
Montana,1993,roaded,6,0.0
Montana,1993,roadless,0,0.0
Montana,1993,roadless,1,0.0
Montana,1993,roadless,2,0.0
Montana,1993,roadless,3,0.0
Montana,1993,roadless,4,0.0
Montana,1993,roadless,5,0.0
Montana,1993,roadless,6,0.0
Montana,1993,wilderness,0,0.0
Montana,1993,wilderness,1,0.0
Montana,1993,wilderness,2,0.0
Montana,1993,wilderness,3,0.0
Montana,1993,wilderness,4,0.0
Montana,1993,wilderness,5,0.0
Montana,1993,wilderness,6,0.0
Montana,1994,roaded,0,0.047988
Montana,1994,roaded,1,45.246033
Montana,1994,roaded,2,51.855138
Montana,1994,roaded,3,36.418968
Montana,1994,roaded,4,20.089062
Montana,1994,roaded,5,1.521369
Montana,1994,roaded,6,0.5616
Montana,1994,roadless,0,0.022005
Montana,1994,roadless,1,16.669826999999998
Montana,1994,roadless,2,18.153099
Montana,1994,roadless,3,10.391967
Montana,1994,roadless,4,6.855219000000001
Montana,1994,roadless,5,1.6689059999999998
Montana,1994,roadless,6,0.0009
Montana,1994,wilderness,0,0.0
Montana,1994,wilderness,1,4.646204999999999
Montana,1994,wilderness,2,8.317845
Montana,1994,wilderness,3,9.008217
Montana,1994,wilderness,4,10.71378
Montana,1994,wilderness,5,0.31162500000000004
Montana,1994,wilderness,6,2.0169
Montana,1995,roaded,0,0.0
Montana,1995,roaded,1,0.0
Montana,1995,roaded,2,0.0
Montana,1995,roaded,3,0.0
Montana,1995,roaded,4,0.0
Montana,1995,roaded,5,0.0
Montana,1995,roaded,6,0.0
Montana,1995,roadless,0,0.0
Montana,1995,roadless,1,0.0
Montana,1995,roadless,2,0.0
Montana,1995,roadless,3,0.0
Montana,1995,roadless,4,0.0
Montana,1995,roadless,5,0.0
Montana,1995,roadless,6,0.0
Montana,1995,wilderness,0,0.0
Montana,1995,wilderness,1,0.0
Montana,1995,wilderness,2,0.0
Montana,1995,wilderness,3,0.0
Montana,1995,wilderness,4,0.0
Montana,1995,wilderness,5,0.0
Montana,1995,wilderness,6,0.0
Montana,1996,roaded,0,0.0
Montana,1996,roaded,1,2.978091
Montana,1996,roaded,2,3.272796
Montana,1996,roaded,3,3.635478
Montana,1996,roaded,4,7.571205
Montana,1996,roaded,5,0.0414
Montana,1996,roaded,6,0.10525499999999999
Montana,1996,roadless,0,0.0
Montana,1996,roadless,1,1.3271939999999998
Montana,1996,roadless,2,0.767349
Montana,1996,roadless,3,0.9713339999999999
Montana,1996,roadless,4,0.831249
Montana,1996,roadless,5,0.0351
Montana,1996,roadless,6,0.0
Montana,1996,wilderness,0,0.0
Montana,1996,wilderness,1,9.297512999999999
Montana,1996,wilderness,2,4.428405
Montana,1996,wilderness,3,5.29371
Montana,1996,wilderness,4,19.832714999999997
Montana,1996,wilderness,5,0.046799999999999994
Montana,1996,wilderness,6,0.078345
Montana,1997,roaded,0,0.0
Montana,1997,roaded,1,0.0
Montana,1997,roaded,2,0.0
Montana,1997,roaded,3,0.0
Montana,1997,roaded,4,0.0
Montana,1997,roaded,5,0.0
Montana,1997,roaded,6,0.0
Montana,1997,roadless,0,0.0
Montana,1997,roadless,1,0.0
Montana,1997,roadless,2,0.0
Montana,1997,roadless,3,0.0
Montana,1997,roadless,4,0.0
Montana,1997,roadless,5,0.0
Montana,1997,roadless,6,0.0
Montana,1997,wilderness,0,0.0
Montana,1997,wilderness,1,0.0
Montana,1997,wilderness,2,0.0
Montana,1997,wilderness,3,0.0
Montana,1997,wilderness,4,0.0
Montana,1997,wilderness,5,0.0
Montana,1997,wilderness,6,0.0
Montana,1998,roaded,0,0.047988
Montana,1998,roaded,1,8.370125999999999
Montana,1998,roaded,2,12.874806
Montana,1998,roaded,3,10.429298999999999
Montana,1998,roaded,4,12.859200000000001
Montana,1998,roaded,5,0.013500000000000002
Montana,1998,roaded,6,0.0
Montana,1998,roadless,0,0.022005
Montana,1998,roadless,1,3.932406
Montana,1998,roadless,2,3.7232369999999997
Montana,1998,roadless,3,5.227632
Montana,1998,roadless,4,10.048347
Montana,1998,roadless,5,0.011673
Montana,1998,roadless,6,0.6912
Montana,1998,wilderness,0,0.0
Montana,1998,wilderness,1,3.510567
Montana,1998,wilderness,2,2.005713
Montana,1998,wilderness,3,3.364875
Montana,1998,wilderness,4,10.763505
Montana,1998,wilderness,5,0.143127
Montana,1998,wilderness,6,0.0
Montana,1999,roaded,0,0.043209
Montana,1999,roaded,1,0.41975100000000004
Montana,1999,roaded,2,0.391626
Montana,1999,roaded,3,0.8344079999999999
Montana,1999,roaded,4,1.556217
Montana,1999,roaded,5,0.0
Montana,1999,roaded,6,0.0
Montana,1999,roadless,0,0.020439
Montana,1999,roadless,1,0.092943
Montana,1999,roadless,2,0.046989
Montana,1999,roadless,3,0.07150499999999999
Montana,1999,roadless,4,0.053361
Montana,1999,roadless,5,0.0
Montana,1999,roadless,6,0.0
Montana,1999,wilderness,0,0.0
Montana,1999,wilderness,1,0.0
Montana,1999,wilderness,2,0.0
Montana,1999,wilderness,3,0.0
Montana,1999,wilderness,4,0.0
Montana,1999,wilderness,5,0.0
Montana,1999,wilderness,6,0.0
Montana,2000,roaded,0,0.047988
Montana,2000,roaded,1,274.888548
Montana,2000,roaded,2,331.977492
Montana,2000,roaded,3,277.741341
Montana,2000,roaded,4,241.35651900000002
Montana,2000,roaded,5,2.719107
Montana,2000,roaded,6,0.12563999999999997
Montana,2000,roadless,0,0.022005
Montana,2000,roadless,1,132.532875
Montana,2000,roadless,2,138.489228
Montana,2000,roadless,3,139.038471
Montana,2000,roadless,4,246.91008599999998
Montana,2000,roadless,5,0.9819359999999999
Montana,2000,roadless,6,2.170719
Montana,2000,wilderness,0,0.0
Montana,2000,wilderness,1,44.807625
Montana,2000,wilderness,2,44.51230799999999
Montana,2000,wilderness,3,36.654156
Montana,2000,wilderness,4,78.328737
Montana,2000,wilderness,5,0.5140349999999999
Montana,2000,wilderness,6,0.823041
Montana,2001,roaded,0,0.043209
Montana,2001,roaded,1,23.438394
Montana,2001,roaded,2,34.530120000000004
Montana,2001,roaded,3,46.421108999999994
Montana,2001,roaded,4,80.756136
Montana,2001,roaded,5,0.44953199999999993
Montana,2001,roaded,6,0.0
Montana,2001,roadless,0,0.020439
Montana,2001,roadless,1,15.821289
Montana,2001,roadless,2,18.916325999999998
Montana,2001,roadless,3,24.619238999999997
Montana,2001,roadless,4,65.952684
Montana,2001,roadless,5,0.258867
Montana,2001,roadless,6,2.4543
Montana,2001,wilderness,0,0.0
Montana,2001,wilderness,1,11.917926
Montana,2001,wilderness,2,23.844285
Montana,2001,wilderness,3,24.051042
Montana,2001,wilderness,4,24.980877
Montana,2001,wilderness,5,0.05301
Montana,2001,wilderness,6,0.4104
Montana,2002,roaded,0,0.0
Montana,2002,roaded,1,5.380802999999999
Montana,2002,roaded,2,26.036595
Montana,2002,roaded,3,48.235913999999994
Montana,2002,roaded,4,18.655074
Montana,2002,roaded,5,0.2727
Montana,2002,roaded,6,0.0
Montana,2002,roadless,0,0.0
Montana,2002,roadless,1,0.251055
Montana,2002,roadless,2,0.491004
Montana,2002,roadless,3,0.5710679999999999
Montana,2002,roadless,4,0.38835000000000003
Montana,2002,roadless,5,0.0
Montana,2002,roadless,6,0.0
Montana,2002,wilderness,0,0.0
Montana,2002,wilderness,1,0.0
Montana,2002,wilderness,2,0.0
Montana,2002,wilderness,3,0.0
Montana,2002,wilderness,4,0.0
Montana,2002,wilderness,5,0.0
Montana,2002,wilderness,6,0.0
Montana,2003,roaded,0,0.047988
Montana,2003,roaded,1,77.471424
Montana,2003,roaded,2,156.39811199999997
Montana,2003,roaded,3,166.461903
Montana,2003,roaded,4,125.992053
Montana,2003,roaded,5,1.5601859999999999
Montana,2003,roaded,6,10.918206
Montana,2003,roadless,0,0.022005
Montana,2003,roadless,1,44.863946999999996
Montana,2003,roadless,2,57.140937
Montana,2003,roadless,3,67.135311
Montana,2003,roadless,4,113.03855100000001
Montana,2003,roadless,5,0.6168330000000001
Montana,2003,roadless,6,2.118393
Montana,2003,wilderness,0,0.0
Montana,2003,wilderness,1,63.075213000000005
Montana,2003,wilderness,2,102.257001
Montana,2003,wilderness,3,97.900452
Montana,2003,wilderness,4,102.85987499999999
Montana,2003,wilderness,5,1.177632
Montana,2003,wilderness,6,7.936217999999999
Montana,2004,roaded,0,0.0
Montana,2004,roaded,1,0.202959
Montana,2004,roaded,2,0.5081309999999999
Montana,2004,roaded,3,1.263843
Montana,2004,roaded,4,0.47810699999999995
Montana,2004,roaded,5,0.0
Montana,2004,roaded,6,0.0
Montana,2004,roadless,0,0.0
Montana,2004,roadless,1,0.5071410000000001
Montana,2004,roadless,2,1.91241
Montana,2004,roadless,3,0.834084
Montana,2004,roadless,4,0.0
Montana,2004,roadless,5,0.0
Montana,2004,roadless,6,0.0
Montana,2004,wilderness,0,0.0
Montana,2004,wilderness,1,0.0
Montana,2004,wilderness,2,0.0
Montana,2004,wilderness,3,0.0
Montana,2004,wilderness,4,0.0
Montana,2004,wilderness,5,0.0
Montana,2004,wilderness,6,0.0
Montana,2005,roaded,0,0.0
Montana,2005,roaded,1,16.879229999999996
Montana,2005,roaded,2,22.415724
Montana,2005,roaded,3,16.41348
Montana,2005,roaded,4,11.914785
Montana,2005,roaded,5,0.42054300000000006
Montana,2005,roaded,6,0.424872
Montana,2005,roadless,0,0.0
Montana,2005,roadless,1,7.428843
Montana,2005,roadless,2,8.188803
Montana,2005,roadless,3,8.607024
Montana,2005,roadless,4,14.810706
Montana,2005,roadless,5,0.029007
Montana,2005,roadless,6,0.268128
Montana,2005,wilderness,0,0.0
Montana,2005,wilderness,1,9.219807
Montana,2005,wilderness,2,13.620654000000002
Montana,2005,wilderness,3,11.490515999999998
Montana,2005,wilderness,4,16.719957
Montana,2005,wilderness,5,0.054000000000000006
Montana,2005,wilderness,6,0.18719999999999998
Montana,2006,roaded,0,0.047988
Montana,2006,roaded,1,18.85545
Montana,2006,roaded,2,31.722894
Montana,2006,roaded,3,43.582446
Montana,2006,roaded,4,47.39321699999999
Montana,2006,roaded,5,0.417222
Montana,2006,roaded,6,2.287926
Montana,2006,roadless,0,0.022005
Montana,2006,roadless,1,13.152483
Montana,2006,roadless,2,25.820117999999997
Montana,2006,roadless,3,47.329326
Montana,2006,roadless,4,104.883174
Montana,2006,roadless,5,0.406665
Montana,2006,roadless,6,2.149974
Montana,2006,wilderness,0,0.0
Montana,2006,wilderness,1,16.145432999999997
Montana,2006,wilderness,2,17.774343
Montana,2006,wilderness,3,24.823161
Montana,2006,wilderness,4,55.916775
Montana,2006,wilderness,5,0.184599
Montana,2006,wilderness,6,0.7452
Montana,2007,roaded,0,0.0
Montana,2007,roaded,1,111.97948499999998
Montana,2007,roaded,2,143.206551
Montana,2007,roaded,3,142.505361
Montana,2007,roaded,4,129.220596
Montana,2007,roaded,5,1.9660769999999999
Montana,2007,roaded,6,40.655853
Montana,2007,roadless,0,0.0
Montana,2007,roadless,1,99.284049
Montana,2007,roadless,2,133.165719
Montana,2007,roadless,3,138.21123599999999
Montana,2007,roadless,4,222.948594
Montana,2007,roadless,5,0.919359
Montana,2007,roadless,6,25.601949
Montana,2007,wilderness,0,0.0
Montana,2007,wilderness,1,111.22358399999999
Montana,2007,wilderness,2,127.19841299999999
Montana,2007,wilderness,3,162.02546999999998
Montana,2007,wilderness,4,264.479211
Montana,2007,wilderness,5,1.029114
Montana,2007,wilderness,6,4.2048000000000005
Montana,2008,roaded,0,0.0
Montana,2008,roaded,1,0.634869
Montana,2008,roaded,2,1.034118
Montana,2008,roaded,3,1.128429
Montana,2008,roaded,4,2.2883579999999997
Montana,2008,roaded,5,0.0
Montana,2008,roaded,6,0.0
Montana,2008,roadless,0,0.0
Montana,2008,roadless,1,1.5654329999999999
Montana,2008,roadless,2,2.3437799999999998
Montana,2008,roadless,3,3.348639
Montana,2008,roadless,4,11.282886000000001
Montana,2008,roadless,5,0.015300000000000001
Montana,2008,roadless,6,0.10439999999999999
Montana,2008,wilderness,0,0.0
Montana,2008,wilderness,1,1.5761070000000001
Montana,2008,wilderness,2,1.579878
Montana,2008,wilderness,3,2.0446469999999994
Montana,2008,wilderness,4,8.276256
Montana,2008,wilderness,5,0.0045000000000000005
Montana,2008,wilderness,6,0.0
Montana,2009,roaded,0,0.043209
Montana,2009,roaded,1,2.321523
Montana,2009,roaded,2,5.309928
Montana,2009,roaded,3,4.5696509999999995
Montana,2009,roaded,4,3.7049129999999995
Montana,2009,roaded,5,0.011699999999999999
Montana,2009,roaded,6,0.0
Montana,2009,roadless,0,0.020439
Montana,2009,roadless,1,6.954984
Montana,2009,roadless,2,12.156111000000001
Montana,2009,roadless,3,8.244774
Montana,2009,roadless,4,18.317753999999997
Montana,2009,roadless,5,0.1602
Montana,2009,roadless,6,0.0
Montana,2009,wilderness,0,0.0
Montana,2009,wilderness,1,2.892393
Montana,2009,wilderness,2,8.075061
Montana,2009,wilderness,3,5.872274999999999
Montana,2009,wilderness,4,5.8989329999999995
Montana,2009,wilderness,5,0.1548
Montana,2009,wilderness,6,0.0
Montana,2010,roaded,0,0.0
Montana,2010,roaded,1,0.7748999999999999
Montana,2010,roaded,2,1.1574
Montana,2010,roaded,3,1.98
Montana,2010,roaded,4,3.1293
Montana,2010,roaded,5,0.0
Montana,2010,roaded,6,0.13140000000000002
Montana,2010,roadless,0,0.0
Montana,2010,roadless,1,0.0
Montana,2010,roadless,2,0.0
Montana,2010,roadless,3,0.0
Montana,2010,roadless,4,0.0
Montana,2010,roadless,5,0.0
Montana,2010,roadless,6,0.0
Montana,2010,wilderness,0,0.0
Montana,2010,wilderness,1,1.2933000000000001
Montana,2010,wilderness,2,1.2897
Montana,2010,wilderness,3,1.6452
Montana,2010,wilderness,4,3.6873
Montana,2010,wilderness,5,0.009899999999999999
Montana,2010,wilderness,6,0.0
Montana,2011,roaded,0,0.0
Montana,2011,roaded,1,9.438804
Montana,2011,roaded,2,24.241041
Montana,2011,roaded,3,20.08098
Montana,2011,roaded,4,32.028470999999996
Montana,2011,roaded,5,0.16137
Montana,2011,roaded,6,20.965733999999998
Montana,2011,roadless,0,0.0
Montana,2011,roadless,1,10.722195
Montana,2011,roadless,2,15.200667
Montana,2011,roadless,3,15.613541999999997
Montana,2011,roadless,4,25.333100999999996
Montana,2011,roadless,5,0.5577300000000001
Montana,2011,roadless,6,19.090853999999997
Montana,2011,wilderness,0,0.0
Montana,2011,wilderness,1,5.974055999999999
Montana,2011,wilderness,2,11.983167000000002
Montana,2011,wilderness,3,8.555679
Montana,2011,wilderness,4,7.521956999999999
Montana,2011,wilderness,5,0.1107
Montana,2011,wilderness,6,15.532146000000001
Montana,2012,roaded,0,0.0
Montana,2012,roaded,1,13.794687
Montana,2012,roaded,2,78.929748
Montana,2012,roaded,3,107.86886099999998
Montana,2012,roaded,4,102.060999
Montana,2012,roaded,5,0.117531
Montana,2012,roaded,6,73.667682
Montana,2012,roadless,0,0.0
Montana,2012,roadless,1,8.356103999999998
Montana,2012,roadless,2,21.812931
Montana,2012,roadless,3,24.680870999999996
Montana,2012,roadless,4,37.418201999999994
Montana,2012,roadless,5,0.155079
Montana,2012,roadless,6,7.790526
Montana,2012,wilderness,0,0.0
Montana,2012,wilderness,1,27.534573
Montana,2012,wilderness,2,41.180355
Montana,2012,wilderness,3,43.997372999999996
Montana,2012,wilderness,4,64.65255300000001
Montana,2012,wilderness,5,0.21420000000000003
Montana,2012,wilderness,6,3.3287220000000004
Montana,2013,roaded,0,0.0
Montana,2013,roaded,1,4.833702
Montana,2013,roaded,2,19.911203999999998
Montana,2013,roaded,3,20.492991000000004
Montana,2013,roaded,4,12.463695
Montana,2013,roaded,5,0.016551
Montana,2013,roaded,6,1.129716
Montana,2013,roadless,0,0.0
Montana,2013,roadless,1,7.682948999999999
Montana,2013,roadless,2,10.639845000000001
Montana,2013,roadless,3,12.701583000000001
Montana,2013,roadless,4,17.492994
Montana,2013,roadless,5,0.082449
Montana,2013,roadless,6,6.463728
Montana,2013,wilderness,0,0.0
Montana,2013,wilderness,1,11.518515
Montana,2013,wilderness,2,20.808116999999996
Montana,2013,wilderness,3,30.719835
Montana,2013,wilderness,4,43.003098
Montana,2013,wilderness,5,0.0684
Montana,2013,wilderness,6,4.613237999999999
Montana,2014,roaded,0,0.0
Montana,2014,roaded,1,1.139121
Montana,2014,roaded,2,3.5832239999999995
Montana,2014,roaded,3,2.6491770000000003
Montana,2014,roaded,4,1.151883
Montana,2014,roaded,5,0.009000000000000001
Montana,2014,roaded,6,0.0
Montana,2014,roadless,0,0.0
Montana,2014,roadless,1,0.309879
Montana,2014,roadless,2,0.536976
Montana,2014,roadless,3,0.42522299999999996
Montana,2014,roadless,4,0.494217
Montana,2014,roadless,5,0.0
Montana,2014,roadless,6,0.0
Montana,2014,wilderness,0,0.0
Montana,2014,wilderness,1,0.0
Montana,2014,wilderness,2,0.0
Montana,2014,wilderness,3,0.0
Montana,2014,wilderness,4,0.0
Montana,2014,wilderness,5,0.0
Montana,2014,wilderness,6,0.0
Montana,2015,roaded,0,0.047988
Montana,2015,roaded,1,17.921475
Montana,2015,roaded,2,33.221223
Montana,2015,roaded,3,31.669461
Montana,2015,roaded,4,29.507274
Montana,2015,roaded,5,0.073539
Montana,2015,roaded,6,0.0032579999999999996
Montana,2015,roadless,0,0.022005
Montana,2015,roadless,1,38.276325
Montana,2015,roadless,2,92.279889
Montana,2015,roadless,3,85.307787
Montana,2015,roadless,4,154.70376299999998
Montana,2015,roadless,5,0.09317700000000001
Montana,2015,roadless,6,1.0176029999999998
Montana,2015,wilderness,0,0.0
Montana,2015,wilderness,1,51.025437000000004
Montana,2015,wilderness,2,58.95152099999999
Montana,2015,wilderness,3,49.352832
Montana,2015,wilderness,4,79.21389599999999
Montana,2015,wilderness,5,0.416484
Montana,2015,wilderness,6,0.8370360000000001
Montana,2016,roaded,0,0.0
Montana,2016,roaded,1,3.857553
Montana,2016,roaded,2,15.37983
Montana,2016,roaded,3,25.211016
Montana,2016,roaded,4,31.081328999999997
Montana,2016,roaded,5,0.013500000000000002
Montana,2016,roaded,6,1.5040799999999999
Montana,2016,roadless,0,0.0
Montana,2016,roadless,1,4.5659339999999995
Montana,2016,roadless,2,17.61786
Montana,2016,roadless,3,17.734833
Montana,2016,roadless,4,11.152413
Montana,2016,roadless,5,0.07200000000000001
Montana,2016,roadless,6,0.9351
Montana,2016,wilderness,0,0.0
Montana,2016,wilderness,1,0.524457
Montana,2016,wilderness,2,1.435626
Montana,2016,wilderness,3,0.705456
Montana,2016,wilderness,4,0.0675
Montana,2016,wilderness,5,0.0405
Montana,2016,wilderness,6,0.0
Montana,2017,roaded,0,0.047988
Montana,2017,roaded,1,88.010829
Montana,2017,roaded,2,292.161411
Montana,2017,roaded,3,253.845432
Montana,2017,roaded,4,153.332145
Montana,2017,roaded,5,1.247625
Montana,2017,roaded,6,0.028169999999999997
Montana,2017,roadless,0,0.022005
Montana,2017,roadless,1,89.65206
Montana,2017,roadless,2,234.311058
Montana,2017,roadless,3,271.735416
Montana,2017,roadless,4,261.859959
Montana,2017,roadless,5,1.239147
Montana,2017,roadless,6,0.054900000000000004
Montana,2017,wilderness,0,0.0
Montana,2017,wilderness,1,86.1534
Montana,2017,wilderness,2,127.01229299999999
Montana,2017,wilderness,3,146.719089
Montana,2017,wilderness,4,175.59210599999997
Montana,2017,wilderness,5,2.078172
Montana,2017,wilderness,6,0.37953
Montana,2018,roaded,0,0.047988
Montana,2018,roaded,1,8.35605
Montana,2018,roaded,2,17.285787
Montana,2018,roaded,3,11.403953999999999
Montana,2018,roaded,4,19.793277
Montana,2018,roaded,5,0.057123
Montana,2018,roaded,6,0.0
Montana,2018,roadless,0,0.022005
Montana,2018,roadless,1,10.611747000000001
Montana,2018,roadless,2,25.120656
Montana,2018,roadless,3,20.180124
Montana,2018,roadless,4,15.431544
Montana,2018,roadless,5,1.144377
Montana,2018,roadless,6,0.0
Montana,2018,wilderness,0,0.0
Montana,2018,wilderness,1,9.050562
Montana,2018,wilderness,2,13.505706
Montana,2018,wilderness,3,13.129407
Montana,2018,wilderness,4,8.021195999999998
Montana,2018,wilderness,5,0.0693
Montana,2018,wilderness,6,0.0
Montana,2019,roaded,0,0.0
Montana,2019,roaded,1,0.674739
Montana,2019,roaded,2,1.74987
Montana,2019,roaded,3,0.10859400000000001
Montana,2019,roaded,4,0.0
Montana,2019,roaded,5,0.048600000000000004
Montana,2019,roaded,6,0.0054
Montana,2019,roadless,0,0.0
Montana,2019,roadless,1,2.9585610000000004
Montana,2019,roadless,2,7.6929300000000005
Montana,2019,roadless,3,6.410106
Montana,2019,roadless,4,3.9528
Montana,2019,roadless,5,0.0
Montana,2019,roadless,6,0.0
Montana,2019,wilderness,0,0.0
Montana,2019,wilderness,1,0.7155
Montana,2019,wilderness,2,1.7811000000000001
Montana,2019,wilderness,3,3.2264999999999997
Montana,2019,wilderness,4,1.8108000000000002
Montana,2019,wilderness,5,0.009000000000000001
Montana,2019,wilderness,6,0.2916
Montana,2020,roaded,0,0.004779
Montana,2020,roaded,1,7.213112999999998
Montana,2020,roaded,2,17.754029999999997
Montana,2020,roaded,3,6.2690850000000005
Montana,2020,roaded,4,3.494511
Montana,2020,roaded,5,0.0036
Montana,2020,roaded,6,0.10931399999999998
Montana,2020,roadless,0,0.001566
Montana,2020,roadless,1,7.472592
Montana,2020,roadless,2,17.975078999999997
Montana,2020,roadless,3,14.208975
Montana,2020,roadless,4,20.993300999999995
Montana,2020,roadless,5,0.0144
Montana,2020,roadless,6,0.17598599999999998
Montana,2020,wilderness,0,0.0
Montana,2020,wilderness,1,2.525571
Montana,2020,wilderness,2,6.181704
Montana,2020,wilderness,3,6.952230000000001
Montana,2020,wilderness,4,6.641325
Montana,2020,wilderness,5,0.0009
Montana,2020,wilderness,6,0.0
Montana,2021,roaded,0,0.047988
Montana,2021,roaded,1,54.93518099999999
Montana,2021,roaded,2,108.783783
Montana,2021,roaded,3,92.68929899999999
Montana,2021,roaded,4,108.22548599999999
Montana,2021,roaded,5,2.2953959999999998
Montana,2021,roaded,6,0.774315
Montana,2021,roadless,0,0.022005
Montana,2021,roadless,1,79.782642
Montana,2021,roadless,2,169.95864600000002
Montana,2021,roadless,3,168.555312
Montana,2021,roadless,4,214.824096
Montana,2021,roadless,5,1.1401919999999999
Montana,2021,roadless,6,1.265013
Montana,2021,wilderness,0,0.0
Montana,2021,wilderness,1,2.061
Montana,2021,wilderness,2,4.319100000000001
Montana,2021,wilderness,3,3.0077999999999996
Montana,2021,wilderness,4,6.263999999999999
Montana,2021,wilderness,5,0.0027
Montana,2021,wilderness,6,0.0
Montana,2022,roaded,0,0.047988
Montana,2022,roaded,1,9.572571
Montana,2022,roaded,2,27.871802999999996
Montana,2022,roaded,3,36.777915
Montana,2022,roaded,4,12.802689
Montana,2022,roaded,5,0.071703
Montana,2022,roaded,6,0.11699999999999999
Montana,2022,roadless,0,0.022005
Montana,2022,roadless,1,9.491616
Montana,2022,roadless,2,19.968966
Montana,2022,roadless,3,16.848485999999998
Montana,2022,roadless,4,8.028369
Montana,2022,roadless,5,0.132597
Montana,2022,roadless,6,0.0
Montana,2022,wilderness,0,0.0
Montana,2022,wilderness,1,2.921472
Montana,2022,wilderness,2,12.047894999999999
Montana,2022,wilderness,3,13.801004999999998
Montana,2022,wilderness,4,8.41455
Montana,2022,wilderness,5,0.0108
Montana,2022,wilderness,6,0.0
Montana,2023,roaded,0,0.043209
Montana,2023,roaded,1,9.959228999999999
Montana,2023,roaded,2,32.791301999999995
Montana,2023,roaded,3,37.833651
Montana,2023,roaded,4,25.404560999999998
Montana,2023,roaded,5,0.0126
Montana,2023,roaded,6,0.039599999999999996
Montana,2023,roadless,0,0.020439
Montana,2023,roadless,1,7.087949999999999
Montana,2023,roadless,2,16.694703
Montana,2023,roadless,3,22.224537
Montana,2023,roadless,4,19.065725999999998
Montana,2023,roadless,5,0.2115
Montana,2023,roadless,6,0.0
Montana,2023,wilderness,0,0.0
Montana,2023,wilderness,1,0.00414
Montana,2023,wilderness,2,0.003636
Montana,2023,wilderness,3,0.0
Montana,2023,wilderness,4,0.0
Montana,2023,wilderness,5,0.0
Montana,2023,wilderness,6,0.0
Montana,2024,roaded,0,0.0
Montana,2024,roaded,1,0.507699
Montana,2024,roaded,2,18.231417
Montana,2024,roaded,3,29.935475999999998
Montana,2024,roaded,4,28.108017
Montana,2024,roaded,5,0.0297
Montana,2024,roaded,6,0.0027
Montana,2024,roadless,0,0.0
Montana,2024,roadless,1,0.110133
Montana,2024,roadless,2,1.4261670000000002
Montana,2024,roadless,3,7.478091000000001
Montana,2024,roadless,4,20.176533
Montana,2024,roadless,5,0.0
Montana,2024,roadless,6,0.0
Montana,2024,wilderness,0,0.0
Montana,2024,wilderness,1,0.0
Montana,2024,wilderness,2,0.0
Montana,2024,wilderness,3,0.0
Montana,2024,wilderness,4,0.0
Montana,2024,wilderness,5,0.0
Montana,2024,wilderness,6,0.0
Nevada,1984,roaded,0,0.0
Nevada,1984,roaded,1,2.004201
Nevada,1984,roaded,2,2.0143079999999998
Nevada,1984,roaded,3,1.191465
Nevada,1984,roaded,4,0.972729
Nevada,1984,roaded,5,0.0054
Nevada,1984,roaded,6,0.0
Nevada,1984,roadless,0,0.0
Nevada,1984,roadless,1,0.02844
Nevada,1984,roadless,2,0.01008
Nevada,1984,roadless,3,0.005301
Nevada,1984,roadless,4,0.001251
Nevada,1984,roadless,5,0.0
Nevada,1984,roadless,6,0.0
Nevada,1984,wilderness,0,0.0
Nevada,1984,wilderness,1,0.577089
Nevada,1984,wilderness,2,0.448227
Nevada,1984,wilderness,3,0.409734
Nevada,1984,wilderness,4,0.18252
Nevada,1984,wilderness,5,0.0
Nevada,1984,wilderness,6,0.0
Nevada,1985,roaded,0,0.0
Nevada,1985,roaded,1,0.0
Nevada,1985,roaded,2,0.0
Nevada,1985,roaded,3,0.0
Nevada,1985,roaded,4,0.0
Nevada,1985,roaded,5,0.0
Nevada,1985,roaded,6,0.0
Nevada,1985,roadless,0,0.0
Nevada,1985,roadless,1,0.0036
Nevada,1985,roadless,2,0.0018
Nevada,1985,roadless,3,0.0
Nevada,1985,roadless,4,0.0
Nevada,1985,roadless,5,0.0
Nevada,1985,roadless,6,0.0
Nevada,1985,wilderness,0,0.0
Nevada,1985,wilderness,1,0.0
Nevada,1985,wilderness,2,0.0
Nevada,1985,wilderness,3,0.0
Nevada,1985,wilderness,4,0.0
Nevada,1985,wilderness,5,0.0
Nevada,1985,wilderness,6,0.0
Nevada,1986,roaded,0,0.0
Nevada,1986,roaded,1,0.0
Nevada,1986,roaded,2,0.0
Nevada,1986,roaded,3,0.0
Nevada,1986,roaded,4,0.0
Nevada,1986,roaded,5,0.0
Nevada,1986,roaded,6,0.0
Nevada,1986,roadless,0,0.0
Nevada,1986,roadless,1,0.12960000000000002
Nevada,1986,roadless,2,0.3348
Nevada,1986,roadless,3,0.4023
Nevada,1986,roadless,4,0.5283
Nevada,1986,roadless,5,0.0
Nevada,1986,roadless,6,0.0
Nevada,1986,wilderness,0,0.0
Nevada,1986,wilderness,1,0.0
Nevada,1986,wilderness,2,0.0
Nevada,1986,wilderness,3,0.0
Nevada,1986,wilderness,4,0.0
Nevada,1986,wilderness,5,0.0
Nevada,1986,wilderness,6,0.0
Nevada,1987,roaded,0,0.0
Nevada,1987,roaded,1,0.23302799999999999
Nevada,1987,roaded,2,0.166239
Nevada,1987,roaded,3,0.39816900000000005
Nevada,1987,roaded,4,0.164043
Nevada,1987,roaded,5,0.0
Nevada,1987,roaded,6,0.0
Nevada,1987,roadless,0,0.0
Nevada,1987,roadless,1,0.11331
Nevada,1987,roadless,2,0.140508
Nevada,1987,roadless,3,0.188082
Nevada,1987,roadless,4,0.10278899999999998
Nevada,1987,roadless,5,0.0
Nevada,1987,roadless,6,0.0
Nevada,1987,wilderness,0,0.0
Nevada,1987,wilderness,1,0.362934
Nevada,1987,wilderness,2,0.40540499999999996
Nevada,1987,wilderness,3,0.66978
Nevada,1987,wilderness,4,0.45316799999999996
Nevada,1987,wilderness,5,0.0
Nevada,1987,wilderness,6,0.0
Nevada,1988,roaded,0,0.0
Nevada,1988,roaded,1,0.0675
Nevada,1988,roaded,2,0.07513199999999999
Nevada,1988,roaded,3,0.067491
Nevada,1988,roaded,4,0.054189
Nevada,1988,roaded,5,0.0
Nevada,1988,roaded,6,0.0
Nevada,1988,roadless,0,0.0
Nevada,1988,roadless,1,0.0045000000000000005
Nevada,1988,roadless,2,0.010232999999999999
Nevada,1988,roadless,3,0.048276000000000006
Nevada,1988,roadless,4,0.039411
Nevada,1988,roadless,5,0.0
Nevada,1988,roadless,6,0.0
Nevada,1988,wilderness,0,0.0
Nevada,1988,wilderness,1,0.0
Nevada,1988,wilderness,2,0.0
Nevada,1988,wilderness,3,0.0
Nevada,1988,wilderness,4,0.0
Nevada,1988,wilderness,5,0.0
Nevada,1988,wilderness,6,0.0
Nevada,1989,roaded,0,0.0
Nevada,1989,roaded,1,0.00243
Nevada,1989,roaded,2,0.0072629999999999995
Nevada,1989,roaded,3,0.045584999999999994
Nevada,1989,roaded,4,0.07037099999999999
Nevada,1989,roaded,5,0.0
Nevada,1989,roaded,6,0.0
Nevada,1989,roadless,0,0.0
Nevada,1989,roadless,1,0.04167
Nevada,1989,roadless,2,0.085437
Nevada,1989,roadless,3,0.163215
Nevada,1989,roadless,4,0.087129
Nevada,1989,roadless,5,0.0
Nevada,1989,roadless,6,0.0
Nevada,1989,wilderness,0,0.0
Nevada,1989,wilderness,1,0.0
Nevada,1989,wilderness,2,0.0
Nevada,1989,wilderness,3,0.0
Nevada,1989,wilderness,4,0.0
Nevada,1989,wilderness,5,0.0
Nevada,1989,wilderness,6,0.0
Nevada,1990,roaded,0,0.0
Nevada,1990,roaded,1,0.008379
Nevada,1990,roaded,2,0.008091
Nevada,1990,roaded,3,0.0045000000000000005
Nevada,1990,roaded,4,0.0108
Nevada,1990,roaded,5,0.0009
Nevada,1990,roaded,6,0.0
Nevada,1990,roadless,0,0.0
Nevada,1990,roadless,1,0.0
Nevada,1990,roadless,2,0.0
Nevada,1990,roadless,3,0.0
Nevada,1990,roadless,4,0.0
Nevada,1990,roadless,5,0.0
Nevada,1990,roadless,6,0.0
Nevada,1990,wilderness,0,0.0
Nevada,1990,wilderness,1,0.0
Nevada,1990,wilderness,2,0.0
Nevada,1990,wilderness,3,0.0
Nevada,1990,wilderness,4,0.0
Nevada,1990,wilderness,5,0.0
Nevada,1990,wilderness,6,0.0
Nevada,1991,roaded,0,0.0
Nevada,1991,roaded,1,0.048167999999999996
Nevada,1991,roaded,2,0.05985
Nevada,1991,roaded,3,0.028512
Nevada,1991,roaded,4,0.0351
Nevada,1991,roaded,5,0.0
Nevada,1991,roaded,6,0.0
Nevada,1991,roadless,0,0.0
Nevada,1991,roadless,1,0.0
Nevada,1991,roadless,2,0.0
Nevada,1991,roadless,3,0.0009
Nevada,1991,roadless,4,0.0
Nevada,1991,roadless,5,0.0
Nevada,1991,roadless,6,0.0
Nevada,1991,wilderness,0,0.0
Nevada,1991,wilderness,1,0.015732
Nevada,1991,wilderness,2,0.02025
Nevada,1991,wilderness,3,0.011987999999999999
Nevada,1991,wilderness,4,0.0018
Nevada,1991,wilderness,5,0.0
Nevada,1991,wilderness,6,0.0
Nevada,1992,roaded,0,0.0
Nevada,1992,roaded,1,0.378666
Nevada,1992,roaded,2,0.43010999999999994
Nevada,1992,roaded,3,0.36155699999999996
Nevada,1992,roaded,4,0.331137
Nevada,1992,roaded,5,0.030959999999999998
Nevada,1992,roaded,6,0.0
Nevada,1992,roadless,0,0.0
Nevada,1992,roadless,1,2.7749789999999996
Nevada,1992,roadless,2,3.569814
Nevada,1992,roadless,3,2.283894
Nevada,1992,roadless,4,1.833543
Nevada,1992,roadless,5,0.05454
Nevada,1992,roadless,6,0.0
Nevada,1992,wilderness,0,0.0
Nevada,1992,wilderness,1,0.039177
Nevada,1992,wilderness,2,0.0747
Nevada,1992,wilderness,3,0.044657999999999996
Nevada,1992,wilderness,4,0.017568
Nevada,1992,wilderness,5,0.0
Nevada,1992,wilderness,6,0.0
Nevada,1993,roaded,0,0.0
Nevada,1993,roaded,1,0.014715
Nevada,1993,roaded,2,0.004932000000000001
Nevada,1993,roaded,3,0.00873
Nevada,1993,roaded,4,0.0009
Nevada,1993,roaded,5,0.0
Nevada,1993,roaded,6,0.0
Nevada,1993,roadless,0,0.0
Nevada,1993,roadless,1,0.9290699999999998
Nevada,1993,roadless,2,0.9457559999999999
Nevada,1993,roadless,3,3.2324669999999998
Nevada,1993,roadless,4,3.2237999999999998
Nevada,1993,roadless,5,0.0
Nevada,1993,roadless,6,0.0
Nevada,1993,wilderness,0,0.0
Nevada,1993,wilderness,1,0.0
Nevada,1993,wilderness,2,0.0
Nevada,1993,wilderness,3,0.0
Nevada,1993,wilderness,4,0.0
Nevada,1993,wilderness,5,0.0
Nevada,1993,wilderness,6,0.0
Nevada,1994,roaded,0,0.0
Nevada,1994,roaded,1,0.006731999999999999
Nevada,1994,roaded,2,0.0025109999999999998
Nevada,1994,roaded,3,0.0
Nevada,1994,roaded,4,0.0
Nevada,1994,roaded,5,0.0
Nevada,1994,roaded,6,0.0
Nevada,1994,roadless,0,0.0
Nevada,1994,roadless,1,0.0045000000000000005
Nevada,1994,roadless,2,0.000189
Nevada,1994,roadless,3,0.0
Nevada,1994,roadless,4,0.0009
Nevada,1994,roadless,5,0.0
Nevada,1994,roadless,6,0.0
Nevada,1994,wilderness,0,0.0
Nevada,1994,wilderness,1,0.0
Nevada,1994,wilderness,2,0.0
Nevada,1994,wilderness,3,0.0
Nevada,1994,wilderness,4,0.0
Nevada,1994,wilderness,5,0.0
Nevada,1994,wilderness,6,0.0
Nevada,1995,roaded,0,0.0
Nevada,1995,roaded,1,0.025677
Nevada,1995,roaded,2,0.014732999999999998
Nevada,1995,roaded,3,0.035568
Nevada,1995,roaded,4,0.035234999999999995
Nevada,1995,roaded,5,0.0
Nevada,1995,roaded,6,0.0
Nevada,1995,roadless,0,0.0
Nevada,1995,roadless,1,0.544365
Nevada,1995,roadless,2,0.098523
Nevada,1995,roadless,3,0.08500499999999998
Nevada,1995,roadless,4,0.042300000000000004
Nevada,1995,roadless,5,0.0
Nevada,1995,roadless,6,0.0
Nevada,1995,wilderness,0,0.0
Nevada,1995,wilderness,1,0.218358
Nevada,1995,wilderness,2,0.078444
Nevada,1995,wilderness,3,0.063927
Nevada,1995,wilderness,4,0.063765
Nevada,1995,wilderness,5,0.0009
Nevada,1995,wilderness,6,0.0
Nevada,1996,roaded,0,0.0
Nevada,1996,roaded,1,0.8973809999999999
Nevada,1996,roaded,2,1.440873
Nevada,1996,roaded,3,1.5451650000000001
Nevada,1996,roaded,4,1.106235
Nevada,1996,roaded,5,0.006515999999999999
Nevada,1996,roaded,6,0.0
Nevada,1996,roadless,0,0.0
Nevada,1996,roadless,1,1.206081
Nevada,1996,roadless,2,1.04202
Nevada,1996,roadless,3,1.460556
Nevada,1996,roadless,4,1.852812
Nevada,1996,roadless,5,0.0018
Nevada,1996,roadless,6,0.0
Nevada,1996,wilderness,0,0.0
Nevada,1996,wilderness,1,0.467316
Nevada,1996,wilderness,2,1.101015
Nevada,1996,wilderness,3,0.7407630000000001
Nevada,1996,wilderness,4,0.161406
Nevada,1996,wilderness,5,0.111348
Nevada,1996,wilderness,6,0.0
Nevada,1997,roaded,0,0.0
Nevada,1997,roaded,1,0.1764
Nevada,1997,roaded,2,0.1215
Nevada,1997,roaded,3,0.4473
Nevada,1997,roaded,4,2.0034
Nevada,1997,roaded,5,0.0036
Nevada,1997,roaded,6,0.0
Nevada,1997,roadless,0,0.0
Nevada,1997,roadless,1,0.0
Nevada,1997,roadless,2,0.0
Nevada,1997,roadless,3,0.0
Nevada,1997,roadless,4,0.0
Nevada,1997,roadless,5,0.0
Nevada,1997,roadless,6,0.0
Nevada,1997,wilderness,0,0.0
Nevada,1997,wilderness,1,0.0
Nevada,1997,wilderness,2,0.0
Nevada,1997,wilderness,3,0.0
Nevada,1997,wilderness,4,0.0
Nevada,1997,wilderness,5,0.0
Nevada,1997,wilderness,6,0.0
Nevada,1998,roaded,0,0.0
Nevada,1998,roaded,1,0.008118
Nevada,1998,roaded,2,0.005048999999999999
Nevada,1998,roaded,3,0.0
Nevada,1998,roaded,4,0.0
Nevada,1998,roaded,5,0.0
Nevada,1998,roaded,6,0.0
Nevada,1998,roadless,0,0.0
Nevada,1998,roadless,1,0.001242
Nevada,1998,roadless,2,5.4000000000000005e-05
Nevada,1998,roadless,3,0.0
Nevada,1998,roadless,4,0.0
Nevada,1998,roadless,5,0.0
Nevada,1998,roadless,6,0.0
Nevada,1998,wilderness,0,0.0
Nevada,1998,wilderness,1,0.02844
Nevada,1998,wilderness,2,0.035397
Nevada,1998,wilderness,3,0.0
Nevada,1998,wilderness,4,0.0
Nevada,1998,wilderness,5,0.0
Nevada,1998,wilderness,6,0.0
Nevada,1999,roaded,0,0.0
Nevada,1999,roaded,1,0.197163
Nevada,1999,roaded,2,0.10071899999999999
Nevada,1999,roaded,3,0.14076
Nevada,1999,roaded,4,0.111078
Nevada,1999,roaded,5,0.00855
Nevada,1999,roaded,6,0.0
Nevada,1999,roadless,0,0.0
Nevada,1999,roadless,1,1.756629
Nevada,1999,roadless,2,0.622395
Nevada,1999,roadless,3,1.307835
Nevada,1999,roadless,4,0.8865539999999998
Nevada,1999,roadless,5,0.022949999999999998
Nevada,1999,roadless,6,0.0
Nevada,1999,wilderness,0,0.0
Nevada,1999,wilderness,1,0.08294399999999999
Nevada,1999,wilderness,2,0.053118
Nevada,1999,wilderness,3,0.11536199999999999
Nevada,1999,wilderness,4,0.046368
Nevada,1999,wilderness,5,0.0
Nevada,1999,wilderness,6,0.0
Nevada,2000,roaded,0,0.0
Nevada,2000,roaded,1,1.392831
Nevada,2000,roaded,2,1.323378
Nevada,2000,roaded,3,4.523301
Nevada,2000,roaded,4,5.411232
Nevada,2000,roaded,5,0.0007109999999999999
Nevada,2000,roaded,6,0.0
Nevada,2000,roadless,0,0.0
Nevada,2000,roadless,1,0.964899
Nevada,2000,roadless,2,0.852174
Nevada,2000,roadless,3,1.807686
Nevada,2000,roadless,4,1.196217
Nevada,2000,roadless,5,0.002781
Nevada,2000,roadless,6,0.0
Nevada,2000,wilderness,0,0.0
Nevada,2000,wilderness,1,2.053935
Nevada,2000,wilderness,2,3.0330539999999995
Nevada,2000,wilderness,3,6.296012999999999
Nevada,2000,wilderness,4,2.2125509999999995
Nevada,2000,wilderness,5,0.0019079999999999998
Nevada,2000,wilderness,6,0.0
Nevada,2001,roaded,0,0.0
Nevada,2001,roaded,1,2.9987459999999997
Nevada,2001,roaded,2,7.002539999999999
Nevada,2001,roaded,3,9.093717
Nevada,2001,roaded,4,4.707693
Nevada,2001,roaded,5,0.009000000000000001
Nevada,2001,roaded,6,0.0
Nevada,2001,roadless,0,0.0
Nevada,2001,roadless,1,4.464512999999999
Nevada,2001,roadless,2,7.9498619999999995
Nevada,2001,roadless,3,9.457559999999999
Nevada,2001,roadless,4,3.657456
Nevada,2001,roadless,5,0.026099999999999998
Nevada,2001,roadless,6,0.0
Nevada,2001,wilderness,0,0.0
Nevada,2001,wilderness,1,3.0017340000000003
Nevada,2001,wilderness,2,4.262598
Nevada,2001,wilderness,3,5.9861249999999995
Nevada,2001,wilderness,4,2.093787
Nevada,2001,wilderness,5,0.0
Nevada,2001,wilderness,6,0.0
Nevada,2002,roaded,0,0.0
Nevada,2002,roaded,1,0.7003439999999999
Nevada,2002,roaded,2,0.859824
Nevada,2002,roaded,3,1.7305380000000001
Nevada,2002,roaded,4,0.572031
Nevada,2002,roaded,5,0.0009
Nevada,2002,roaded,6,0.0
Nevada,2002,roadless,0,0.0
Nevada,2002,roadless,1,1.854828
Nevada,2002,roadless,2,3.4479629999999997
Nevada,2002,roadless,3,14.590971
Nevada,2002,roadless,4,7.395282
Nevada,2002,roadless,5,0.0009
Nevada,2002,roadless,6,0.0
Nevada,2002,wilderness,0,0.0
Nevada,2002,wilderness,1,0.21090599999999998
Nevada,2002,wilderness,2,0.20523600000000003
Nevada,2002,wilderness,3,0.710604
Nevada,2002,wilderness,4,0.311787
Nevada,2002,wilderness,5,0.0
Nevada,2002,wilderness,6,0.0
Nevada,2003,roaded,0,0.0
Nevada,2003,roaded,1,0.08946899999999999
Nevada,2003,roaded,2,0.28826999999999997
Nevada,2003,roaded,3,0.279441
Nevada,2003,roaded,4,0.010728
Nevada,2003,roaded,5,0.0
Nevada,2003,roaded,6,0.0
Nevada,2003,roadless,0,0.0
Nevada,2003,roadless,1,0.0
Nevada,2003,roadless,2,0.0
Nevada,2003,roadless,3,0.0
Nevada,2003,roadless,4,0.0
Nevada,2003,roadless,5,0.0
Nevada,2003,roadless,6,0.0
Nevada,2003,wilderness,0,0.0
Nevada,2003,wilderness,1,0.0
Nevada,2003,wilderness,2,0.0
Nevada,2003,wilderness,3,0.0
Nevada,2003,wilderness,4,0.0
Nevada,2003,wilderness,5,0.0
Nevada,2003,wilderness,6,0.0
Nevada,2004,roaded,0,0.0
Nevada,2004,roaded,1,0.9154799999999998
Nevada,2004,roaded,2,2.193453
Nevada,2004,roaded,3,3.2594669999999994
Nevada,2004,roaded,4,2.876526
Nevada,2004,roaded,5,0.008100000000000001
Nevada,2004,roaded,6,0.0
Nevada,2004,roadless,0,0.0
Nevada,2004,roadless,1,0.286191
Nevada,2004,roadless,2,0.26823600000000003
Nevada,2004,roadless,3,0.19316699999999998
Nevada,2004,roadless,4,0.013374000000000002
Nevada,2004,roadless,5,0.000558
Nevada,2004,roadless,6,0.0
Nevada,2004,wilderness,0,0.0
Nevada,2004,wilderness,1,1.7530290000000002
Nevada,2004,wilderness,2,2.519811
Nevada,2004,wilderness,3,2.092266
Nevada,2004,wilderness,4,0.6246
Nevada,2004,wilderness,5,0.031842
Nevada,2004,wilderness,6,0.0
Nevada,2005,roaded,0,0.0
Nevada,2005,roaded,1,0.41474700000000003
Nevada,2005,roaded,2,0.147771
Nevada,2005,roaded,3,0.400518
Nevada,2005,roaded,4,1.124928
Nevada,2005,roaded,5,0.015300000000000001
Nevada,2005,roaded,6,0.0
Nevada,2005,roadless,0,0.0
Nevada,2005,roadless,1,0.0054
Nevada,2005,roadless,2,0.0225
Nevada,2005,roadless,3,0.0
Nevada,2005,roadless,4,0.0
Nevada,2005,roadless,5,0.0
Nevada,2005,roadless,6,0.0
Nevada,2005,wilderness,0,0.0
Nevada,2005,wilderness,1,0.0
Nevada,2005,wilderness,2,0.0
Nevada,2005,wilderness,3,0.0
Nevada,2005,wilderness,4,0.0
Nevada,2005,wilderness,5,0.0
Nevada,2005,wilderness,6,0.0
Nevada,2006,roaded,0,0.0
Nevada,2006,roaded,1,0.466524
Nevada,2006,roaded,2,1.115136
Nevada,2006,roaded,3,6.139629
Nevada,2006,roaded,4,2.059236
Nevada,2006,roaded,5,0.0018
Nevada,2006,roaded,6,0.0
Nevada,2006,roadless,0,0.0
Nevada,2006,roadless,1,1.421892
Nevada,2006,roadless,2,2.3653079999999997
Nevada,2006,roadless,3,6.897645
Nevada,2006,roadless,4,2.004255
Nevada,2006,roadless,5,0.0
Nevada,2006,roadless,6,0.0
Nevada,2006,wilderness,0,0.0
Nevada,2006,wilderness,1,0.735732
Nevada,2006,wilderness,2,0.997389
Nevada,2006,wilderness,3,1.527381
Nevada,2006,wilderness,4,0.370368
Nevada,2006,wilderness,5,0.0
Nevada,2006,wilderness,6,0.0
Nevada,2007,roaded,0,0.0
Nevada,2007,roaded,1,3.3684839999999996
Nevada,2007,roaded,2,1.148868
Nevada,2007,roaded,3,2.360331
Nevada,2007,roaded,4,1.935918
Nevada,2007,roaded,5,0.08055
Nevada,2007,roaded,6,0.0
Nevada,2007,roadless,0,0.0
Nevada,2007,roadless,1,2.9695319999999996
Nevada,2007,roadless,2,2.032452
Nevada,2007,roadless,3,5.148638999999999
Nevada,2007,roadless,4,3.7396890000000003
Nevada,2007,roadless,5,0.058949999999999995
Nevada,2007,roadless,6,0.0
Nevada,2007,wilderness,0,0.0
Nevada,2007,wilderness,1,0.377946
Nevada,2007,wilderness,2,0.46548
Nevada,2007,wilderness,3,0.79263
Nevada,2007,wilderness,4,0.3375989999999999
Nevada,2007,wilderness,5,0.0036
Nevada,2007,wilderness,6,0.0
Nevada,2008,roaded,0,0.0
Nevada,2008,roaded,1,0.44766899999999993
Nevada,2008,roaded,2,1.1292029999999997
Nevada,2008,roaded,3,0.813258
Nevada,2008,roaded,4,0.5659019999999999
Nevada,2008,roaded,5,0.000918
Nevada,2008,roaded,6,0.0
Nevada,2008,roadless,0,0.0
Nevada,2008,roadless,1,2.201121
Nevada,2008,roadless,2,5.772366
Nevada,2008,roadless,3,13.340663999999999
Nevada,2008,roadless,4,5.681691
Nevada,2008,roadless,5,0.019782
Nevada,2008,roadless,6,0.0
Nevada,2008,wilderness,0,0.0
Nevada,2008,wilderness,1,8.81271
Nevada,2008,wilderness,2,19.983825
Nevada,2008,wilderness,3,19.579131
Nevada,2008,wilderness,4,11.567276999999999
Nevada,2008,wilderness,5,0.0126
Nevada,2008,wilderness,6,0.0
Nevada,2009,roaded,0,0.0
Nevada,2009,roaded,1,0.0
Nevada,2009,roaded,2,0.0
Nevada,2009,roaded,3,0.0
Nevada,2009,roaded,4,0.0
Nevada,2009,roaded,5,0.0
Nevada,2009,roaded,6,0.0
Nevada,2009,roadless,0,0.0
Nevada,2009,roadless,1,0.0
Nevada,2009,roadless,2,0.0
Nevada,2009,roadless,3,0.0
Nevada,2009,roadless,4,0.0
Nevada,2009,roadless,5,0.0
Nevada,2009,roadless,6,0.0
Nevada,2009,wilderness,0,0.0
Nevada,2009,wilderness,1,0.0
Nevada,2009,wilderness,2,0.0
Nevada,2009,wilderness,3,0.0
Nevada,2009,wilderness,4,0.0
Nevada,2009,wilderness,5,0.0
Nevada,2009,wilderness,6,0.0
Nevada,2010,roaded,0,0.0
Nevada,2010,roaded,1,0.0
Nevada,2010,roaded,2,0.0
Nevada,2010,roaded,3,0.0
Nevada,2010,roaded,4,0.0
Nevada,2010,roaded,5,0.0
Nevada,2010,roaded,6,0.0
Nevada,2010,roadless,0,0.0
Nevada,2010,roadless,1,0.0
Nevada,2010,roadless,2,0.0
Nevada,2010,roadless,3,0.0
Nevada,2010,roadless,4,0.0
Nevada,2010,roadless,5,0.0
Nevada,2010,roadless,6,0.0
Nevada,2010,wilderness,0,0.0
Nevada,2010,wilderness,1,0.0
Nevada,2010,wilderness,2,0.0
Nevada,2010,wilderness,3,0.0
Nevada,2010,wilderness,4,0.0
Nevada,2010,wilderness,5,0.0
Nevada,2010,wilderness,6,0.0
Nevada,2011,roaded,0,0.0
Nevada,2011,roaded,1,0.028997999999999996
Nevada,2011,roaded,2,0.013832999999999998
Nevada,2011,roaded,3,0.046764
Nevada,2011,roaded,4,0.01359
Nevada,2011,roaded,5,0.0
Nevada,2011,roaded,6,0.0
Nevada,2011,roadless,0,0.0
Nevada,2011,roadless,1,0.10330199999999999
Nevada,2011,roadless,2,0.342567
Nevada,2011,roadless,3,0.262836
Nevada,2011,roadless,4,0.061110000000000005
Nevada,2011,roadless,5,0.0009
Nevada,2011,roadless,6,0.0
Nevada,2011,wilderness,0,0.0
Nevada,2011,wilderness,1,0.0
Nevada,2011,wilderness,2,0.0
Nevada,2011,wilderness,3,0.0
Nevada,2011,wilderness,4,0.0
Nevada,2011,wilderness,5,0.0
Nevada,2011,wilderness,6,0.0
Nevada,2012,roaded,0,0.0
Nevada,2012,roaded,1,0.149688
Nevada,2012,roaded,2,2.691216
Nevada,2012,roaded,3,0.707328
Nevada,2012,roaded,4,0.54441
Nevada,2012,roaded,5,0.0
Nevada,2012,roaded,6,0.10849500000000001
Nevada,2012,roadless,0,0.0
Nevada,2012,roadless,1,1.5803909999999999
Nevada,2012,roadless,2,15.840836999999999
Nevada,2012,roadless,3,8.536850999999999
Nevada,2012,roadless,4,1.3849109999999998
Nevada,2012,roadless,5,0.0054
Nevada,2012,roadless,6,0.660069
Nevada,2012,wilderness,0,0.0
Nevada,2012,wilderness,1,0.019799999999999998
Nevada,2012,wilderness,2,0.26621100000000003
Nevada,2012,wilderness,3,0.470538
Nevada,2012,wilderness,4,0.47663999999999995
Nevada,2012,wilderness,5,0.0
Nevada,2012,wilderness,6,0.07722899999999999
Nevada,2013,roaded,0,0.0
Nevada,2013,roaded,1,1.8831689999999996
Nevada,2013,roaded,2,7.960139999999999
Nevada,2013,roaded,3,19.977128999999998
Nevada,2013,roaded,4,8.355528
Nevada,2013,roaded,5,0.0009
Nevada,2013,roaded,6,0.33166799999999996
Nevada,2013,roadless,0,0.0
Nevada,2013,roadless,1,0.541656
Nevada,2013,roadless,2,1.4341139999999999
Nevada,2013,roadless,3,6.099174
Nevada,2013,roadless,4,5.714847
Nevada,2013,roadless,5,0.0
Nevada,2013,roadless,6,0.804744
Nevada,2013,wilderness,0,0.0
Nevada,2013,wilderness,1,3.234591
Nevada,2013,wilderness,2,9.609534
Nevada,2013,wilderness,3,30.416733000000004
Nevada,2013,wilderness,4,20.642111999999997
Nevada,2013,wilderness,5,0.0018
Nevada,2013,wilderness,6,2.897388
Nevada,2014,roaded,0,0.0
Nevada,2014,roaded,1,0.05186699999999999
Nevada,2014,roaded,2,0.7239329999999999
Nevada,2014,roaded,3,0.12804300000000002
Nevada,2014,roaded,4,0.026828999999999995
Nevada,2014,roaded,5,0.0
Nevada,2014,roaded,6,0.0
Nevada,2014,roadless,0,0.0
Nevada,2014,roadless,1,0.7569089999999999
Nevada,2014,roadless,2,4.182147
Nevada,2014,roadless,3,1.2790529999999998
Nevada,2014,roadless,4,0.677583
Nevada,2014,roadless,5,0.0027
Nevada,2014,roadless,6,0.0
Nevada,2014,wilderness,0,0.0
Nevada,2014,wilderness,1,6.2391239999999994
Nevada,2014,wilderness,2,37.645514999999996
Nevada,2014,wilderness,3,19.567403999999996
Nevada,2014,wilderness,4,4.9205879999999995
Nevada,2014,wilderness,5,0.0387
Nevada,2014,wilderness,6,0.0018
Nevada,2015,roaded,0,0.0
Nevada,2015,roaded,1,0.0
Nevada,2015,roaded,2,0.0
Nevada,2015,roaded,3,0.0
Nevada,2015,roaded,4,0.0
Nevada,2015,roaded,5,0.0
Nevada,2015,roaded,6,0.0
Nevada,2015,roadless,0,0.0
Nevada,2015,roadless,1,0.0
Nevada,2015,roadless,2,0.0
Nevada,2015,roadless,3,0.0
Nevada,2015,roadless,4,0.0
Nevada,2015,roadless,5,0.0
Nevada,2015,roadless,6,0.0
Nevada,2015,wilderness,0,0.0
Nevada,2015,wilderness,1,0.0
Nevada,2015,wilderness,2,0.0
Nevada,2015,wilderness,3,0.0
Nevada,2015,wilderness,4,0.0
Nevada,2015,wilderness,5,0.0
Nevada,2015,wilderness,6,0.0
Nevada,2016,roaded,0,0.0
Nevada,2016,roaded,1,0.6812999999999999
Nevada,2016,roaded,2,0.6021
Nevada,2016,roaded,3,0.9621
Nevada,2016,roaded,4,1.0953
Nevada,2016,roaded,5,0.0045000000000000005
Nevada,2016,roaded,6,0.0
Nevada,2016,roadless,0,0.0
Nevada,2016,roadless,1,0.0
Nevada,2016,roadless,2,0.0
Nevada,2016,roadless,3,0.0
Nevada,2016,roadless,4,0.0
Nevada,2016,roadless,5,0.0
Nevada,2016,roadless,6,0.0
Nevada,2016,wilderness,0,0.0
Nevada,2016,wilderness,1,0.0
Nevada,2016,wilderness,2,0.0
Nevada,2016,wilderness,3,0.0
Nevada,2016,wilderness,4,0.0
Nevada,2016,wilderness,5,0.0
Nevada,2016,wilderness,6,0.0
Nevada,2017,roaded,0,0.0
Nevada,2017,roaded,1,0.034974000000000005
Nevada,2017,roaded,2,0.030869999999999998
Nevada,2017,roaded,3,0.0315
Nevada,2017,roaded,4,0.0018
Nevada,2017,roaded,5,0.0018
Nevada,2017,roaded,6,0.0
Nevada,2017,roadless,0,0.0
Nevada,2017,roadless,1,0.0405
Nevada,2017,roadless,2,0.039123
Nevada,2017,roadless,3,0.011699999999999999
Nevada,2017,roadless,4,0.0
Nevada,2017,roadless,5,0.0
Nevada,2017,roadless,6,0.0
Nevada,2017,wilderness,0,0.0
Nevada,2017,wilderness,1,0.0
Nevada,2017,wilderness,2,0.0
Nevada,2017,wilderness,3,0.0
Nevada,2017,wilderness,4,0.0
Nevada,2017,wilderness,5,0.0
Nevada,2017,wilderness,6,0.0
Nevada,2018,roaded,0,0.0
Nevada,2018,roaded,1,5.668686
Nevada,2018,roaded,2,6.380577
Nevada,2018,roaded,3,6.153903000000001
Nevada,2018,roaded,4,11.999222999999999
Nevada,2018,roaded,5,0.0045000000000000005
Nevada,2018,roaded,6,0.0
Nevada,2018,roadless,0,0.0
Nevada,2018,roadless,1,2.6424539999999994
Nevada,2018,roadless,2,5.042214
Nevada,2018,roadless,3,8.789048999999999
Nevada,2018,roadless,4,7.122717
Nevada,2018,roadless,5,0.0036
Nevada,2018,roadless,6,0.0
Nevada,2018,wilderness,0,0.0
Nevada,2018,wilderness,1,0.094104
Nevada,2018,wilderness,2,0.299583
Nevada,2018,wilderness,3,0.17743499999999998
Nevada,2018,wilderness,4,0.030600000000000002
Nevada,2018,wilderness,5,0.0
Nevada,2018,wilderness,6,0.0
Nevada,2019,roaded,0,0.0
Nevada,2019,roaded,1,0.403758
Nevada,2019,roaded,2,0.957483
Nevada,2019,roaded,3,3.1521600000000003
Nevada,2019,roaded,4,0.963801
Nevada,2019,roaded,5,0.0009
Nevada,2019,roaded,6,0.0
Nevada,2019,roadless,0,0.0
Nevada,2019,roadless,1,0.7221420000000001
Nevada,2019,roadless,2,1.478817
Nevada,2019,roadless,3,1.637559
Nevada,2019,roadless,4,0.502299
Nevada,2019,roadless,5,0.0
Nevada,2019,roadless,6,0.0
Nevada,2019,wilderness,0,0.0
Nevada,2019,wilderness,1,0.0
Nevada,2019,wilderness,2,0.0
Nevada,2019,wilderness,3,0.0
Nevada,2019,wilderness,4,0.0
Nevada,2019,wilderness,5,0.0
Nevada,2019,wilderness,6,0.0
Nevada,2020,roaded,0,0.0
Nevada,2020,roaded,1,1.961658
Nevada,2020,roaded,2,1.178289
Nevada,2020,roaded,3,1.4838479999999998
Nevada,2020,roaded,4,1.1919779999999998
Nevada,2020,roaded,5,0.0
Nevada,2020,roaded,6,0.0
Nevada,2020,roadless,0,0.0
Nevada,2020,roadless,1,1.3398750000000001
Nevada,2020,roadless,2,5.972841
Nevada,2020,roadless,3,5.040693
Nevada,2020,roadless,4,0.30202199999999996
Nevada,2020,roadless,5,0.0
Nevada,2020,roadless,6,0.0
Nevada,2020,wilderness,0,0.0
Nevada,2020,wilderness,1,0.273591
Nevada,2020,wilderness,2,1.2814830000000001
Nevada,2020,wilderness,3,0.31131
Nevada,2020,wilderness,4,0.0
Nevada,2020,wilderness,5,0.0
Nevada,2020,wilderness,6,0.0
Nevada,2021,roaded,0,0.0
Nevada,2021,roaded,1,2.213766
Nevada,2021,roaded,2,12.280878
Nevada,2021,roaded,3,18.799695
Nevada,2021,roaded,4,2.2428
Nevada,2021,roaded,5,0.0189
Nevada,2021,roaded,6,0.099
Nevada,2021,roadless,0,0.0
Nevada,2021,roadless,1,0.0315
Nevada,2021,roadless,2,0.04769999999999999
Nevada,2021,roadless,3,0.23399999999999999
Nevada,2021,roadless,4,0.1494
Nevada,2021,roadless,5,0.0045000000000000005
Nevada,2021,roadless,6,0.0
Nevada,2021,wilderness,0,0.0
Nevada,2021,wilderness,1,0.0
Nevada,2021,wilderness,2,0.0
Nevada,2021,wilderness,3,0.0
Nevada,2021,wilderness,4,0.0
Nevada,2021,wilderness,5,0.0
Nevada,2021,wilderness,6,0.0
Nevada,2022,roaded,0,0.0
Nevada,2022,roaded,1,0.0
Nevada,2022,roaded,2,0.010953
Nevada,2022,roaded,3,0.0033030000000000004
Nevada,2022,roaded,4,0.0009
Nevada,2022,roaded,5,0.0
Nevada,2022,roaded,6,0.0
Nevada,2022,roadless,0,0.0
Nevada,2022,roadless,1,0.0009
Nevada,2022,roadless,2,0.0342
Nevada,2022,roadless,3,0.0207
Nevada,2022,roadless,4,0.030600000000000002
Nevada,2022,roadless,5,0.0
Nevada,2022,roadless,6,0.0
Nevada,2022,wilderness,0,0.0
Nevada,2022,wilderness,1,0.0
Nevada,2022,wilderness,2,0.0
Nevada,2022,wilderness,3,0.0
Nevada,2022,wilderness,4,0.0
Nevada,2022,wilderness,5,0.0
Nevada,2022,wilderness,6,0.0
Nevada,2023,roaded,0,0.0
Nevada,2023,roaded,1,0.0
Nevada,2023,roaded,2,0.0
Nevada,2023,roaded,3,0.0
Nevada,2023,roaded,4,0.0
Nevada,2023,roaded,5,0.0
Nevada,2023,roaded,6,0.0
Nevada,2023,roadless,0,0.0
Nevada,2023,roadless,1,0.0
Nevada,2023,roadless,2,0.0
Nevada,2023,roadless,3,0.0
Nevada,2023,roadless,4,0.0
Nevada,2023,roadless,5,0.0
Nevada,2023,roadless,6,0.0
Nevada,2023,wilderness,0,0.0
Nevada,2023,wilderness,1,0.0
Nevada,2023,wilderness,2,0.0
Nevada,2023,wilderness,3,0.0
Nevada,2023,wilderness,4,0.0
Nevada,2023,wilderness,5,0.0
Nevada,2023,wilderness,6,0.0
Nevada,2024,roaded,0,0.0
Nevada,2024,roaded,1,0.0
Nevada,2024,roaded,2,0.0
Nevada,2024,roaded,3,0.0
Nevada,2024,roaded,4,0.0
Nevada,2024,roaded,5,0.0
Nevada,2024,roaded,6,0.0
Nevada,2024,roadless,0,0.0
Nevada,2024,roadless,1,0.0
Nevada,2024,roadless,2,0.0
Nevada,2024,roadless,3,0.0
Nevada,2024,roadless,4,0.0
Nevada,2024,roadless,5,0.0
Nevada,2024,roadless,6,0.0
Nevada,2024,wilderness,0,0.0
Nevada,2024,wilderness,1,0.0
Nevada,2024,wilderness,2,0.0
Nevada,2024,wilderness,3,0.0
Nevada,2024,wilderness,4,0.0
Nevada,2024,wilderness,5,0.0
Nevada,2024,wilderness,6,0.0
New Mexico,1984,roaded,0,0.0
New Mexico,1984,roaded,1,0.0
New Mexico,1984,roaded,2,0.0
New Mexico,1984,roaded,3,0.0
New Mexico,1984,roaded,4,0.0
New Mexico,1984,roaded,5,0.0
New Mexico,1984,roaded,6,0.0
New Mexico,1984,roadless,0,0.0
New Mexico,1984,roadless,1,0.0
New Mexico,1984,roadless,2,0.0
New Mexico,1984,roadless,3,0.0
New Mexico,1984,roadless,4,0.0
New Mexico,1984,roadless,5,0.0
New Mexico,1984,roadless,6,0.0
New Mexico,1984,wilderness,0,0.0
New Mexico,1984,wilderness,1,0.0
New Mexico,1984,wilderness,2,0.0
New Mexico,1984,wilderness,3,0.0
New Mexico,1984,wilderness,4,0.0
New Mexico,1984,wilderness,5,0.0
New Mexico,1984,wilderness,6,0.0
New Mexico,1985,roaded,0,0.001269
New Mexico,1985,roaded,1,1.330497
New Mexico,1985,roaded,2,7.463547
New Mexico,1985,roaded,3,4.363011
New Mexico,1985,roaded,4,0.0351
New Mexico,1985,roaded,5,0.0018
New Mexico,1985,roaded,6,0.0
New Mexico,1985,roadless,0,0.0
New Mexico,1985,roadless,1,0.49694399999999994
New Mexico,1985,roadless,2,2.1562829999999997
New Mexico,1985,roadless,3,0.667854
New Mexico,1985,roadless,4,0.0
New Mexico,1985,roadless,5,0.0
New Mexico,1985,roadless,6,0.0
New Mexico,1985,wilderness,0,0.0
New Mexico,1985,wilderness,1,11.393514
New Mexico,1985,wilderness,2,29.833668
New Mexico,1985,wilderness,3,4.79295
New Mexico,1985,wilderness,4,0.4833
New Mexico,1985,wilderness,5,0.0144
New Mexico,1985,wilderness,6,0.0
New Mexico,1986,roaded,0,0.0
New Mexico,1986,roaded,1,0.8829
New Mexico,1986,roaded,2,0.21780000000000002
New Mexico,1986,roaded,3,0.0027
New Mexico,1986,roaded,4,0.0
New Mexico,1986,roaded,5,0.0
New Mexico,1986,roaded,6,0.0
New Mexico,1986,roadless,0,0.0
New Mexico,1986,roadless,1,0.0
New Mexico,1986,roadless,2,0.0
New Mexico,1986,roadless,3,0.0
New Mexico,1986,roadless,4,0.0
New Mexico,1986,roadless,5,0.0
New Mexico,1986,roadless,6,0.0
New Mexico,1986,wilderness,0,0.0
New Mexico,1986,wilderness,1,0.6696
New Mexico,1986,wilderness,2,5.2128
New Mexico,1986,wilderness,3,0.5535
New Mexico,1986,wilderness,4,0.0054
New Mexico,1986,wilderness,5,0.0
New Mexico,1986,wilderness,6,0.0
New Mexico,1987,roaded,0,0.0
New Mexico,1987,roaded,1,4.851684
New Mexico,1987,roaded,2,11.439387
New Mexico,1987,roaded,3,1.247274
New Mexico,1987,roaded,4,0.058887
New Mexico,1987,roaded,5,0.045909
New Mexico,1987,roaded,6,0.0
New Mexico,1987,roadless,0,0.0
New Mexico,1987,roadless,1,5.669937
New Mexico,1987,roadless,2,10.278837
New Mexico,1987,roadless,3,2.659905
New Mexico,1987,roadless,4,0.661167
New Mexico,1987,roadless,5,0.16019099999999997
New Mexico,1987,roadless,6,0.0
New Mexico,1987,wilderness,0,0.0
New Mexico,1987,wilderness,1,12.711879
New Mexico,1987,wilderness,2,37.823076
New Mexico,1987,wilderness,3,11.228120999999998
New Mexico,1987,wilderness,4,1.306746
New Mexico,1987,wilderness,5,0.2187
New Mexico,1987,wilderness,6,0.0
New Mexico,1988,roaded,0,0.001269
New Mexico,1988,roaded,1,2.5875
New Mexico,1988,roaded,2,5.4675
New Mexico,1988,roaded,3,2.0025
New Mexico,1988,roaded,4,0.0036
New Mexico,1988,roaded,5,0.0
New Mexico,1988,roaded,6,0.0
New Mexico,1988,roadless,0,0.0
New Mexico,1988,roadless,1,0.0
New Mexico,1988,roadless,2,0.0
New Mexico,1988,roadless,3,0.0
New Mexico,1988,roadless,4,0.0
New Mexico,1988,roadless,5,0.0
New Mexico,1988,roadless,6,0.0
New Mexico,1988,wilderness,0,0.0
New Mexico,1988,wilderness,1,0.0
New Mexico,1988,wilderness,2,0.0
New Mexico,1988,wilderness,3,0.0
New Mexico,1988,wilderness,4,0.0
New Mexico,1988,wilderness,5,0.0
New Mexico,1988,wilderness,6,0.0
New Mexico,1989,roaded,0,0.001269
New Mexico,1989,roaded,1,0.897993
New Mexico,1989,roaded,2,4.888736999999999
New Mexico,1989,roaded,3,2.03391
New Mexico,1989,roaded,4,0.590625
New Mexico,1989,roaded,5,0.0
New Mexico,1989,roaded,6,0.0
New Mexico,1989,roadless,0,0.0
New Mexico,1989,roadless,1,1.5661170000000002
New Mexico,1989,roadless,2,5.661333
New Mexico,1989,roadless,3,3.4008119999999997
New Mexico,1989,roadless,4,0.8585369999999999
New Mexico,1989,roadless,5,0.0
New Mexico,1989,roadless,6,0.0
New Mexico,1989,wilderness,0,0.0
New Mexico,1989,wilderness,1,21.839094
New Mexico,1989,wilderness,2,28.432368
New Mexico,1989,wilderness,3,17.642187
New Mexico,1989,wilderness,4,15.328638000000002
New Mexico,1989,wilderness,5,0.0072
New Mexico,1989,wilderness,6,0.0
New Mexico,1990,roaded,0,0.001269
New Mexico,1990,roaded,1,0.9726659999999999
New Mexico,1990,roaded,2,5.332140000000001
New Mexico,1990,roaded,3,2.991123
New Mexico,1990,roaded,4,0.80838
New Mexico,1990,roaded,5,0.0
New Mexico,1990,roaded,6,0.0
New Mexico,1990,roadless,0,0.0
New Mexico,1990,roadless,1,0.7562340000000001
New Mexico,1990,roadless,2,35.410833
New Mexico,1990,roadless,3,1.489959
New Mexico,1990,roadless,4,0.0
New Mexico,1990,roadless,5,0.0
New Mexico,1990,roadless,6,0.0
New Mexico,1990,wilderness,0,0.0
New Mexico,1990,wilderness,1,0.0
New Mexico,1990,wilderness,2,0.0
New Mexico,1990,wilderness,3,0.0
New Mexico,1990,wilderness,4,0.0
New Mexico,1990,wilderness,5,0.0
New Mexico,1990,wilderness,6,0.0
New Mexico,1991,roaded,0,0.001269
New Mexico,1991,roaded,1,0.47673899999999997
New Mexico,1991,roaded,2,0.43433099999999997
New Mexico,1991,roaded,3,0.524421
New Mexico,1991,roaded,4,0.20694600000000002
New Mexico,1991,roaded,5,0.0
New Mexico,1991,roaded,6,0.0
New Mexico,1991,roadless,0,0.0
New Mexico,1991,roadless,1,4.741461
New Mexico,1991,roadless,2,3.8244689999999997
New Mexico,1991,roadless,3,1.2881789999999997
New Mexico,1991,roadless,4,0.23225400000000002
New Mexico,1991,roadless,5,0.0108
New Mexico,1991,roadless,6,0.0
New Mexico,1991,wilderness,0,0.0
New Mexico,1991,wilderness,1,0.0
New Mexico,1991,wilderness,2,0.0
New Mexico,1991,wilderness,3,0.0
New Mexico,1991,wilderness,4,0.0
New Mexico,1991,wilderness,5,0.0
New Mexico,1991,wilderness,6,0.0
New Mexico,1992,roaded,0,0.0
New Mexico,1992,roaded,1,3.3754049999999993
New Mexico,1992,roaded,2,3.7312830000000003
New Mexico,1992,roaded,3,0.3564
New Mexico,1992,roaded,4,0.0
New Mexico,1992,roaded,5,0.10619999999999999
New Mexico,1992,roaded,6,0.0207
New Mexico,1992,roadless,0,0.0
New Mexico,1992,roadless,1,6.115293
New Mexico,1992,roadless,2,3.5073000000000003
New Mexico,1992,roadless,3,0.0513
New Mexico,1992,roadless,4,0.0027
New Mexico,1992,roadless,5,0.0072
New Mexico,1992,roadless,6,0.0
New Mexico,1992,wilderness,0,0.0
New Mexico,1992,wilderness,1,58.849902
New Mexico,1992,wilderness,2,38.718117
New Mexico,1992,wilderness,3,4.4982
New Mexico,1992,wilderness,4,0.8019
New Mexico,1992,wilderness,5,0.1125
New Mexico,1992,wilderness,6,0.0
New Mexico,1993,roaded,0,0.001269
New Mexico,1993,roaded,1,14.653143
New Mexico,1993,roaded,2,23.108741999999996
New Mexico,1993,roaded,3,5.388822
New Mexico,1993,roaded,4,8.061876
New Mexico,1993,roaded,5,0.009872999999999998
New Mexico,1993,roaded,6,0.0
New Mexico,1993,roadless,0,0.0
New Mexico,1993,roadless,1,21.107736
New Mexico,1993,roadless,2,36.871704
New Mexico,1993,roadless,3,6.597414
New Mexico,1993,roadless,4,2.0284020000000003
New Mexico,1993,roadless,5,0.0063
New Mexico,1993,roadless,6,0.0
New Mexico,1993,wilderness,0,0.0
New Mexico,1993,wilderness,1,92.48647499999998
New Mexico,1993,wilderness,2,113.10177600000002
New Mexico,1993,wilderness,3,24.043464
New Mexico,1993,wilderness,4,6.798222000000001
New Mexico,1993,wilderness,5,0.8415270000000001
New Mexico,1993,wilderness,6,0.1746
New Mexico,1994,roaded,0,0.001269
New Mexico,1994,roaded,1,27.528533999999993
New Mexico,1994,roaded,2,43.564454999999995
New Mexico,1994,roaded,3,7.412417999999999
New Mexico,1994,roaded,4,11.765339999999998
New Mexico,1994,roaded,5,0.09949499999999999
New Mexico,1994,roaded,6,0.0
New Mexico,1994,roadless,0,0.0
New Mexico,1994,roadless,1,24.426161999999998
New Mexico,1994,roadless,2,29.758239000000003
New Mexico,1994,roadless,3,14.775894000000001
New Mexico,1994,roadless,4,7.529103
New Mexico,1994,roadless,5,0.048743999999999996
New Mexico,1994,roadless,6,0.5328
New Mexico,1994,wilderness,0,0.0
New Mexico,1994,wilderness,1,22.766013
New Mexico,1994,wilderness,2,32.321682
New Mexico,1994,wilderness,3,23.328377999999997
New Mexico,1994,wilderness,4,16.409457
New Mexico,1994,wilderness,5,0.10646099999999999
New Mexico,1994,wilderness,6,0.0
New Mexico,1995,roaded,0,0.001269
New Mexico,1995,roaded,1,15.307172999999999
New Mexico,1995,roaded,2,29.672199
New Mexico,1995,roaded,3,3.1118309999999996
New Mexico,1995,roaded,4,0.28854899999999994
New Mexico,1995,roaded,5,0.0684
New Mexico,1995,roaded,6,0.0
New Mexico,1995,roadless,0,0.0
New Mexico,1995,roadless,1,19.350018
New Mexico,1995,roadless,2,37.582101
New Mexico,1995,roadless,3,8.485254
New Mexico,1995,roadless,4,7.138755
New Mexico,1995,roadless,5,0.0225
New Mexico,1995,roadless,6,0.0
New Mexico,1995,wilderness,0,0.0
New Mexico,1995,wilderness,1,63.810908999999995
New Mexico,1995,wilderness,2,72.3267
New Mexico,1995,wilderness,3,24.605414999999997
New Mexico,1995,wilderness,4,22.953096000000002
New Mexico,1995,wilderness,5,0.7128
New Mexico,1995,wilderness,6,0.0
New Mexico,1996,roaded,0,0.0
New Mexico,1996,roaded,1,6.805341000000001
New Mexico,1996,roaded,2,11.366235
New Mexico,1996,roaded,3,12.39075
New Mexico,1996,roaded,4,10.140372
New Mexico,1996,roaded,5,0.008100000000000001
New Mexico,1996,roaded,6,0.0351
New Mexico,1996,roadless,0,0.0
New Mexico,1996,roadless,1,5.131332
New Mexico,1996,roadless,2,9.760895999999999
New Mexico,1996,roadless,3,7.021475999999999
New Mexico,1996,roadless,4,5.891831999999999
New Mexico,1996,roadless,5,0.052199999999999996
New Mexico,1996,roadless,6,0.0
New Mexico,1996,wilderness,0,0.0
New Mexico,1996,wilderness,1,32.980455
New Mexico,1996,wilderness,2,32.428709999999995
New Mexico,1996,wilderness,3,19.3266
New Mexico,1996,wilderness,4,15.269022
New Mexico,1996,wilderness,5,0.2475
New Mexico,1996,wilderness,6,0.0
New Mexico,1997,roaded,0,0.001269
New Mexico,1997,roaded,1,2.869776
New Mexico,1997,roaded,2,2.757897
New Mexico,1997,roaded,3,1.5597
New Mexico,1997,roaded,4,0.8157420000000001
New Mexico,1997,roaded,5,0.0009
New Mexico,1997,roaded,6,0.0
New Mexico,1997,roadless,0,0.0
New Mexico,1997,roadless,1,2.487672
New Mexico,1997,roadless,2,3.654738
New Mexico,1997,roadless,3,2.373084
New Mexico,1997,roadless,4,1.198872
New Mexico,1997,roadless,5,0.0054
New Mexico,1997,roadless,6,0.0
New Mexico,1997,wilderness,0,0.0
New Mexico,1997,wilderness,1,58.05925200000001
New Mexico,1997,wilderness,2,39.108464999999995
New Mexico,1997,wilderness,3,14.412816
New Mexico,1997,wilderness,4,5.9467859999999995
New Mexico,1997,wilderness,5,0.0864
New Mexico,1997,wilderness,6,0.0
New Mexico,1998,roaded,0,0.001269
New Mexico,1998,roaded,1,16.490268
New Mexico,1998,roaded,2,16.937118
New Mexico,1998,roaded,3,5.406336
New Mexico,1998,roaded,4,10.740042
New Mexico,1998,roaded,5,0.0045000000000000005
New Mexico,1998,roaded,6,0.0
New Mexico,1998,roadless,0,0.0
New Mexico,1998,roadless,1,5.7114
New Mexico,1998,roadless,2,4.215735
New Mexico,1998,roadless,3,1.2809879999999998
New Mexico,1998,roadless,4,2.157435
New Mexico,1998,roadless,5,0.0054
New Mexico,1998,roadless,6,0.042300000000000004
New Mexico,1998,wilderness,0,0.0
New Mexico,1998,wilderness,1,0.0
New Mexico,1998,wilderness,2,0.0
New Mexico,1998,wilderness,3,0.0
New Mexico,1998,wilderness,4,0.0
New Mexico,1998,wilderness,5,0.0
New Mexico,1998,wilderness,6,0.0
New Mexico,1999,roaded,0,0.0
New Mexico,1999,roaded,1,15.017544000000001
New Mexico,1999,roaded,2,20.705733
New Mexico,1999,roaded,3,5.775822000000001
New Mexico,1999,roaded,4,2.7366390000000003
New Mexico,1999,roaded,5,0.0279
New Mexico,1999,roaded,6,0.0
New Mexico,1999,roadless,0,0.0
New Mexico,1999,roadless,1,0.268074
New Mexico,1999,roadless,2,0.7754939999999999
New Mexico,1999,roadless,3,0.068427
New Mexico,1999,roadless,4,0.0
New Mexico,1999,roadless,5,0.0
New Mexico,1999,roadless,6,0.0
New Mexico,1999,wilderness,0,0.0
New Mexico,1999,wilderness,1,1.004985
New Mexico,1999,wilderness,2,2.12472
New Mexico,1999,wilderness,3,0.267588
New Mexico,1999,wilderness,4,0.0
New Mexico,1999,wilderness,5,0.0
New Mexico,1999,wilderness,6,0.0
New Mexico,2000,roaded,0,0.001269
New Mexico,2000,roaded,1,76.14651599999999
New Mexico,2000,roaded,2,76.01355
New Mexico,2000,roaded,3,64.17944100000001
New Mexico,2000,roaded,4,82.904265
New Mexico,2000,roaded,5,4.238837999999999
New Mexico,2000,roaded,6,0.3483
New Mexico,2000,roadless,0,0.0
New Mexico,2000,roadless,1,13.269663000000001
New Mexico,2000,roadless,2,17.429301
New Mexico,2000,roadless,3,9.065412
New Mexico,2000,roadless,4,15.016509
New Mexico,2000,roadless,5,0.035532
New Mexico,2000,roadless,6,0.0
New Mexico,2000,wilderness,0,0.0
New Mexico,2000,wilderness,1,34.436403
New Mexico,2000,wilderness,2,54.48702600000001
New Mexico,2000,wilderness,3,14.660154
New Mexico,2000,wilderness,4,3.395115
New Mexico,2000,wilderness,5,0.0603
New Mexico,2000,wilderness,6,0.0045000000000000005
New Mexico,2001,roaded,0,0.001269
New Mexico,2001,roaded,1,45.532782
New Mexico,2001,roaded,2,80.71252199999999
New Mexico,2001,roaded,3,8.538264
New Mexico,2001,roaded,4,6.768494999999999
New Mexico,2001,roaded,5,0.018000000000000002
New Mexico,2001,roaded,6,1.454373
New Mexico,2001,roadless,0,0.0
New Mexico,2001,roadless,1,0.6178589999999999
New Mexico,2001,roadless,2,1.204794
New Mexico,2001,roadless,3,0.286794
New Mexico,2001,roadless,4,0.1107
New Mexico,2001,roadless,5,0.0009
New Mexico,2001,roadless,6,2.7000000000000002e-05
New Mexico,2001,wilderness,0,0.0
New Mexico,2001,wilderness,1,1.2123
New Mexico,2001,wilderness,2,5.3748000000000005
New Mexico,2001,wilderness,3,0.26280000000000003
New Mexico,2001,wilderness,4,0.0
New Mexico,2001,wilderness,5,0.0
New Mexico,2001,wilderness,6,0.0
New Mexico,2002,roaded,0,0.001269
New Mexico,2002,roaded,1,56.883537
New Mexico,2002,roaded,2,74.31604199999998
New Mexico,2002,roaded,3,52.232327999999995
New Mexico,2002,roaded,4,53.816309999999994
New Mexico,2002,roaded,5,0.193509
New Mexico,2002,roaded,6,8.231724
New Mexico,2002,roadless,0,0.0
New Mexico,2002,roadless,1,1.6150229999999999
New Mexico,2002,roadless,2,5.508692999999999
New Mexico,2002,roadless,3,2.6284140000000003
New Mexico,2002,roadless,4,1.152801
New Mexico,2002,roadless,5,0.0018
New Mexico,2002,roadless,6,0.0
New Mexico,2002,wilderness,0,0.0
New Mexico,2002,wilderness,1,22.548626999999996
New Mexico,2002,wilderness,2,36.543896999999994
New Mexico,2002,wilderness,3,18.604926
New Mexico,2002,wilderness,4,19.686968999999998
New Mexico,2002,wilderness,5,0.19440000000000002
New Mexico,2002,wilderness,6,4.6242
New Mexico,2003,roaded,0,0.0
New Mexico,2003,roaded,1,95.76674099999998
New Mexico,2003,roaded,2,49.529546999999994
New Mexico,2003,roaded,3,13.956579000000001
New Mexico,2003,roaded,4,6.320043000000001
New Mexico,2003,roaded,5,0.05745599999999999
New Mexico,2003,roaded,6,0.0
New Mexico,2003,roadless,0,0.0
New Mexico,2003,roadless,1,74.28151799999999
New Mexico,2003,roadless,2,70.18669799999999
New Mexico,2003,roadless,3,28.529208000000004
New Mexico,2003,roadless,4,9.226935
New Mexico,2003,roadless,5,0.127017
New Mexico,2003,roadless,6,0.0
New Mexico,2003,wilderness,0,0.0
New Mexico,2003,wilderness,1,336.38369399999993
New Mexico,2003,wilderness,2,93.341529
New Mexico,2003,wilderness,3,71.03531699999999
New Mexico,2003,wilderness,4,38.140640999999995
New Mexico,2003,wilderness,5,0.18002700000000002
New Mexico,2003,wilderness,6,0.0
New Mexico,2004,roaded,0,0.0
New Mexico,2004,roaded,1,30.978323999999997
New Mexico,2004,roaded,2,62.43039000000001
New Mexico,2004,roaded,3,30.144959999999998
New Mexico,2004,roaded,4,2.9275559999999996
New Mexico,2004,roaded,5,0.310527
New Mexico,2004,roaded,6,0.0
New Mexico,2004,roadless,0,0.0
New Mexico,2004,roadless,1,12.728142
New Mexico,2004,roadless,2,26.984709
New Mexico,2004,roadless,3,5.292297
New Mexico,2004,roadless,4,0.580896
New Mexico,2004,roadless,5,0.039770999999999994
New Mexico,2004,roadless,6,0.0
New Mexico,2004,wilderness,0,0.0
New Mexico,2004,wilderness,1,35.517978
New Mexico,2004,wilderness,2,76.896018
New Mexico,2004,wilderness,3,45.038042999999995
New Mexico,2004,wilderness,4,6.891048
New Mexico,2004,wilderness,5,0.45700199999999996
New Mexico,2004,wilderness,6,0.0
New Mexico,2005,roaded,0,0.0
New Mexico,2005,roaded,1,105.43606199999998
New Mexico,2005,roaded,2,148.130721
New Mexico,2005,roaded,3,26.122698
New Mexico,2005,roaded,4,5.701077000000001
New Mexico,2005,roaded,5,0.274491
New Mexico,2005,roaded,6,8.8047
New Mexico,2005,roadless,0,0.0
New Mexico,2005,roadless,1,16.394958
New Mexico,2005,roadless,2,33.544989
New Mexico,2005,roadless,3,6.313392
New Mexico,2005,roadless,4,3.871323
New Mexico,2005,roadless,5,0.032409
New Mexico,2005,roadless,6,0.0
New Mexico,2005,wilderness,0,0.0
New Mexico,2005,wilderness,1,37.732733999999994
New Mexico,2005,wilderness,2,39.788793
New Mexico,2005,wilderness,3,2.58111
New Mexico,2005,wilderness,4,0.1611
New Mexico,2005,wilderness,5,0.0207
New Mexico,2005,wilderness,6,0.0
New Mexico,2006,roaded,0,0.001269
New Mexico,2006,roaded,1,66.11955300000001
New Mexico,2006,roaded,2,64.441314
New Mexico,2006,roaded,3,36.832725
New Mexico,2006,roaded,4,29.823821999999996
New Mexico,2006,roaded,5,0.27492300000000003
New Mexico,2006,roaded,6,0.0
New Mexico,2006,roadless,0,0.0
New Mexico,2006,roadless,1,23.704209000000002
New Mexico,2006,roadless,2,35.115426
New Mexico,2006,roadless,3,14.70645
New Mexico,2006,roadless,4,2.775321
New Mexico,2006,roadless,5,0.0108
New Mexico,2006,roadless,6,0.0
New Mexico,2006,wilderness,0,0.0
New Mexico,2006,wilderness,1,10.643372999999999
New Mexico,2006,wilderness,2,10.251306
New Mexico,2006,wilderness,3,6.944913000000001
New Mexico,2006,wilderness,4,5.351157
New Mexico,2006,wilderness,5,0.011699999999999999
New Mexico,2006,wilderness,6,0.0
New Mexico,2007,roaded,0,0.0
New Mexico,2007,roaded,1,21.294918
New Mexico,2007,roaded,2,28.820682
New Mexico,2007,roaded,3,6.201828000000001
New Mexico,2007,roaded,4,4.309326
New Mexico,2007,roaded,5,0.456642
New Mexico,2007,roaded,6,1.5957
New Mexico,2007,roadless,0,0.0
New Mexico,2007,roadless,1,4.374477
New Mexico,2007,roadless,2,5.475347999999999
New Mexico,2007,roadless,3,0.559737
New Mexico,2007,roadless,4,0.038313
New Mexico,2007,roadless,5,0.033956999999999994
New Mexico,2007,roadless,6,0.0
New Mexico,2007,wilderness,0,0.0
New Mexico,2007,wilderness,1,13.072743000000001
New Mexico,2007,wilderness,2,26.079372
New Mexico,2007,wilderness,3,3.5361540000000002
New Mexico,2007,wilderness,4,1.403919
New Mexico,2007,wilderness,5,0.032400000000000005
New Mexico,2007,wilderness,6,0.0
New Mexico,2008,roaded,0,0.001269
New Mexico,2008,roaded,1,22.484142
New Mexico,2008,roaded,2,19.407384
New Mexico,2008,roaded,3,23.058611999999997
New Mexico,2008,roaded,4,17.882054999999998
New Mexico,2008,roaded,5,0.5481
New Mexico,2008,roaded,6,0.216063
New Mexico,2008,roadless,0,0.0
New Mexico,2008,roadless,1,0.9560430000000001
New Mexico,2008,roadless,2,1.653075
New Mexico,2008,roadless,3,0.049329
New Mexico,2008,roadless,4,0.0
New Mexico,2008,roadless,5,0.0747
New Mexico,2008,roadless,6,0.092637
New Mexico,2008,wilderness,0,0.0
New Mexico,2008,wilderness,1,8.069409
New Mexico,2008,wilderness,2,3.90906
New Mexico,2008,wilderness,3,1.431387
New Mexico,2008,wilderness,4,0.206433
New Mexico,2008,wilderness,5,0.0009
New Mexico,2008,wilderness,6,0.0
New Mexico,2009,roaded,0,0.001269
New Mexico,2009,roaded,1,26.664057000000003
New Mexico,2009,roaded,2,65.372445
New Mexico,2009,roaded,3,8.852274
New Mexico,2009,roaded,4,2.349666
New Mexico,2009,roaded,5,0.24705
New Mexico,2009,roaded,6,0.709614
New Mexico,2009,roadless,0,0.0
New Mexico,2009,roadless,1,12.032343
New Mexico,2009,roadless,2,26.296136999999998
New Mexico,2009,roadless,3,5.252319
New Mexico,2009,roadless,4,0.924534
New Mexico,2009,roadless,5,0.111411
New Mexico,2009,roadless,6,0.0
New Mexico,2009,wilderness,0,0.0
New Mexico,2009,wilderness,1,54.35040599999999
New Mexico,2009,wilderness,2,86.48936099999999
New Mexico,2009,wilderness,3,25.781364
New Mexico,2009,wilderness,4,0.7686
New Mexico,2009,wilderness,5,0.8376389999999999
New Mexico,2009,wilderness,6,9.149886
New Mexico,2010,roaded,0,0.001269
New Mexico,2010,roaded,1,37.088055
New Mexico,2010,roaded,2,65.298555
New Mexico,2010,roaded,3,16.533756
New Mexico,2010,roaded,4,4.635873
New Mexico,2010,roaded,5,0.026927999999999997
New Mexico,2010,roaded,6,0.0054
New Mexico,2010,roadless,0,0.0
New Mexico,2010,roadless,1,10.499211
New Mexico,2010,roadless,2,14.941970999999999
New Mexico,2010,roadless,3,10.409769
New Mexico,2010,roadless,4,7.496127
New Mexico,2010,roadless,5,0.0027
New Mexico,2010,roadless,6,0.0
New Mexico,2010,wilderness,0,0.0
New Mexico,2010,wilderness,1,3.987756
New Mexico,2010,wilderness,2,3.6082529999999995
New Mexico,2010,wilderness,3,1.3813199999999997
New Mexico,2010,wilderness,4,0.4131
New Mexico,2010,wilderness,5,0.023472
New Mexico,2010,wilderness,6,0.0
New Mexico,2011,roaded,0,0.001269
New Mexico,2011,roaded,1,45.906786000000004
New Mexico,2011,roaded,2,172.22196599999998
New Mexico,2011,roaded,3,99.01733399999999
New Mexico,2011,roaded,4,57.81560399999999
New Mexico,2011,roaded,5,1.027404
New Mexico,2011,roaded,6,73.888335
New Mexico,2011,roadless,0,0.0
New Mexico,2011,roadless,1,5.645168999999999
New Mexico,2011,roadless,2,33.824421
New Mexico,2011,roadless,3,32.078799
New Mexico,2011,roadless,4,23.346486
New Mexico,2011,roadless,5,0.08036099999999999
New Mexico,2011,roadless,6,41.114582999999996
New Mexico,2011,wilderness,0,0.0
New Mexico,2011,wilderness,1,34.115976
New Mexico,2011,wilderness,2,222.860088
New Mexico,2011,wilderness,3,79.445349
New Mexico,2011,wilderness,4,23.392853999999996
New Mexico,2011,wilderness,5,0.134064
New Mexico,2011,wilderness,6,14.061644999999999
New Mexico,2012,roaded,0,0.001269
New Mexico,2012,roaded,1,108.039591
New Mexico,2012,roaded,2,87.479226
New Mexico,2012,roaded,3,43.499673
New Mexico,2012,roaded,4,23.120801999999998
New Mexico,2012,roaded,5,4.48902
New Mexico,2012,roaded,6,19.733553
New Mexico,2012,roadless,0,0.0
New Mexico,2012,roadless,1,47.525112
New Mexico,2012,roadless,2,48.864951
New Mexico,2012,roadless,3,25.829477999999998
New Mexico,2012,roadless,4,24.351119999999995
New Mexico,2012,roadless,5,1.330839
New Mexico,2012,roadless,6,0.008612999999999999
New Mexico,2012,wilderness,0,0.0
New Mexico,2012,wilderness,1,385.172829
New Mexico,2012,wilderness,2,275.899878
New Mexico,2012,wilderness,3,114.644286
New Mexico,2012,wilderness,4,105.02146799999998
New Mexico,2012,wilderness,5,5.229927
New Mexico,2012,wilderness,6,12.89916
New Mexico,2013,roaded,0,0.0
New Mexico,2013,roaded,1,18.547416000000002
New Mexico,2013,roaded,2,44.897985
New Mexico,2013,roaded,3,35.987715
New Mexico,2013,roaded,4,12.878820000000001
New Mexico,2013,roaded,5,0.454221
New Mexico,2013,roaded,6,0.0
New Mexico,2013,roadless,0,0.0
New Mexico,2013,roadless,1,29.747978999999997
New Mexico,2013,roadless,2,44.189361
New Mexico,2013,roadless,3,45.251919
New Mexico,2013,roadless,4,26.005995
New Mexico,2013,roadless,5,0.47662200000000005
New Mexico,2013,roadless,6,0.0
New Mexico,2013,wilderness,0,0.0
New Mexico,2013,wilderness,1,49.353533999999996
New Mexico,2013,wilderness,2,114.714657
New Mexico,2013,wilderness,3,101.902626
New Mexico,2013,wilderness,4,75.589272
New Mexico,2013,wilderness,5,3.250557
New Mexico,2013,wilderness,6,0.0018
New Mexico,2014,roaded,0,0.0
New Mexico,2014,roaded,1,11.753622
New Mexico,2014,roaded,2,27.166005
New Mexico,2014,roaded,3,9.654408
New Mexico,2014,roaded,4,9.10494
New Mexico,2014,roaded,5,0.3699
New Mexico,2014,roaded,6,0.0
New Mexico,2014,roadless,0,0.0
New Mexico,2014,roadless,1,1.1991779999999999
New Mexico,2014,roadless,2,7.012395000000001
New Mexico,2014,roadless,3,1.355292
New Mexico,2014,roadless,4,0.06696
New Mexico,2014,roadless,5,0.0018
New Mexico,2014,roadless,6,0.0
New Mexico,2014,wilderness,0,0.0
New Mexico,2014,wilderness,1,0.0
New Mexico,2014,wilderness,2,0.0
New Mexico,2014,wilderness,3,0.0
New Mexico,2014,wilderness,4,0.0
New Mexico,2014,wilderness,5,0.0
New Mexico,2014,wilderness,6,0.0
New Mexico,2015,roaded,0,0.0
New Mexico,2015,roaded,1,21.997224000000003
New Mexico,2015,roaded,2,38.886759
New Mexico,2015,roaded,3,5.504031
New Mexico,2015,roaded,4,0.735291
New Mexico,2015,roaded,5,0.074331
New Mexico,2015,roaded,6,2.3457239999999997
New Mexico,2015,roadless,0,0.0
New Mexico,2015,roadless,1,6.659603999999999
New Mexico,2015,roadless,2,12.262554
New Mexico,2015,roadless,3,3.1557869999999997
New Mexico,2015,roadless,4,0.460305
New Mexico,2015,roadless,5,0.164475
New Mexico,2015,roadless,6,2.327076
New Mexico,2015,wilderness,0,0.0
New Mexico,2015,wilderness,1,6.434172
New Mexico,2015,wilderness,2,10.089386999999999
New Mexico,2015,wilderness,3,1.359882
New Mexico,2015,wilderness,4,0.020304
New Mexico,2015,wilderness,5,0.049193999999999995
New Mexico,2015,wilderness,6,0.023399999999999997
New Mexico,2016,roaded,0,0.001269
New Mexico,2016,roaded,1,30.366243
New Mexico,2016,roaded,2,71.08236
New Mexico,2016,roaded,3,22.058891999999997
New Mexico,2016,roaded,4,4.2750900000000005
New Mexico,2016,roaded,5,0.1026
New Mexico,2016,roaded,6,2.298483
New Mexico,2016,roadless,0,0.0
New Mexico,2016,roadless,1,19.309328999999998
New Mexico,2016,roadless,2,24.391035
New Mexico,2016,roadless,3,1.22823
New Mexico,2016,roadless,4,0.083295
New Mexico,2016,roadless,5,0.0009
New Mexico,2016,roadless,6,0.320364
New Mexico,2016,wilderness,0,0.0
New Mexico,2016,wilderness,1,28.736558999999996
New Mexico,2016,wilderness,2,96.244668
New Mexico,2016,wilderness,3,6.802389
New Mexico,2016,wilderness,4,2.9821139999999997
New Mexico,2016,wilderness,5,0.0045000000000000005
New Mexico,2016,wilderness,6,1.686753
New Mexico,2017,roaded,0,0.0
New Mexico,2017,roaded,1,55.586151
New Mexico,2017,roaded,2,147.73725000000002
New Mexico,2017,roaded,3,10.28736
New Mexico,2017,roaded,4,2.4084
New Mexico,2017,roaded,5,0.166824
New Mexico,2017,roaded,6,2.446101
New Mexico,2017,roadless,0,0.0
New Mexico,2017,roadless,1,0.149859
New Mexico,2017,roadless,2,1.7530290000000002
New Mexico,2017,roadless,3,0.010827
New Mexico,2017,roadless,4,0.0
New Mexico,2017,roadless,5,0.002016
New Mexico,2017,roadless,6,0.265293
New Mexico,2017,wilderness,0,0.0
New Mexico,2017,wilderness,1,28.732536
New Mexico,2017,wilderness,2,96.13127700000001
New Mexico,2017,wilderness,3,2.322513
New Mexico,2017,wilderness,4,0.2025
New Mexico,2017,wilderness,5,0.26676
New Mexico,2017,wilderness,6,6.153606
New Mexico,2018,roaded,0,0.001269
New Mexico,2018,roaded,1,67.55886
New Mexico,2018,roaded,2,146.52483299999997
New Mexico,2018,roaded,3,32.341293
New Mexico,2018,roaded,4,17.827253999999996
New Mexico,2018,roaded,5,0.0801
New Mexico,2018,roaded,6,0.24255
New Mexico,2018,roadless,0,0.0
New Mexico,2018,roadless,1,27.718974
New Mexico,2018,roadless,2,51.371451
New Mexico,2018,roadless,3,12.848607
New Mexico,2018,roadless,4,9.202445999999998
New Mexico,2018,roadless,5,0.1134
New Mexico,2018,roadless,6,0.0
New Mexico,2018,wilderness,0,0.0
New Mexico,2018,wilderness,1,0.0
New Mexico,2018,wilderness,2,0.0
New Mexico,2018,wilderness,3,0.0
New Mexico,2018,wilderness,4,0.0
New Mexico,2018,wilderness,5,0.0
New Mexico,2018,wilderness,6,0.0
New Mexico,2019,roaded,0,0.001269
New Mexico,2019,roaded,1,68.673078
New Mexico,2019,roaded,2,144.54890999999998
New Mexico,2019,roaded,3,11.006865
New Mexico,2019,roaded,4,1.965834
New Mexico,2019,roaded,5,0.56169
New Mexico,2019,roaded,6,0.7884
New Mexico,2019,roadless,0,0.0
New Mexico,2019,roadless,1,2.9984129999999998
New Mexico,2019,roadless,2,6.5071259999999995
New Mexico,2019,roadless,3,1.0215809999999999
New Mexico,2019,roadless,4,0.0
New Mexico,2019,roadless,5,0.01161
New Mexico,2019,roadless,6,0.0
New Mexico,2019,wilderness,0,0.0
New Mexico,2019,wilderness,1,17.413425
New Mexico,2019,wilderness,2,38.307204
New Mexico,2019,wilderness,3,2.8464569999999996
New Mexico,2019,wilderness,4,0.16029
New Mexico,2019,wilderness,5,0.21239999999999998
New Mexico,2019,wilderness,6,0.0
New Mexico,2020,roaded,0,0.0
New Mexico,2020,roaded,1,9.138789000000001
New Mexico,2020,roaded,2,27.503856
New Mexico,2020,roaded,3,11.761128
New Mexico,2020,roaded,4,11.129669999999999
New Mexico,2020,roaded,5,0.592776
New Mexico,2020,roaded,6,0.403119
New Mexico,2020,roadless,0,0.0
New Mexico,2020,roadless,1,5.302242
New Mexico,2020,roadless,2,38.96946
New Mexico,2020,roadless,3,7.389098999999999
New Mexico,2020,roadless,4,0.320184
New Mexico,2020,roadless,5,0.15251399999999998
New Mexico,2020,roadless,6,0.193581
New Mexico,2020,wilderness,0,0.0
New Mexico,2020,wilderness,1,67.335228
New Mexico,2020,wilderness,2,163.36485899999997
New Mexico,2020,wilderness,3,21.280221
New Mexico,2020,wilderness,4,4.282695
New Mexico,2020,wilderness,5,1.11051
New Mexico,2020,wilderness,6,0.3636
New Mexico,2021,roaded,0,0.0
New Mexico,2021,roaded,1,42.686226
New Mexico,2021,roaded,2,91.66392
New Mexico,2021,roaded,3,2.1113999999999997
New Mexico,2021,roaded,4,0.3519
New Mexico,2021,roaded,5,0.1404
New Mexico,2021,roaded,6,0.0
New Mexico,2021,roadless,0,0.0
New Mexico,2021,roadless,1,0.00198
New Mexico,2021,roadless,2,0.0032040000000000003
New Mexico,2021,roadless,3,0.0
New Mexico,2021,roadless,4,0.0
New Mexico,2021,roadless,5,0.0
New Mexico,2021,roadless,6,0.0
New Mexico,2021,wilderness,0,0.0
New Mexico,2021,wilderness,1,54.18088199999999
New Mexico,2021,wilderness,2,236.536632
New Mexico,2021,wilderness,3,74.793402
New Mexico,2021,wilderness,4,12.758823
New Mexico,2021,wilderness,5,1.8108000000000002
New Mexico,2021,wilderness,6,5.2911
New Mexico,2022,roaded,0,0.0
New Mexico,2022,roaded,1,149.859459
New Mexico,2022,roaded,2,408.53988
New Mexico,2022,roaded,3,197.96108399999997
New Mexico,2022,roaded,4,100.63677600000001
New Mexico,2022,roaded,5,8.013501
New Mexico,2022,roaded,6,6.1383600000000005
New Mexico,2022,roadless,0,0.0
New Mexico,2022,roadless,1,95.36724899999999
New Mexico,2022,roadless,2,233.91300600000002
New Mexico,2022,roadless,3,76.73962499999999
New Mexico,2022,roadless,4,26.573724
New Mexico,2022,roadless,5,1.6672319999999998
New Mexico,2022,roadless,6,6.321663
New Mexico,2022,wilderness,0,0.0
New Mexico,2022,wilderness,1,172.132164
New Mexico,2022,wilderness,2,393.96392999999995
New Mexico,2022,wilderness,3,247.04396999999997
New Mexico,2022,wilderness,4,114.91883100000001
New Mexico,2022,wilderness,5,4.879224
New Mexico,2022,wilderness,6,23.972876999999997
New Mexico,2023,roaded,0,0.0
New Mexico,2023,roaded,1,93.44288699999998
New Mexico,2023,roaded,2,236.746431
New Mexico,2023,roaded,3,6.443162999999999
New Mexico,2023,roaded,4,0.334035
New Mexico,2023,roaded,5,0.553446
New Mexico,2023,roaded,6,1.180467
New Mexico,2023,roadless,0,0.0
New Mexico,2023,roadless,1,25.603065
New Mexico,2023,roadless,2,63.348057
New Mexico,2023,roadless,3,0.948267
New Mexico,2023,roadless,4,0.22995000000000002
New Mexico,2023,roadless,5,0.359694
New Mexico,2023,roadless,6,0.23613299999999998
New Mexico,2023,wilderness,0,0.0
New Mexico,2023,wilderness,1,77.866848
New Mexico,2023,wilderness,2,153.725112
New Mexico,2023,wilderness,3,8.27127
New Mexico,2023,wilderness,4,5.805315
New Mexico,2023,wilderness,5,0.91566
New Mexico,2023,wilderness,6,3.5388
New Mexico,2024,roaded,0,0.0
New Mexico,2024,roaded,1,2.5701479999999997
New Mexico,2024,roaded,2,8.575073999999999
New Mexico,2024,roaded,3,2.906622
New Mexico,2024,roaded,4,0.160218
New Mexico,2024,roaded,5,0.0009
New Mexico,2024,roaded,6,0.009089999999999999
New Mexico,2024,roadless,0,0.0
New Mexico,2024,roadless,1,0.0
New Mexico,2024,roadless,2,0.0
New Mexico,2024,roadless,3,0.0
New Mexico,2024,roadless,4,0.0
New Mexico,2024,roadless,5,0.0
New Mexico,2024,roadless,6,0.0
New Mexico,2024,wilderness,0,0.0
New Mexico,2024,wilderness,1,1.213452
New Mexico,2024,wilderness,2,8.758925999999999
New Mexico,2024,wilderness,3,6.616277999999999
New Mexico,2024,wilderness,4,1.0889820000000001
New Mexico,2024,wilderness,5,0.0
New Mexico,2024,wilderness,6,0.17541
Oregon,1984,roaded,0,0.0
Oregon,1984,roaded,1,0.0
Oregon,1984,roaded,2,0.0
Oregon,1984,roaded,3,0.0
Oregon,1984,roaded,4,0.0
Oregon,1984,roaded,5,0.0
Oregon,1984,roaded,6,0.0
Oregon,1984,roadless,0,0.0
Oregon,1984,roadless,1,0.0
Oregon,1984,roadless,2,0.0
Oregon,1984,roadless,3,0.0
Oregon,1984,roadless,4,0.0
Oregon,1984,roadless,5,0.0
Oregon,1984,roadless,6,0.0
Oregon,1984,wilderness,0,0.0
Oregon,1984,wilderness,1,0.0
Oregon,1984,wilderness,2,0.0
Oregon,1984,wilderness,3,0.0
Oregon,1984,wilderness,4,0.0
Oregon,1984,wilderness,5,0.0
Oregon,1984,wilderness,6,0.0
Oregon,1985,roaded,0,0.0
Oregon,1985,roaded,1,0.35369999999999996
Oregon,1985,roaded,2,1.062
Oregon,1985,roaded,3,0.5579999999999999
Oregon,1985,roaded,4,0.3663
Oregon,1985,roaded,5,0.0
Oregon,1985,roaded,6,0.0
Oregon,1985,roadless,0,0.0
Oregon,1985,roadless,1,0.0
Oregon,1985,roadless,2,0.0
Oregon,1985,roadless,3,0.0
Oregon,1985,roadless,4,0.0
Oregon,1985,roadless,5,0.0
Oregon,1985,roadless,6,0.0
Oregon,1985,wilderness,0,0.0
Oregon,1985,wilderness,1,0.0
Oregon,1985,wilderness,2,0.0
Oregon,1985,wilderness,3,0.0
Oregon,1985,wilderness,4,0.0
Oregon,1985,wilderness,5,0.0
Oregon,1985,wilderness,6,0.0
Oregon,1986,roaded,0,0.0
Oregon,1986,roaded,1,26.303759999999997
Oregon,1986,roaded,2,30.906225
Oregon,1986,roaded,3,22.226561999999998
Oregon,1986,roaded,4,11.998512
Oregon,1986,roaded,5,0.145557
Oregon,1986,roaded,6,2.216916
Oregon,1986,roadless,0,0.0
Oregon,1986,roadless,1,35.998857
Oregon,1986,roadless,2,22.457411999999998
Oregon,1986,roadless,3,16.576821
Oregon,1986,roadless,4,5.745311999999999
Oregon,1986,roadless,5,0.552843
Oregon,1986,roadless,6,0.21488400000000002
Oregon,1986,wilderness,0,0.0
Oregon,1986,wilderness,1,5.307300000000001
Oregon,1986,wilderness,2,8.186399999999999
Oregon,1986,wilderness,3,5.5367999999999995
Oregon,1986,wilderness,4,1.2501
Oregon,1986,wilderness,5,0.0
Oregon,1986,wilderness,6,0.0
Oregon,1987,roaded,0,0.0
Oregon,1987,roaded,1,40.815
Oregon,1987,roaded,2,58.060215
Oregon,1987,roaded,3,34.745913
Oregon,1987,roaded,4,29.334032999999998
Oregon,1987,roaded,5,0.317484
Oregon,1987,roaded,6,0.0
Oregon,1987,roadless,0,0.0
Oregon,1987,roadless,1,49.291965
Oregon,1987,roadless,2,31.842018
Oregon,1987,roadless,3,11.23965
Oregon,1987,roadless,4,6.719787
Oregon,1987,roadless,5,0.033993
Oregon,1987,roadless,6,0.0
Oregon,1987,wilderness,0,0.0
Oregon,1987,wilderness,1,120.28097700000001
Oregon,1987,wilderness,2,84.52883700000001
Oregon,1987,wilderness,3,36.462582000000005
Oregon,1987,wilderness,4,33.878547
Oregon,1987,wilderness,5,0.5210189999999999
Oregon,1987,wilderness,6,0.0
Oregon,1988,roaded,0,0.0
Oregon,1988,roaded,1,24.945650999999998
Oregon,1988,roaded,2,28.268603999999996
Oregon,1988,roaded,3,21.730733999999998
Oregon,1988,roaded,4,24.041232
Oregon,1988,roaded,5,1.041309
Oregon,1988,roaded,6,0.0
Oregon,1988,roadless,0,0.0
Oregon,1988,roadless,1,24.482745
Oregon,1988,roadless,2,31.477796999999995
Oregon,1988,roadless,3,24.143346
Oregon,1988,roadless,4,8.722125
Oregon,1988,roadless,5,0.676557
Oregon,1988,roadless,6,0.0
Oregon,1988,wilderness,0,0.0
Oregon,1988,wilderness,1,0.0
Oregon,1988,wilderness,2,0.0
Oregon,1988,wilderness,3,0.0
Oregon,1988,wilderness,4,0.0
Oregon,1988,wilderness,5,0.0
Oregon,1988,wilderness,6,0.0
Oregon,1989,roaded,0,0.0
Oregon,1989,roaded,1,21.023523
Oregon,1989,roaded,2,24.219018000000002
Oregon,1989,roaded,3,28.410867
Oregon,1989,roaded,4,35.415126
Oregon,1989,roaded,5,0.342027
Oregon,1989,roaded,6,0.0
Oregon,1989,roadless,0,0.0
Oregon,1989,roadless,1,15.956594999999998
Oregon,1989,roadless,2,14.190507
Oregon,1989,roadless,3,17.303966999999997
Oregon,1989,roadless,4,43.12719
Oregon,1989,roadless,5,0.297522
Oregon,1989,roadless,6,0.0
Oregon,1989,wilderness,0,0.0
Oregon,1989,wilderness,1,5.826879
Oregon,1989,wilderness,2,5.410161
Oregon,1989,wilderness,3,5.456709
Oregon,1989,wilderness,4,10.280861999999999
Oregon,1989,wilderness,5,0.139086
Oregon,1989,wilderness,6,0.0
Oregon,1990,roaded,0,0.0
Oregon,1990,roaded,1,17.952885000000002
Oregon,1990,roaded,2,31.740453
Oregon,1990,roaded,3,42.623864999999995
Oregon,1990,roaded,4,94.34611799999999
Oregon,1990,roaded,5,0.0576
Oregon,1990,roaded,6,0.0
Oregon,1990,roadless,0,0.0
Oregon,1990,roadless,1,1.9450259999999997
Oregon,1990,roadless,2,3.29454
Oregon,1990,roadless,3,3.2091570000000003
Oregon,1990,roadless,4,7.4347379999999985
Oregon,1990,roadless,5,0.0009
Oregon,1990,roadless,6,0.0
Oregon,1990,wilderness,0,0.0
Oregon,1990,wilderness,1,1.4121359999999998
Oregon,1990,wilderness,2,2.4086160000000003
Oregon,1990,wilderness,3,2.608677
Oregon,1990,wilderness,4,6.061868999999999
Oregon,1990,wilderness,5,0.0027
Oregon,1990,wilderness,6,0.0
Oregon,1991,roaded,0,0.0
Oregon,1991,roaded,1,5.889959999999999
Oregon,1991,roaded,2,3.667311
Oregon,1991,roaded,3,2.031147
Oregon,1991,roaded,4,1.742364
Oregon,1991,roaded,5,0.045
Oregon,1991,roaded,6,0.0
Oregon,1991,roadless,0,0.0
Oregon,1991,roadless,1,4.95324
Oregon,1991,roadless,2,3.520989
Oregon,1991,roadless,3,3.9088529999999997
Oregon,1991,roadless,4,7.875036
Oregon,1991,roadless,5,0.013500000000000002
Oregon,1991,roadless,6,0.0
Oregon,1991,wilderness,0,0.0
Oregon,1991,wilderness,1,0.0
Oregon,1991,wilderness,2,0.0
Oregon,1991,wilderness,3,0.0
Oregon,1991,wilderness,4,0.0
Oregon,1991,wilderness,5,0.0
Oregon,1991,wilderness,6,0.0
Oregon,1992,roaded,0,0.0
Oregon,1992,roaded,1,20.358603000000002
Oregon,1992,roaded,2,32.989301999999995
Oregon,1992,roaded,3,45.884834999999995
Oregon,1992,roaded,4,28.270881
Oregon,1992,roaded,5,0.781173
Oregon,1992,roaded,6,0.0
Oregon,1992,roadless,0,0.0
Oregon,1992,roadless,1,0.0
Oregon,1992,roadless,2,0.0
Oregon,1992,roadless,3,0.0
Oregon,1992,roadless,4,0.0
Oregon,1992,roadless,5,0.0
Oregon,1992,roadless,6,0.0
Oregon,1992,wilderness,0,0.0
Oregon,1992,wilderness,1,0.09539999999999998
Oregon,1992,wilderness,2,0.1413
Oregon,1992,wilderness,3,0.0
Oregon,1992,wilderness,4,0.0
Oregon,1992,wilderness,5,0.0018
Oregon,1992,wilderness,6,0.0
Oregon,1993,roaded,0,0.0
Oregon,1993,roaded,1,0.0
Oregon,1993,roaded,2,0.0
Oregon,1993,roaded,3,0.0
Oregon,1993,roaded,4,0.0
Oregon,1993,roaded,5,0.0
Oregon,1993,roaded,6,0.0
Oregon,1993,roadless,0,0.0
Oregon,1993,roadless,1,0.0
Oregon,1993,roadless,2,0.0
Oregon,1993,roadless,3,0.0
Oregon,1993,roadless,4,0.0
Oregon,1993,roadless,5,0.0
Oregon,1993,roadless,6,0.0
Oregon,1993,wilderness,0,0.0
Oregon,1993,wilderness,1,0.0
Oregon,1993,wilderness,2,0.0
Oregon,1993,wilderness,3,0.0
Oregon,1993,wilderness,4,0.0
Oregon,1993,wilderness,5,0.0
Oregon,1993,wilderness,6,0.0
Oregon,1994,roaded,0,0.0
Oregon,1994,roaded,1,16.778285999999998
Oregon,1994,roaded,2,21.559517999999997
Oregon,1994,roaded,3,15.083406
Oregon,1994,roaded,4,11.802528
Oregon,1994,roaded,5,0.644337
Oregon,1994,roaded,6,0.0
Oregon,1994,roadless,0,0.0
Oregon,1994,roadless,1,13.045653
Oregon,1994,roadless,2,12.701169
Oregon,1994,roadless,3,11.101176
Oregon,1994,roadless,4,11.828384999999999
Oregon,1994,roadless,5,0.3231359999999999
Oregon,1994,roadless,6,0.0
Oregon,1994,wilderness,0,0.0
Oregon,1994,wilderness,1,3.341907
Oregon,1994,wilderness,2,6.239726999999999
Oregon,1994,wilderness,3,1.84617
Oregon,1994,wilderness,4,1.170909
Oregon,1994,wilderness,5,0.253584
Oregon,1994,wilderness,6,0.0
Oregon,1995,roaded,0,0.0
Oregon,1995,roaded,1,1.384794
Oregon,1995,roaded,2,2.061846
Oregon,1995,roaded,3,1.303785
Oregon,1995,roaded,4,0.890694
Oregon,1995,roaded,5,0.015300000000000001
Oregon,1995,roaded,6,0.0
Oregon,1995,roadless,0,0.0
Oregon,1995,roadless,1,0.0
Oregon,1995,roadless,2,0.0
Oregon,1995,roadless,3,0.0
Oregon,1995,roadless,4,0.0
Oregon,1995,roadless,5,0.0
Oregon,1995,roadless,6,0.0
Oregon,1995,wilderness,0,0.0
Oregon,1995,wilderness,1,0.9389699999999999
Oregon,1995,wilderness,2,3.309957
Oregon,1995,wilderness,3,1.2123
Oregon,1995,wilderness,4,0.09179999999999999
Oregon,1995,wilderness,5,0.045899999999999996
Oregon,1995,wilderness,6,0.0
Oregon,1996,roaded,0,0.0
Oregon,1996,roaded,1,51.592563
Oregon,1996,roaded,2,51.8562
Oregon,1996,roaded,3,56.664648
Oregon,1996,roaded,4,62.88156899999999
Oregon,1996,roaded,5,0.6702929999999999
Oregon,1996,roaded,6,1.6768709999999998
Oregon,1996,roadless,0,0.0
Oregon,1996,roadless,1,27.041607
Oregon,1996,roadless,2,23.660901
Oregon,1996,roadless,3,34.372917
Oregon,1996,roadless,4,69.619419
Oregon,1996,roadless,5,0.516771
Oregon,1996,roadless,6,1.7505450000000002
Oregon,1996,wilderness,0,0.0
Oregon,1996,wilderness,1,53.376066
Oregon,1996,wilderness,2,76.40271899999999
Oregon,1996,wilderness,3,49.289769
Oregon,1996,wilderness,4,82.065438
Oregon,1996,wilderness,5,1.248336
Oregon,1996,wilderness,6,2.5044839999999997
Oregon,1997,roaded,0,0.0
Oregon,1997,roaded,1,0.12786299999999998
Oregon,1997,roaded,2,0.075114
Oregon,1997,roaded,3,0.022373999999999995
Oregon,1997,roaded,4,0.001827
Oregon,1997,roaded,5,0.011933999999999998
Oregon,1997,roaded,6,0.0
Oregon,1997,roadless,0,0.0
Oregon,1997,roadless,1,1.078137
Oregon,1997,roadless,2,0.747486
Oregon,1997,roadless,3,0.515826
Oregon,1997,roadless,4,0.11607300000000001
Oregon,1997,roadless,5,0.07986599999999999
Oregon,1997,roadless,6,0.0
Oregon,1997,wilderness,0,0.0
Oregon,1997,wilderness,1,0.0
Oregon,1997,wilderness,2,0.0
Oregon,1997,wilderness,3,0.0
Oregon,1997,wilderness,4,0.0
Oregon,1997,wilderness,5,0.0
Oregon,1997,wilderness,6,0.0
Oregon,1998,roaded,0,0.0
Oregon,1998,roaded,1,0.7299
Oregon,1998,roaded,2,0.7857
Oregon,1998,roaded,3,0.8064
Oregon,1998,roaded,4,2.367
Oregon,1998,roaded,5,0.0189
Oregon,1998,roaded,6,0.0
Oregon,1998,roadless,0,0.0
Oregon,1998,roadless,1,0.0
Oregon,1998,roadless,2,0.0
Oregon,1998,roadless,3,0.0
Oregon,1998,roadless,4,0.0
Oregon,1998,roadless,5,0.0
Oregon,1998,roadless,6,0.0
Oregon,1998,wilderness,0,0.0
Oregon,1998,wilderness,1,0.0
Oregon,1998,wilderness,2,0.0
Oregon,1998,wilderness,3,0.0
Oregon,1998,wilderness,4,0.0
Oregon,1998,wilderness,5,0.0
Oregon,1998,wilderness,6,0.0
Oregon,1999,roaded,0,0.0
Oregon,1999,roaded,1,11.558888999999999
Oregon,1999,roaded,2,23.426675999999997
Oregon,1999,roaded,3,4.2701400000000005
Oregon,1999,roaded,4,1.30185
Oregon,1999,roaded,5,0.106029
Oregon,1999,roaded,6,0.052199999999999996
Oregon,1999,roadless,0,0.0
Oregon,1999,roadless,1,0.48647699999999994
Oregon,1999,roadless,2,1.2529350000000001
Oregon,1999,roadless,3,0.323253
Oregon,1999,roadless,4,0.27792
Oregon,1999,roadless,5,0.009899999999999999
Oregon,1999,roadless,6,0.0
Oregon,1999,wilderness,0,0.0
Oregon,1999,wilderness,1,0.0
Oregon,1999,wilderness,2,0.0
Oregon,1999,wilderness,3,0.0
Oregon,1999,wilderness,4,0.0
Oregon,1999,wilderness,5,0.0
Oregon,1999,wilderness,6,0.0
Oregon,2000,roaded,0,0.0
Oregon,2000,roaded,1,15.944786999999998
Oregon,2000,roaded,2,15.230007
Oregon,2000,roaded,3,6.360111000000001
Oregon,2000,roaded,4,1.5066269999999997
Oregon,2000,roaded,5,0.21083400000000002
Oregon,2000,roaded,6,0.0
Oregon,2000,roadless,0,0.0
Oregon,2000,roadless,1,36.066339
Oregon,2000,roadless,2,21.28491
Oregon,2000,roadless,3,7.178814
Oregon,2000,roadless,4,2.075544
Oregon,2000,roadless,5,1.108566
Oregon,2000,roadless,6,0.0009
Oregon,2000,wilderness,0,0.0
Oregon,2000,wilderness,1,17.426952
Oregon,2000,wilderness,2,34.417871999999996
Oregon,2000,wilderness,3,18.932661
Oregon,2000,wilderness,4,11.741228999999999
Oregon,2000,wilderness,5,0.042300000000000004
Oregon,2000,wilderness,6,0.0
Oregon,2001,roaded,0,0.0
Oregon,2001,roaded,1,6.601535999999999
Oregon,2001,roaded,2,10.745505000000001
Oregon,2001,roaded,3,8.635292999999999
Oregon,2001,roaded,4,8.857862999999998
Oregon,2001,roaded,5,0.16695000000000002
Oregon,2001,roaded,6,0.16871399999999998
Oregon,2001,roadless,0,0.0
Oregon,2001,roadless,1,3.209094
Oregon,2001,roadless,2,12.334437000000001
Oregon,2001,roadless,3,1.7316630000000002
Oregon,2001,roadless,4,0.31928399999999996
Oregon,2001,roadless,5,0.096525
Oregon,2001,roadless,6,0.0
Oregon,2001,wilderness,0,0.0
Oregon,2001,wilderness,1,0.0
Oregon,2001,wilderness,2,0.0
Oregon,2001,wilderness,3,0.0
Oregon,2001,wilderness,4,0.0
Oregon,2001,wilderness,5,0.0
Oregon,2001,wilderness,6,0.0
Oregon,2002,roaded,0,0.0
Oregon,2002,roaded,1,267.045867
Oregon,2002,roaded,2,300.16182599999996
Oregon,2002,roaded,3,274.339926
Oregon,2002,roaded,4,292.331169
Oregon,2002,roaded,5,1.4122619999999997
Oregon,2002,roaded,6,4.2003449999999996
Oregon,2002,roadless,0,0.0
Oregon,2002,roadless,1,138.912552
Oregon,2002,roadless,2,156.012552
Oregon,2002,roadless,3,184.50543599999997
Oregon,2002,roadless,4,231.88761899999997
Oregon,2002,roadless,5,0.38017799999999996
Oregon,2002,roadless,6,0.0009
Oregon,2002,wilderness,0,0.0
Oregon,2002,wilderness,1,177.340806
Oregon,2002,wilderness,2,152.83672199999998
Oregon,2002,wilderness,3,177.855138
Oregon,2002,wilderness,4,243.03869099999997
Oregon,2002,wilderness,5,0.6619139999999999
Oregon,2002,wilderness,6,0.0
Oregon,2003,roaded,0,0.0
Oregon,2003,roaded,1,59.157261
Oregon,2003,roaded,2,122.267961
Oregon,2003,roaded,3,67.632048
Oregon,2003,roaded,4,52.73615699999999
Oregon,2003,roaded,5,1.747917
Oregon,2003,roaded,6,0.0027
Oregon,2003,roadless,0,0.0
Oregon,2003,roadless,1,0.8120609999999999
Oregon,2003,roadless,2,6.267429
Oregon,2003,roadless,3,5.504480999999999
Oregon,2003,roadless,4,0.14355
Oregon,2003,roadless,5,0.016362
Oregon,2003,roadless,6,0.0
Oregon,2003,wilderness,0,0.0
Oregon,2003,wilderness,1,19.373193
Oregon,2003,wilderness,2,60.305751
Oregon,2003,wilderness,3,66.281184
Oregon,2003,wilderness,4,17.763317999999998
Oregon,2003,wilderness,5,0.511821
Oregon,2003,wilderness,6,0.0063
Oregon,2004,roaded,0,0.0
Oregon,2004,roaded,1,5.4846
Oregon,2004,roaded,2,6.638759999999999
Oregon,2004,roaded,3,3.2534460000000003
Oregon,2004,roaded,4,1.237347
Oregon,2004,roaded,5,0.0621
Oregon,2004,roaded,6,0.0
Oregon,2004,roadless,0,0.0
Oregon,2004,roadless,1,0.0
Oregon,2004,roadless,2,0.0
Oregon,2004,roadless,3,0.0
Oregon,2004,roadless,4,0.0
Oregon,2004,roadless,5,0.0
Oregon,2004,roadless,6,0.0
Oregon,2004,wilderness,0,0.0
Oregon,2004,wilderness,1,0.0
Oregon,2004,wilderness,2,0.0
Oregon,2004,wilderness,3,0.0
Oregon,2004,wilderness,4,0.0
Oregon,2004,wilderness,5,0.0
Oregon,2004,wilderness,6,0.0
Oregon,2005,roaded,0,0.0
Oregon,2005,roaded,1,3.3579900000000005
Oregon,2005,roaded,2,3.5232479999999997
Oregon,2005,roaded,3,0.7722539999999999
Oregon,2005,roaded,4,0.4599269999999999
Oregon,2005,roaded,5,0.053478
Oregon,2005,roaded,6,0.0
Oregon,2005,roadless,0,0.0
Oregon,2005,roadless,1,9.288350999999999
Oregon,2005,roadless,2,14.612444999999997
Oregon,2005,roadless,3,2.077191
Oregon,2005,roadless,4,0.715437
Oregon,2005,roadless,5,0.46070999999999995
Oregon,2005,roadless,6,0.0
Oregon,2005,wilderness,0,0.0
Oregon,2005,wilderness,1,16.29234
Oregon,2005,wilderness,2,15.125309999999999
Oregon,2005,wilderness,3,10.498527
Oregon,2005,wilderness,4,2.2217309999999997
Oregon,2005,wilderness,5,0.717012
Oregon,2005,wilderness,6,0.0
Oregon,2006,roaded,0,0.0
Oregon,2006,roaded,1,18.682875
Oregon,2006,roaded,2,27.154656
Oregon,2006,roaded,3,20.625524999999996
Oregon,2006,roaded,4,20.947626
Oregon,2006,roaded,5,0.173232
Oregon,2006,roaded,6,0.073332
Oregon,2006,roadless,0,0.0
Oregon,2006,roadless,1,14.530095
Oregon,2006,roadless,2,16.885485000000003
Oregon,2006,roadless,3,14.276825999999998
Oregon,2006,roadless,4,18.655848
Oregon,2006,roadless,5,0.07156799999999999
Oregon,2006,roadless,6,0.275985
Oregon,2006,wilderness,0,0.0
Oregon,2006,wilderness,1,6.41304
Oregon,2006,wilderness,2,16.397928
Oregon,2006,wilderness,3,19.378863000000003
Oregon,2006,wilderness,4,25.706943000000003
Oregon,2006,wilderness,5,0.015300000000000001
Oregon,2006,wilderness,6,0.24828299999999998
Oregon,2007,roaded,0,0.0
Oregon,2007,roaded,1,83.770308
Oregon,2007,roaded,2,101.431215
Oregon,2007,roaded,3,94.55533199999999
Oregon,2007,roaded,4,89.036811
Oregon,2007,roaded,5,1.2937049999999999
Oregon,2007,roaded,6,0.8829
Oregon,2007,roadless,0,0.0
Oregon,2007,roadless,1,20.020392
Oregon,2007,roadless,2,22.260393
Oregon,2007,roadless,3,15.490367999999998
Oregon,2007,roadless,4,5.166306
Oregon,2007,roadless,5,0.142839
Oregon,2007,roadless,6,0.0
Oregon,2007,wilderness,0,0.0
Oregon,2007,wilderness,1,31.712615999999997
Oregon,2007,wilderness,2,43.036425
Oregon,2007,wilderness,3,30.081096
Oregon,2007,wilderness,4,22.132287
Oregon,2007,wilderness,5,0.410184
Oregon,2007,wilderness,6,0.0
Oregon,2008,roaded,0,0.0
Oregon,2008,roaded,1,15.986861999999999
Oregon,2008,roaded,2,19.907334000000002
Oregon,2008,roaded,3,12.169782
Oregon,2008,roaded,4,9.472769999999999
Oregon,2008,roaded,5,0.035604
Oregon,2008,roaded,6,0.0
Oregon,2008,roadless,0,0.0
Oregon,2008,roadless,1,0.675432
Oregon,2008,roadless,2,1.548594
Oregon,2008,roadless,3,1.105065
Oregon,2008,roadless,4,0.087228
Oregon,2008,roadless,5,0.0009
Oregon,2008,roadless,6,0.0
Oregon,2008,wilderness,0,0.0
Oregon,2008,wilderness,1,31.337801999999996
Oregon,2008,wilderness,2,47.933901000000006
Oregon,2008,wilderness,3,36.06039
Oregon,2008,wilderness,4,26.126351999999997
Oregon,2008,wilderness,5,0.068796
Oregon,2008,wilderness,6,0.0
Oregon,2009,roaded,0,0.0
Oregon,2009,roaded,1,19.254978
Oregon,2009,roaded,2,30.236076000000004
Oregon,2009,roaded,3,27.655496999999997
Oregon,2009,roaded,4,39.181851
Oregon,2009,roaded,5,0.2286
Oregon,2009,roaded,6,0.0
Oregon,2009,roadless,0,0.0
Oregon,2009,roadless,1,8.869328999999999
Oregon,2009,roadless,2,14.783697
Oregon,2009,roadless,3,8.337366000000001
Oregon,2009,roadless,4,9.996678
Oregon,2009,roadless,5,0.042300000000000004
Oregon,2009,roadless,6,0.0
Oregon,2009,wilderness,0,0.0
Oregon,2009,wilderness,1,11.117268
Oregon,2009,wilderness,2,27.986805
Oregon,2009,wilderness,3,22.459256999999997
Oregon,2009,wilderness,4,10.093563
Oregon,2009,wilderness,5,0.0621
Oregon,2009,wilderness,6,0.0
Oregon,2010,roaded,0,0.0
Oregon,2010,roaded,1,10.208178
Oregon,2010,roaded,2,14.973272999999999
Oregon,2010,roaded,3,9.640962
Oregon,2010,roaded,4,12.504375
Oregon,2010,roaded,5,0.12113099999999999
Oregon,2010,roaded,6,0.0
Oregon,2010,roadless,0,0.0
Oregon,2010,roadless,1,5.9727689999999996
Oregon,2010,roadless,2,6.516242999999999
Oregon,2010,roadless,3,2.588976
Oregon,2010,roadless,4,2.21715
Oregon,2010,roadless,5,0.018000000000000002
Oregon,2010,roadless,6,0.0
Oregon,2010,wilderness,0,0.0
Oregon,2010,wilderness,1,4.4583569999999995
Oregon,2010,wilderness,2,3.4081559999999995
Oregon,2010,wilderness,3,4.314906
Oregon,2010,wilderness,4,15.001731
Oregon,2010,wilderness,5,0.11196900000000001
Oregon,2010,wilderness,6,0.1602
Oregon,2011,roaded,0,0.0
Oregon,2011,roaded,1,1.0441529999999999
Oregon,2011,roaded,2,0.621441
Oregon,2011,roaded,3,0.535554
Oregon,2011,roaded,4,0.824949
Oregon,2011,roaded,5,0.019422
Oregon,2011,roaded,6,1.0990799999999998
Oregon,2011,roadless,0,0.0
Oregon,2011,roadless,1,1.6621020000000002
Oregon,2011,roadless,2,1.7851949999999999
Oregon,2011,roadless,3,1.096317
Oregon,2011,roadless,4,2.248866
Oregon,2011,roadless,5,0.0030779999999999996
Oregon,2011,roadless,6,1.611
Oregon,2011,wilderness,0,0.0
Oregon,2011,wilderness,1,6.395166
Oregon,2011,wilderness,2,9.336564
Oregon,2011,wilderness,3,12.173229
Oregon,2011,wilderness,4,13.466385
Oregon,2011,wilderness,5,0.054900000000000004
Oregon,2011,wilderness,6,14.61042
Oregon,2012,roaded,0,0.0
Oregon,2012,roaded,1,26.661383999999998
Oregon,2012,roaded,2,68.462397
Oregon,2012,roaded,3,61.324812
Oregon,2012,roaded,4,71.185149
Oregon,2012,roaded,5,0.248886
Oregon,2012,roaded,6,4.492935
Oregon,2012,roadless,0,0.0
Oregon,2012,roadless,1,12.440961
Oregon,2012,roadless,2,23.104233
Oregon,2012,roadless,3,12.571145999999999
Oregon,2012,roadless,4,3.3954210000000002
Oregon,2012,roadless,5,0.532314
Oregon,2012,roadless,6,13.025133
Oregon,2012,wilderness,0,0.0
Oregon,2012,wilderness,1,5.583636
Oregon,2012,wilderness,2,12.678516
Oregon,2012,wilderness,3,10.747503
Oregon,2012,wilderness,4,10.13913
Oregon,2012,wilderness,5,0.0432
Oregon,2012,wilderness,6,0.153
Oregon,2013,roaded,0,0.0
Oregon,2013,roaded,1,20.382426
Oregon,2013,roaded,2,51.053328
Oregon,2013,roaded,3,11.076497999999999
Oregon,2013,roaded,4,8.915795999999999
Oregon,2013,roaded,5,0.048267
Oregon,2013,roaded,6,0.0
Oregon,2013,roadless,0,0.0
Oregon,2013,roadless,1,0.53397
Oregon,2013,roadless,2,1.9555649999999998
Oregon,2013,roadless,3,2.387043
Oregon,2013,roadless,4,1.7989559999999998
Oregon,2013,roadless,5,0.0019529999999999997
Oregon,2013,roadless,6,0.0
Oregon,2013,wilderness,0,0.0
Oregon,2013,wilderness,1,1.0126979999999999
Oregon,2013,wilderness,2,2.993895
Oregon,2013,wilderness,3,2.290698
Oregon,2013,wilderness,4,1.0871549999999999
Oregon,2013,wilderness,5,0.00198
Oregon,2013,wilderness,6,0.0
Oregon,2014,roaded,0,0.0
Oregon,2014,roaded,1,30.478554
Oregon,2014,roaded,2,95.59236599999998
Oregon,2014,roaded,3,40.795128
Oregon,2014,roaded,4,36.237357
Oregon,2014,roaded,5,0.259362
Oregon,2014,roaded,6,2.610549
Oregon,2014,roadless,0,0.0
Oregon,2014,roadless,1,10.224648
Oregon,2014,roadless,2,28.006488
Oregon,2014,roadless,3,12.604679999999998
Oregon,2014,roadless,4,10.366055999999999
Oregon,2014,roadless,5,0.11683799999999998
Oregon,2014,roadless,6,0.7730009999999998
Oregon,2014,wilderness,0,0.0
Oregon,2014,wilderness,1,6.896439
Oregon,2014,wilderness,2,19.607013
Oregon,2014,wilderness,3,25.872975
Oregon,2014,wilderness,4,15.587432999999999
Oregon,2014,wilderness,5,0.0576
Oregon,2014,wilderness,6,0.0045000000000000005
Oregon,2015,roaded,0,0.0
Oregon,2015,roaded,1,53.632583999999994
Oregon,2015,roaded,2,221.09291999999996
Oregon,2015,roaded,3,111.60296999999998
Oregon,2015,roaded,4,107.07625800000001
Oregon,2015,roaded,5,0.925974
Oregon,2015,roaded,6,2.925441
Oregon,2015,roadless,0,0.0
Oregon,2015,roadless,1,14.112153000000001
Oregon,2015,roadless,2,26.479377000000003
Oregon,2015,roadless,3,14.191280999999998
Oregon,2015,roadless,4,6.3487979999999995
Oregon,2015,roadless,5,0.044135999999999995
Oregon,2015,roadless,6,0.144549
Oregon,2015,wilderness,0,0.0
Oregon,2015,wilderness,1,35.258256
Oregon,2015,wilderness,2,89.29060199999999
Oregon,2015,wilderness,3,64.627569
Oregon,2015,wilderness,4,68.833683
Oregon,2015,wilderness,5,0.023814
Oregon,2015,wilderness,6,3.82851
Oregon,2016,roaded,0,0.0
Oregon,2016,roaded,1,19.272213
Oregon,2016,roaded,2,50.114187
Oregon,2016,roaded,3,27.139176000000003
Oregon,2016,roaded,4,30.444398999999997
Oregon,2016,roaded,5,0.0252
Oregon,2016,roaded,6,2.7595709999999998
Oregon,2016,roadless,0,0.0
Oregon,2016,roadless,1,0.077049
Oregon,2016,roadless,2,0.050679
Oregon,2016,roadless,3,0.014129999999999998
Oregon,2016,roadless,4,0.001593
Oregon,2016,roadless,5,0.0
Oregon,2016,roadless,6,0.0
Oregon,2016,wilderness,0,0.0
Oregon,2016,wilderness,1,12.859461000000001
Oregon,2016,wilderness,2,21.001679999999997
Oregon,2016,wilderness,3,15.323750999999998
Oregon,2016,wilderness,4,14.338448999999999
Oregon,2016,wilderness,5,0.0369
Oregon,2016,wilderness,6,9.709029
Oregon,2017,roaded,0,0.0
Oregon,2017,roaded,1,102.93831
Oregon,2017,roaded,2,288.957807
Oregon,2017,roaded,3,125.72351099999997
Oregon,2017,roaded,4,159.665913
Oregon,2017,roaded,5,0.155169
Oregon,2017,roaded,6,0.25166700000000003
Oregon,2017,roadless,0,0.0
Oregon,2017,roadless,1,35.146665
Oregon,2017,roadless,2,105.872274
Oregon,2017,roadless,3,53.99464499999999
Oregon,2017,roadless,4,71.64982800000001
Oregon,2017,roadless,5,0.019494
Oregon,2017,roadless,6,0.09449999999999999
Oregon,2017,wilderness,0,0.0
Oregon,2017,wilderness,1,92.285082
Oregon,2017,wilderness,2,234.57820499999997
Oregon,2017,wilderness,3,210.802077
Oregon,2017,wilderness,4,288.13674599999996
Oregon,2017,wilderness,5,0.234837
Oregon,2017,wilderness,6,1.637703
Oregon,2018,roaded,0,0.0
Oregon,2018,roaded,1,121.331592
Oregon,2018,roaded,2,325.167777
Oregon,2018,roaded,3,180.624051
Oregon,2018,roaded,4,147.926619
Oregon,2018,roaded,5,0.3568859999999999
Oregon,2018,roaded,6,0.07080299999999999
Oregon,2018,roadless,0,0.0
Oregon,2018,roadless,1,49.120433999999996
Oregon,2018,roadless,2,117.45630899999998
Oregon,2018,roadless,3,86.61437099999999
Oregon,2018,roadless,4,111.33202499999999
Oregon,2018,roadless,5,0.218376
Oregon,2018,roadless,6,0.0
Oregon,2018,wilderness,0,0.0
Oregon,2018,wilderness,1,24.488667
Oregon,2018,wilderness,2,52.873677
Oregon,2018,wilderness,3,35.954685
Oregon,2018,wilderness,4,37.846062
Oregon,2018,wilderness,5,0.45433799999999996
Oregon,2018,wilderness,6,0.0
Oregon,2019,roaded,0,0.0
Oregon,2019,roaded,1,26.301392999999997
Oregon,2019,roaded,2,73.540836
Oregon,2019,roaded,3,6.464268
Oregon,2019,roaded,4,0.924156
Oregon,2019,roaded,5,0.2052
Oregon,2019,roaded,6,0.009000000000000001
Oregon,2019,roadless,0,0.0
Oregon,2019,roadless,1,3.0080430000000002
Oregon,2019,roadless,2,14.766588000000002
Oregon,2019,roadless,3,6.853032
Oregon,2019,roadless,4,3.6676439999999997
Oregon,2019,roadless,5,0.0207
Oregon,2019,roadless,6,0.0
Oregon,2019,wilderness,0,0.0
Oregon,2019,wilderness,1,3.3002999999999996
Oregon,2019,wilderness,2,8.664299999999999
Oregon,2019,wilderness,3,2.9160000000000004
Oregon,2019,wilderness,4,1.035
Oregon,2019,wilderness,5,0.0009
Oregon,2019,wilderness,6,0.0864
Oregon,2020,roaded,0,0.0
Oregon,2020,roaded,1,84.32285399999999
Oregon,2020,roaded,2,362.180313
Oregon,2020,roaded,3,279.773073
Oregon,2020,roaded,4,489.84288300000003
Oregon,2020,roaded,5,0.6663509999999999
Oregon,2020,roaded,6,1.094526
Oregon,2020,roadless,0,0.0
Oregon,2020,roadless,1,6.243003
Oregon,2020,roadless,2,31.304897999999998
Oregon,2020,roadless,3,44.329724999999996
Oregon,2020,roadless,4,118.932129
Oregon,2020,roadless,5,0.098775
Oregon,2020,roadless,6,0.608382
Oregon,2020,wilderness,0,0.0
Oregon,2020,wilderness,1,22.29129
Oregon,2020,wilderness,2,49.252527
Oregon,2020,wilderness,3,33.153155999999996
Oregon,2020,wilderness,4,104.307462
Oregon,2020,wilderness,5,0.20847599999999997
Oregon,2020,wilderness,6,0.46841399999999994
Oregon,2021,roaded,0,0.0
Oregon,2021,roaded,1,296.753049
Oregon,2021,roaded,2,778.599909
Oregon,2021,roaded,3,577.79658
Oregon,2021,roaded,4,444.60645300000004
Oregon,2021,roaded,5,2.614455
Oregon,2021,roaded,6,0.4707809999999999
Oregon,2021,roadless,0,0.0
Oregon,2021,roadless,1,11.120661
Oregon,2021,roadless,2,67.485501
Oregon,2021,roadless,3,53.675729999999994
Oregon,2021,roadless,4,42.360408
Oregon,2021,roadless,5,0.0225
Oregon,2021,roadless,6,0.194922
Oregon,2021,wilderness,0,0.0
Oregon,2021,wilderness,1,15.179967
Oregon,2021,wilderness,2,48.072419999999994
Oregon,2021,wilderness,3,56.287457999999994
Oregon,2021,wilderness,4,47.532294
Oregon,2021,wilderness,5,0.061200000000000004
Oregon,2021,wilderness,6,0.1494
Oregon,2022,roaded,0,0.0
Oregon,2022,roaded,1,100.69520399999999
Oregon,2022,roaded,2,125.79701399999998
Oregon,2022,roaded,3,58.85342999999999
Oregon,2022,roaded,4,80.55810000000001
Oregon,2022,roaded,5,0.022644
Oregon,2022,roaded,6,0.08035199999999999
Oregon,2022,roadless,0,0.0
Oregon,2022,roadless,1,52.363926
Oregon,2022,roadless,2,161.77548599999997
Oregon,2022,roadless,3,106.62608699999998
Oregon,2022,roadless,4,95.37518700000001
Oregon,2022,roadless,5,0.08494199999999999
Oregon,2022,roadless,6,0.188748
Oregon,2022,wilderness,0,0.0
Oregon,2022,wilderness,1,45.971396999999996
Oregon,2022,wilderness,2,104.922297
Oregon,2022,wilderness,3,51.962571
Oregon,2022,wilderness,4,67.516713
Oregon,2022,wilderness,5,0.06611399999999999
Oregon,2022,wilderness,6,1.1538
Oregon,2023,roaded,0,0.0
Oregon,2023,roaded,1,48.280958999999996
Oregon,2023,roaded,2,137.137257
Oregon,2023,roaded,3,73.75562099999999
Oregon,2023,roaded,4,55.45071899999999
Oregon,2023,roaded,5,0.1305
Oregon,2023,roaded,6,0.027999
Oregon,2023,roadless,0,0.0
Oregon,2023,roadless,1,9.272385
Oregon,2023,roadless,2,36.33990299999999
Oregon,2023,roadless,3,48.954123
Oregon,2023,roadless,4,43.157700000000006
Oregon,2023,roadless,5,0.011699999999999999
Oregon,2023,roadless,6,0.197901
Oregon,2023,wilderness,0,0.0
Oregon,2023,wilderness,1,7.359669
Oregon,2023,wilderness,2,45.59768999999999
Oregon,2023,wilderness,3,17.29224
Oregon,2023,wilderness,4,11.466107999999998
Oregon,2023,wilderness,5,0.0018
Oregon,2023,wilderness,6,0.1368
Oregon,2024,roaded,0,0.0
Oregon,2024,roaded,1,24.365150999999997
Oregon,2024,roaded,2,128.902563
Oregon,2024,roaded,3,28.071189
Oregon,2024,roaded,4,22.11939
Oregon,2024,roaded,5,0.008100000000000001
Oregon,2024,roaded,6,0.0
Oregon,2024,roadless,0,0.0
Oregon,2024,roadless,1,1.735776
Oregon,2024,roadless,2,19.335411
Oregon,2024,roadless,3,4.427775
Oregon,2024,roadless,4,0.670248
Oregon,2024,roadless,5,0.0
Oregon,2024,roadless,6,0.0
Oregon,2024,wilderness,0,0.0
Oregon,2024,wilderness,1,0.0
Oregon,2024,wilderness,2,0.0
Oregon,2024,wilderness,3,0.0
Oregon,2024,wilderness,4,0.0
Oregon,2024,wilderness,5,0.0
Oregon,2024,wilderness,6,0.0
Utah,1984,roaded,0,0.0
Utah,1984,roaded,1,0.0
Utah,1984,roaded,2,0.0
Utah,1984,roaded,3,0.0
Utah,1984,roaded,4,0.0
Utah,1984,roaded,5,0.0
Utah,1984,roaded,6,0.0
Utah,1984,roadless,0,0.0
Utah,1984,roadless,1,0.0
Utah,1984,roadless,2,0.0
Utah,1984,roadless,3,0.0
Utah,1984,roadless,4,0.0
Utah,1984,roadless,5,0.0
Utah,1984,roadless,6,0.0
Utah,1984,wilderness,0,0.0
Utah,1984,wilderness,1,0.0
Utah,1984,wilderness,2,0.0
Utah,1984,wilderness,3,0.0
Utah,1984,wilderness,4,0.0
Utah,1984,wilderness,5,0.0
Utah,1984,wilderness,6,0.0
Utah,1985,roaded,0,0.0
Utah,1985,roaded,1,1.1529
Utah,1985,roaded,2,2.492037
Utah,1985,roaded,3,4.665915
Utah,1985,roaded,4,5.652125999999999
Utah,1985,roaded,5,0.0018
Utah,1985,roaded,6,0.5296500000000001
Utah,1985,roadless,0,0.0
Utah,1985,roadless,1,0.11674799999999999
Utah,1985,roadless,2,0.10356299999999999
Utah,1985,roadless,3,0.06178500000000001
Utah,1985,roadless,4,0.024173999999999998
Utah,1985,roadless,5,0.0036
Utah,1985,roadless,6,0.012150000000000001
Utah,1985,wilderness,0,0.0
Utah,1985,wilderness,1,0.620073
Utah,1985,wilderness,2,0.651519
Utah,1985,wilderness,3,0.32900399999999996
Utah,1985,wilderness,4,0.18401399999999998
Utah,1985,wilderness,5,0.0009
Utah,1985,wilderness,6,0.0
Utah,1986,roaded,0,0.0
Utah,1986,roaded,1,0.736902
Utah,1986,roaded,2,1.5694109999999997
Utah,1986,roaded,3,1.50255
Utah,1986,roaded,4,0.07756199999999999
Utah,1986,roaded,5,0.054000000000000006
Utah,1986,roaded,6,0.0
Utah,1986,roadless,0,0.0
Utah,1986,roadless,1,3.019158
Utah,1986,roadless,2,9.122381999999998
Utah,1986,roadless,3,9.937548
Utah,1986,roadless,4,0.521586
Utah,1986,roadless,5,0.002493
Utah,1986,roadless,6,0.0
Utah,1986,wilderness,0,0.0
Utah,1986,wilderness,1,0.750753
Utah,1986,wilderness,2,2.0334689999999997
Utah,1986,wilderness,3,2.963331
Utah,1986,wilderness,4,1.4123519999999998
Utah,1986,wilderness,5,0.006507
Utah,1986,wilderness,6,0.0
Utah,1987,roaded,0,0.0
Utah,1987,roaded,1,0.12191399999999998
Utah,1987,roaded,2,0.310815
Utah,1987,roaded,3,0.068814
Utah,1987,roaded,4,0.009899999999999999
Utah,1987,roaded,5,0.0
Utah,1987,roaded,6,0.0
Utah,1987,roadless,0,0.0
Utah,1987,roadless,1,0.340686
Utah,1987,roadless,2,0.460485
Utah,1987,roadless,3,0.669186
Utah,1987,roadless,4,0.054900000000000004
Utah,1987,roadless,5,0.0
Utah,1987,roadless,6,0.0
Utah,1987,wilderness,0,0.0
Utah,1987,wilderness,1,0.0
Utah,1987,wilderness,2,0.0
Utah,1987,wilderness,3,0.0
Utah,1987,wilderness,4,0.0
Utah,1987,wilderness,5,0.0
Utah,1987,wilderness,6,0.0
Utah,1988,roaded,0,0.0
Utah,1988,roaded,1,2.5788239999999996
Utah,1988,roaded,2,8.267328
Utah,1988,roaded,3,5.686506
Utah,1988,roaded,4,2.913759
Utah,1988,roaded,5,0.008100000000000001
Utah,1988,roaded,6,0.008397
Utah,1988,roadless,0,0.0
Utah,1988,roadless,1,1.9296809999999995
Utah,1988,roadless,2,1.7619119999999997
Utah,1988,roadless,3,2.85903
Utah,1988,roadless,4,2.3191829999999998
Utah,1988,roadless,5,0.0594
Utah,1988,roadless,6,0.24090299999999998
Utah,1988,wilderness,0,0.0
Utah,1988,wilderness,1,0.0
Utah,1988,wilderness,2,0.0
Utah,1988,wilderness,3,0.0
Utah,1988,wilderness,4,0.0
Utah,1988,wilderness,5,0.0
Utah,1988,wilderness,6,0.0
Utah,1989,roaded,0,0.0
Utah,1989,roaded,1,6.503877
Utah,1989,roaded,2,6.0036119999999995
Utah,1989,roaded,3,6.855192
Utah,1989,roaded,4,3.2334300000000002
Utah,1989,roaded,5,0.00013499999999999997
Utah,1989,roaded,6,0.0
Utah,1989,roadless,0,0.0
Utah,1989,roadless,1,5.978114999999999
Utah,1989,roadless,2,7.8089580000000005
Utah,1989,roadless,3,5.840109
Utah,1989,roadless,4,3.723129
Utah,1989,roadless,5,0.03316499999999999
Utah,1989,roadless,6,0.042300000000000004
Utah,1989,wilderness,0,0.0
Utah,1989,wilderness,1,0.0
Utah,1989,wilderness,2,0.0
Utah,1989,wilderness,3,0.0
Utah,1989,wilderness,4,0.0
Utah,1989,wilderness,5,0.0
Utah,1989,wilderness,6,0.0
Utah,1990,roaded,0,0.0
Utah,1990,roaded,1,0.268047
Utah,1990,roaded,2,0.19209600000000002
Utah,1990,roaded,3,0.503037
Utah,1990,roaded,4,0.536256
Utah,1990,roaded,5,0.0
Utah,1990,roaded,6,0.0
Utah,1990,roadless,0,0.0
Utah,1990,roadless,1,0.282375
Utah,1990,roadless,2,0.29226599999999997
Utah,1990,roadless,3,0.331335
Utah,1990,roadless,4,0.8049240000000001
Utah,1990,roadless,5,0.0054
Utah,1990,roadless,6,0.0
Utah,1990,wilderness,0,0.0
Utah,1990,wilderness,1,0.0
Utah,1990,wilderness,2,0.0
Utah,1990,wilderness,3,0.0
Utah,1990,wilderness,4,0.0
Utah,1990,wilderness,5,0.0
Utah,1990,wilderness,6,0.0
Utah,1991,roaded,0,0.0
Utah,1991,roaded,1,0.0
Utah,1991,roaded,2,0.0
Utah,1991,roaded,3,0.0
Utah,1991,roaded,4,0.0
Utah,1991,roaded,5,0.0
Utah,1991,roaded,6,0.0
Utah,1991,roadless,0,0.0
Utah,1991,roadless,1,0.0
Utah,1991,roadless,2,0.0
Utah,1991,roadless,3,0.0
Utah,1991,roadless,4,0.0
Utah,1991,roadless,5,0.0
Utah,1991,roadless,6,0.0
Utah,1991,wilderness,0,0.0
Utah,1991,wilderness,1,0.0
Utah,1991,wilderness,2,0.0
Utah,1991,wilderness,3,0.0
Utah,1991,wilderness,4,0.0
Utah,1991,wilderness,5,0.0
Utah,1991,wilderness,6,0.0
Utah,1992,roaded,0,0.0
Utah,1992,roaded,1,0.0558
Utah,1992,roaded,2,0.4437
Utah,1992,roaded,3,0.3456
Utah,1992,roaded,4,0.0576
Utah,1992,roaded,5,0.0
Utah,1992,roaded,6,0.0
Utah,1992,roadless,0,0.0
Utah,1992,roadless,1,0.0
Utah,1992,roadless,2,0.0
Utah,1992,roadless,3,0.0
Utah,1992,roadless,4,0.0
Utah,1992,roadless,5,0.0
Utah,1992,roadless,6,0.0
Utah,1992,wilderness,0,0.0
Utah,1992,wilderness,1,0.0
Utah,1992,wilderness,2,0.0
Utah,1992,wilderness,3,0.0
Utah,1992,wilderness,4,0.0
Utah,1992,wilderness,5,0.0
Utah,1992,wilderness,6,0.0
Utah,1993,roaded,0,0.0
Utah,1993,roaded,1,0.901305
Utah,1993,roaded,2,0.253575
Utah,1993,roaded,3,0.2664
Utah,1993,roaded,4,0.6255
Utah,1993,roaded,5,0.0036
Utah,1993,roaded,6,0.0
Utah,1993,roadless,0,0.0
Utah,1993,roadless,1,1.8490950000000002
Utah,1993,roadless,2,0.762525
Utah,1993,roadless,3,0.6957
Utah,1993,roadless,4,0.3393
Utah,1993,roadless,5,0.0009
Utah,1993,roadless,6,0.0
Utah,1993,wilderness,0,0.0
Utah,1993,wilderness,1,0.0
Utah,1993,wilderness,2,0.0
Utah,1993,wilderness,3,0.0
Utah,1993,wilderness,4,0.0
Utah,1993,wilderness,5,0.0
Utah,1993,wilderness,6,0.0
Utah,1994,roaded,0,0.0
Utah,1994,roaded,1,1.786347
Utah,1994,roaded,2,3.251916
Utah,1994,roaded,3,2.889153
Utah,1994,roaded,4,1.399185
Utah,1994,roaded,5,0.073197
Utah,1994,roaded,6,0.0
Utah,1994,roadless,0,0.0
Utah,1994,roadless,1,2.6646119999999995
Utah,1994,roadless,2,5.070177
Utah,1994,roadless,3,5.070114
Utah,1994,roadless,4,5.762781
Utah,1994,roadless,5,0.022905
Utah,1994,roadless,6,0.008100000000000001
Utah,1994,wilderness,0,0.0
Utah,1994,wilderness,1,0.0
Utah,1994,wilderness,2,0.0
Utah,1994,wilderness,3,0.0
Utah,1994,wilderness,4,0.0
Utah,1994,wilderness,5,0.0
Utah,1994,wilderness,6,0.0
Utah,1995,roaded,0,0.0
Utah,1995,roaded,1,1.0577969999999999
Utah,1995,roaded,2,0.738108
Utah,1995,roaded,3,0.19171799999999997
Utah,1995,roaded,4,0.08420399999999999
Utah,1995,roaded,5,0.0351
Utah,1995,roaded,6,0.0
Utah,1995,roadless,0,0.0
Utah,1995,roadless,1,0.49238099999999996
Utah,1995,roadless,2,0.465084
Utah,1995,roadless,3,0.203625
Utah,1995,roadless,4,0.0297
Utah,1995,roadless,5,0.0009
Utah,1995,roadless,6,0.0
Utah,1995,wilderness,0,0.0
Utah,1995,wilderness,1,0.18144
Utah,1995,wilderness,2,0.043578
Utah,1995,wilderness,3,0.001512
Utah,1995,wilderness,4,0.0
Utah,1995,wilderness,5,0.0
Utah,1995,wilderness,6,0.0
Utah,1996,roaded,0,0.0
Utah,1996,roaded,1,6.406433999999999
Utah,1996,roaded,2,8.788806
Utah,1996,roaded,3,9.331191
Utah,1996,roaded,4,3.59856
Utah,1996,roaded,5,0.12257100000000001
Utah,1996,roaded,6,0.091188
Utah,1996,roadless,0,0.0
Utah,1996,roadless,1,11.974356
Utah,1996,roadless,2,29.328462
Utah,1996,roadless,3,34.44732
Utah,1996,roadless,4,12.605111999999998
Utah,1996,roadless,5,0.12222899999999999
Utah,1996,roadless,6,0.15001199999999998
Utah,1996,wilderness,0,0.0
Utah,1996,wilderness,1,0.17653499999999997
Utah,1996,wilderness,2,0.525366
Utah,1996,wilderness,3,0.288081
Utah,1996,wilderness,4,0.0288
Utah,1996,wilderness,5,0.009899999999999999
Utah,1996,wilderness,6,0.0
Utah,1997,roaded,0,0.0
Utah,1997,roaded,1,0.861939
Utah,1997,roaded,2,0.42282
Utah,1997,roaded,3,0.556326
Utah,1997,roaded,4,0.740961
Utah,1997,roaded,5,0.0054
Utah,1997,roaded,6,0.0
Utah,1997,roadless,0,0.0
Utah,1997,roadless,1,0.464472
Utah,1997,roadless,2,0.33632100000000004
Utah,1997,roadless,3,0.24724800000000002
Utah,1997,roadless,4,0.694233
Utah,1997,roadless,5,0.0045000000000000005
Utah,1997,roadless,6,0.0
Utah,1997,wilderness,0,0.0
Utah,1997,wilderness,1,0.0
Utah,1997,wilderness,2,0.0
Utah,1997,wilderness,3,0.0
Utah,1997,wilderness,4,0.0
Utah,1997,wilderness,5,0.0
Utah,1997,wilderness,6,0.0
Utah,1998,roaded,0,0.0
Utah,1998,roaded,1,1.125342
Utah,1998,roaded,2,0.396945
Utah,1998,roaded,3,0.13949999999999999
Utah,1998,roaded,4,0.0
Utah,1998,roaded,5,0.0
Utah,1998,roaded,6,0.0
Utah,1998,roadless,0,0.0
Utah,1998,roadless,1,0.012663
Utah,1998,roadless,2,0.000855
Utah,1998,roadless,3,0.0
Utah,1998,roadless,4,0.0
Utah,1998,roadless,5,0.0
Utah,1998,roadless,6,0.0
Utah,1998,wilderness,0,0.0
Utah,1998,wilderness,1,0.0
Utah,1998,wilderness,2,0.0
Utah,1998,wilderness,3,0.0
Utah,1998,wilderness,4,0.0
Utah,1998,wilderness,5,0.0
Utah,1998,wilderness,6,0.0
Utah,1999,roaded,0,0.0
Utah,1999,roaded,1,1.559187
Utah,1999,roaded,2,0.609966
Utah,1999,roaded,3,0.593757
Utah,1999,roaded,4,0.056655
Utah,1999,roaded,5,0.0018
Utah,1999,roaded,6,0.0
Utah,1999,roadless,0,0.0
Utah,1999,roadless,1,1.7939700000000003
Utah,1999,roadless,2,0.651798
Utah,1999,roadless,3,0.768888
Utah,1999,roadless,4,0.224676
Utah,1999,roadless,5,0.0036
Utah,1999,roadless,6,0.0
Utah,1999,wilderness,0,0.0
Utah,1999,wilderness,1,0.0
Utah,1999,wilderness,2,0.0
Utah,1999,wilderness,3,0.0
Utah,1999,wilderness,4,0.0
Utah,1999,wilderness,5,0.0
Utah,1999,wilderness,6,0.0
Utah,2000,roaded,0,0.0
Utah,2000,roaded,1,0.830133
Utah,2000,roaded,2,1.3657229999999998
Utah,2000,roaded,3,2.0959559999999997
Utah,2000,roaded,4,0.698643
Utah,2000,roaded,5,0.0018
Utah,2000,roaded,6,0.0
Utah,2000,roadless,0,0.0
Utah,2000,roadless,1,3.9103559999999997
Utah,2000,roadless,2,5.584941
Utah,2000,roadless,3,7.954317
Utah,2000,roadless,4,6.1012710000000006
Utah,2000,roadless,5,0.0333
Utah,2000,roadless,6,0.0
Utah,2000,wilderness,0,0.0
Utah,2000,wilderness,1,0.0
Utah,2000,wilderness,2,0.0
Utah,2000,wilderness,3,0.0
Utah,2000,wilderness,4,0.0
Utah,2000,wilderness,5,0.0
Utah,2000,wilderness,6,0.0
Utah,2001,roaded,0,0.0
Utah,2001,roaded,1,0.364491
Utah,2001,roaded,2,0.304452
Utah,2001,roaded,3,0.47645999999999994
Utah,2001,roaded,4,0.482904
Utah,2001,roaded,5,0.0
Utah,2001,roaded,6,0.0
Utah,2001,roadless,0,0.0
Utah,2001,roadless,1,4.843998
Utah,2001,roadless,2,5.990526
Utah,2001,roadless,3,7.738911000000001
Utah,2001,roadless,4,9.579969
Utah,2001,roadless,5,0.0072
Utah,2001,roadless,6,0.1341
Utah,2001,wilderness,0,0.0
Utah,2001,wilderness,1,0.697329
Utah,2001,wilderness,2,1.4039009999999998
Utah,2001,wilderness,3,1.781343
Utah,2001,wilderness,4,3.5935830000000006
Utah,2001,wilderness,5,0.008100000000000001
Utah,2001,wilderness,6,0.5508
Utah,2002,roaded,0,0.0
Utah,2002,roaded,1,30.831947999999997
Utah,2002,roaded,2,24.074298
Utah,2002,roaded,3,30.060801
Utah,2002,roaded,4,34.334181
Utah,2002,roaded,5,0.623358
Utah,2002,roaded,6,0.609552
Utah,2002,roadless,0,0.0
Utah,2002,roadless,1,74.790261
Utah,2002,roadless,2,57.350925
Utah,2002,roadless,3,76.341132
Utah,2002,roadless,4,93.78881100000001
Utah,2002,roadless,5,0.381042
Utah,2002,roadless,6,0.20438099999999998
Utah,2002,wilderness,0,0.0
Utah,2002,wilderness,1,2.3443919999999996
Utah,2002,wilderness,2,2.674287
Utah,2002,wilderness,3,7.698429
Utah,2002,wilderness,4,7.554168
Utah,2002,wilderness,5,0.0639
Utah,2002,wilderness,6,0.0
Utah,2003,roaded,0,0.0
Utah,2003,roaded,1,2.2740299999999998
Utah,2003,roaded,2,3.8205989999999996
Utah,2003,roaded,3,4.259871
Utah,2003,roaded,4,2.307789
Utah,2003,roaded,5,0.14853599999999997
Utah,2003,roaded,6,0.9753569999999999
Utah,2003,roadless,0,0.0
Utah,2003,roadless,1,2.5471619999999997
Utah,2003,roadless,2,6.585570000000001
Utah,2003,roadless,3,7.628562
Utah,2003,roadless,4,3.6544589999999992
Utah,2003,roadless,5,0.31998599999999994
Utah,2003,roadless,6,3.125943
Utah,2003,wilderness,0,0.0
Utah,2003,wilderness,1,1.302867
Utah,2003,wilderness,2,1.2305249999999999
Utah,2003,wilderness,3,1.3918769999999998
Utah,2003,wilderness,4,0.754695
Utah,2003,wilderness,5,0.013374000000000002
Utah,2003,wilderness,6,0.0
Utah,2004,roaded,0,0.0
Utah,2004,roaded,1,6.267132
Utah,2004,roaded,2,18.827586
Utah,2004,roaded,3,6.191019
Utah,2004,roaded,4,2.988495
Utah,2004,roaded,5,0.052452
Utah,2004,roaded,6,0.0
Utah,2004,roadless,0,0.0
Utah,2004,roadless,1,9.314343
Utah,2004,roadless,2,57.643010999999994
Utah,2004,roadless,3,19.819394999999997
Utah,2004,roadless,4,2.020194
Utah,2004,roadless,5,0.052848000000000006
Utah,2004,roadless,6,0.0
Utah,2004,wilderness,0,0.0
Utah,2004,wilderness,1,0.0
Utah,2004,wilderness,2,0.0
Utah,2004,wilderness,3,0.0
Utah,2004,wilderness,4,0.0
Utah,2004,wilderness,5,0.0
Utah,2004,wilderness,6,0.0
Utah,2005,roaded,0,0.0
Utah,2005,roaded,1,7.002513
Utah,2005,roaded,2,8.340093
Utah,2005,roaded,3,8.852651999999999
Utah,2005,roaded,4,3.8891699999999996
Utah,2005,roaded,5,0.0037170000000000003
Utah,2005,roaded,6,0.0
Utah,2005,roadless,0,0.0
Utah,2005,roadless,1,9.816912
Utah,2005,roadless,2,10.761732
Utah,2005,roadless,3,12.697353
Utah,2005,roadless,4,4.427289
Utah,2005,roadless,5,0.10338299999999999
Utah,2005,roadless,6,0.4968
Utah,2005,wilderness,0,0.0
Utah,2005,wilderness,1,0.748728
Utah,2005,wilderness,2,1.17351
Utah,2005,wilderness,3,1.988721
Utah,2005,wilderness,4,2.574432
Utah,2005,wilderness,5,0.0027
Utah,2005,wilderness,6,0.0
Utah,2006,roaded,0,0.0
Utah,2006,roaded,1,6.998345999999999
Utah,2006,roaded,2,7.291143
Utah,2006,roaded,3,9.965304
Utah,2006,roaded,4,8.500373999999999
Utah,2006,roaded,5,0.0405
Utah,2006,roaded,6,0.0018
Utah,2006,roadless,0,0.0
Utah,2006,roadless,1,9.505628999999999
Utah,2006,roadless,2,10.116
Utah,2006,roadless,3,14.80059
Utah,2006,roadless,4,9.962432999999999
Utah,2006,roadless,5,0.0333
Utah,2006,roadless,6,0.0828
Utah,2006,wilderness,0,0.0
Utah,2006,wilderness,1,0.0
Utah,2006,wilderness,2,0.0
Utah,2006,wilderness,3,0.0
Utah,2006,wilderness,4,0.0
Utah,2006,wilderness,5,0.0
Utah,2006,wilderness,6,0.0
Utah,2007,roaded,0,0.0
Utah,2007,roaded,1,9.934334999999999
Utah,2007,roaded,2,10.852595999999998
Utah,2007,roaded,3,7.636716
Utah,2007,roaded,4,5.7698730000000005
Utah,2007,roaded,5,0.08342099999999998
Utah,2007,roaded,6,3.5196569999999996
Utah,2007,roadless,0,0.0
Utah,2007,roadless,1,15.520913999999998
Utah,2007,roadless,2,15.859242
Utah,2007,roadless,3,21.828941999999998
Utah,2007,roadless,4,19.860695999999997
Utah,2007,roadless,5,0.10799099999999999
Utah,2007,roadless,6,1.5392430000000001
Utah,2007,wilderness,0,0.0
Utah,2007,wilderness,1,1.2186
Utah,2007,wilderness,2,1.0269
Utah,2007,wilderness,3,0.6705
Utah,2007,wilderness,4,0.4941
Utah,2007,wilderness,5,0.1422
Utah,2007,wilderness,6,0.0
Utah,2008,roaded,0,0.0
Utah,2008,roaded,1,3.382101
Utah,2008,roaded,2,6.1783019999999995
Utah,2008,roaded,3,10.000017
Utah,2008,roaded,4,3.764988
Utah,2008,roaded,5,0.0
Utah,2008,roaded,6,0.0
Utah,2008,roadless,0,0.0
Utah,2008,roadless,1,2.4093
Utah,2008,roadless,2,3.1681619999999997
Utah,2008,roadless,3,3.81573
Utah,2008,roadless,4,1.7947079999999997
Utah,2008,roadless,5,0.0
Utah,2008,roadless,6,0.0
Utah,2008,wilderness,0,0.0
Utah,2008,wilderness,1,0.0
Utah,2008,wilderness,2,0.0
Utah,2008,wilderness,3,0.0
Utah,2008,wilderness,4,0.0
Utah,2008,wilderness,5,0.0
Utah,2008,wilderness,6,0.0
Utah,2009,roaded,0,0.0
Utah,2009,roaded,1,6.300063
Utah,2009,roaded,2,12.354264
Utah,2009,roaded,3,14.181543
Utah,2009,roaded,4,12.769703999999999
Utah,2009,roaded,5,0.013500000000000002
Utah,2009,roaded,6,0.0
Utah,2009,roadless,0,0.0
Utah,2009,roadless,1,5.71275
Utah,2009,roadless,2,9.116126999999999
Utah,2009,roadless,3,15.97158
Utah,2009,roadless,4,20.000223
Utah,2009,roadless,5,0.0144
Utah,2009,roadless,6,0.0
Utah,2009,wilderness,0,0.0
Utah,2009,wilderness,1,1.423791
Utah,2009,wilderness,2,4.618332
Utah,2009,wilderness,3,12.065814
Utah,2009,wilderness,4,20.466495
Utah,2009,wilderness,5,0.0027
Utah,2009,wilderness,6,0.0
Utah,2010,roaded,0,0.0
Utah,2010,roaded,1,8.654570999999999
Utah,2010,roaded,2,9.290736
Utah,2010,roaded,3,17.021375999999997
Utah,2010,roaded,4,22.288598999999998
Utah,2010,roaded,5,0.22355999999999998
Utah,2010,roaded,6,1.921644
Utah,2010,roadless,0,0.0
Utah,2010,roadless,1,22.814829
Utah,2010,roadless,2,17.386163999999997
Utah,2010,roadless,3,21.027024
Utah,2010,roadless,4,48.143601
Utah,2010,roadless,5,0.39203999999999994
Utah,2010,roadless,6,2.6638559999999996
Utah,2010,wilderness,0,0.0
Utah,2010,wilderness,1,0.0
Utah,2010,wilderness,2,0.0
Utah,2010,wilderness,3,0.0
Utah,2010,wilderness,4,0.0
Utah,2010,wilderness,5,0.0
Utah,2010,wilderness,6,0.0
Utah,2011,roaded,0,0.0
Utah,2011,roaded,1,0.24717599999999998
Utah,2011,roaded,2,1.043739
Utah,2011,roaded,3,0.048582
Utah,2011,roaded,4,0.0
Utah,2011,roaded,5,0.0
Utah,2011,roaded,6,0.0
Utah,2011,roadless,0,0.0
Utah,2011,roadless,1,0.0
Utah,2011,roadless,2,0.0
Utah,2011,roadless,3,0.0
Utah,2011,roadless,4,0.0
Utah,2011,roadless,5,0.0
Utah,2011,roadless,6,0.0
Utah,2011,wilderness,0,0.0
Utah,2011,wilderness,1,0.0
Utah,2011,wilderness,2,0.0
Utah,2011,wilderness,3,0.0
Utah,2011,wilderness,4,0.0
Utah,2011,wilderness,5,0.0
Utah,2011,wilderness,6,0.0
Utah,2012,roaded,0,0.0
Utah,2012,roaded,1,20.692008
Utah,2012,roaded,2,47.907891
Utah,2012,roaded,3,50.21753399999999
Utah,2012,roaded,4,31.756869000000002
Utah,2012,roaded,5,0.10980000000000001
Utah,2012,roaded,6,0.18765
Utah,2012,roadless,0,0.0
Utah,2012,roadless,1,29.510558999999997
Utah,2012,roadless,2,41.731362
Utah,2012,roadless,3,54.221706
Utah,2012,roadless,4,59.22277199999999
Utah,2012,roadless,5,0.2772
Utah,2012,roadless,6,3.653775
Utah,2012,wilderness,0,0.0
Utah,2012,wilderness,1,0.2619
Utah,2012,wilderness,2,1.992645
Utah,2012,wilderness,3,2.753379
Utah,2012,wilderness,4,0.7884
Utah,2012,wilderness,5,0.0009
Utah,2012,wilderness,6,0.578475
Utah,2013,roaded,0,0.0
Utah,2013,roaded,1,0.20608199999999996
Utah,2013,roaded,2,0.7222139999999999
Utah,2013,roaded,3,0.5865119999999999
Utah,2013,roaded,4,0.05732099999999999
Utah,2013,roaded,5,0.0
Utah,2013,roaded,6,0.327744
Utah,2013,roadless,0,0.0
Utah,2013,roadless,1,1.202481
Utah,2013,roadless,2,4.79268
Utah,2013,roadless,3,4.840767
Utah,2013,roadless,4,0.395208
Utah,2013,roadless,5,0.0018
Utah,2013,roadless,6,6.311061
Utah,2013,wilderness,0,0.0
Utah,2013,wilderness,1,3.131964
Utah,2013,wilderness,2,8.177265
Utah,2013,wilderness,3,8.923275
Utah,2013,wilderness,4,5.390297999999999
Utah,2013,wilderness,5,0.0774
Utah,2013,wilderness,6,9.981468
Utah,2014,roaded,0,0.0
Utah,2014,roaded,1,0.014778
Utah,2014,roaded,2,0.017775
Utah,2014,roaded,3,0.015326999999999997
Utah,2014,roaded,4,0.017495999999999998
Utah,2014,roaded,5,0.0
Utah,2014,roaded,6,0.0
Utah,2014,roadless,0,0.0
Utah,2014,roadless,1,0.45672299999999993
Utah,2014,roadless,2,0.726399
Utah,2014,roadless,3,1.8742320000000001
Utah,2014,roadless,4,4.968378
Utah,2014,roadless,5,0.0018
Utah,2014,roadless,6,2.4183000000000003
Utah,2014,wilderness,0,0.0
Utah,2014,wilderness,1,0.0
Utah,2014,wilderness,2,0.0
Utah,2014,wilderness,3,0.0
Utah,2014,wilderness,4,0.0
Utah,2014,wilderness,5,0.0
Utah,2014,wilderness,6,0.0
Utah,2015,roaded,0,0.0
Utah,2015,roaded,1,2.6435700000000004
Utah,2015,roaded,2,6.558471
Utah,2015,roaded,3,1.22328
Utah,2015,roaded,4,0.29295000000000004
Utah,2015,roaded,5,0.0
Utah,2015,roaded,6,0.0
Utah,2015,roadless,0,0.0
Utah,2015,roadless,1,1.129113
Utah,2015,roadless,2,1.662507
Utah,2015,roadless,3,1.11492
Utah,2015,roadless,4,0.41534999999999994
Utah,2015,roadless,5,0.0
Utah,2015,roadless,6,0.0
Utah,2015,wilderness,0,0.0
Utah,2015,wilderness,1,0.0
Utah,2015,wilderness,2,0.0
Utah,2015,wilderness,3,0.0
Utah,2015,wilderness,4,0.0
Utah,2015,wilderness,5,0.0
Utah,2015,wilderness,6,0.0
Utah,2016,roaded,0,0.0
Utah,2016,roaded,1,1.842237
Utah,2016,roaded,2,2.463858
Utah,2016,roaded,3,3.0094289999999995
Utah,2016,roaded,4,1.8311579999999998
Utah,2016,roaded,5,0.024219
Utah,2016,roaded,6,0.549549
Utah,2016,roadless,0,0.0
Utah,2016,roadless,1,23.815341
Utah,2016,roadless,2,26.546093999999997
Utah,2016,roadless,3,27.717336
Utah,2016,roadless,4,18.99324
Utah,2016,roadless,5,0.299862
Utah,2016,roadless,6,3.0074309999999995
Utah,2016,wilderness,0,0.0
Utah,2016,wilderness,1,0.362979
Utah,2016,wilderness,2,2.9425499999999998
Utah,2016,wilderness,3,3.193605
Utah,2016,wilderness,4,1.215702
Utah,2016,wilderness,5,0.0
Utah,2016,wilderness,6,0.16163999999999998
Utah,2017,roaded,0,0.0
Utah,2017,roaded,1,30.60792
Utah,2017,roaded,2,48.47634
Utah,2017,roaded,3,62.712378
Utah,2017,roaded,4,73.34657999999999
Utah,2017,roaded,5,0.11283299999999999
Utah,2017,roaded,6,0.7262909999999999
Utah,2017,roadless,0,0.0
Utah,2017,roadless,1,7.714908
Utah,2017,roadless,2,11.534157
Utah,2017,roadless,3,18.026937
Utah,2017,roadless,4,14.287679999999998
Utah,2017,roadless,5,0.021267
Utah,2017,roadless,6,0.001809
Utah,2017,wilderness,0,0.0
Utah,2017,wilderness,1,0.0
Utah,2017,wilderness,2,0.0
Utah,2017,wilderness,3,0.0
Utah,2017,wilderness,4,0.0
Utah,2017,wilderness,5,0.0
Utah,2017,wilderness,6,0.0
Utah,2018,roaded,0,0.0
Utah,2018,roaded,1,14.900948999999999
Utah,2018,roaded,2,30.830489999999994
Utah,2018,roaded,3,28.533896999999996
Utah,2018,roaded,4,12.535371
Utah,2018,roaded,5,0.31455
Utah,2018,roaded,6,0.0756
Utah,2018,roadless,0,0.0
Utah,2018,roadless,1,42.501717
Utah,2018,roadless,2,104.585742
Utah,2018,roadless,3,178.822629
Utah,2018,roadless,4,121.358529
Utah,2018,roadless,5,0.7820909999999999
Utah,2018,roadless,6,0.195291
Utah,2018,wilderness,0,0.0
Utah,2018,wilderness,1,10.6101
Utah,2018,wilderness,2,18.440144999999998
Utah,2018,wilderness,3,22.614237
Utah,2018,wilderness,4,11.598317999999999
Utah,2018,wilderness,5,0.09011699999999999
Utah,2018,wilderness,6,0.769509
Utah,2019,roaded,0,0.0
Utah,2019,roaded,1,9.350505
Utah,2019,roaded,2,28.504845
Utah,2019,roaded,3,11.999051999999999
Utah,2019,roaded,4,5.5971
Utah,2019,roaded,5,0.1206
Utah,2019,roaded,6,0.119646
Utah,2019,roadless,0,0.0
Utah,2019,roadless,1,3.988143
Utah,2019,roadless,2,11.828807999999999
Utah,2019,roadless,3,7.2741690000000006
Utah,2019,roadless,4,6.825798
Utah,2019,roadless,5,0.0873
Utah,2019,roadless,6,0.681354
Utah,2019,wilderness,0,0.0
Utah,2019,wilderness,1,1.286865
Utah,2019,wilderness,2,1.792377
Utah,2019,wilderness,3,0.47978099999999996
Utah,2019,wilderness,4,0.099702
Utah,2019,wilderness,5,0.0
Utah,2019,wilderness,6,0.0
Utah,2020,roaded,0,0.0
Utah,2020,roaded,1,6.472791
Utah,2020,roaded,2,9.801936000000001
Utah,2020,roaded,3,7.892811
Utah,2020,roaded,4,7.0449839999999995
Utah,2020,roaded,5,0.066798
Utah,2020,roaded,6,0.095535
Utah,2020,roadless,0,0.0
Utah,2020,roadless,1,15.946487999999999
Utah,2020,roadless,2,32.949666
Utah,2020,roadless,3,39.749643
Utah,2020,roadless,4,48.192677999999994
Utah,2020,roadless,5,0.6600059999999999
Utah,2020,roadless,6,0.257679
Utah,2020,wilderness,0,0.0
Utah,2020,wilderness,1,49.164381000000006
Utah,2020,wilderness,2,65.350224
Utah,2020,wilderness,3,48.543155999999996
Utah,2020,wilderness,4,41.543487
Utah,2020,wilderness,5,0.714096
Utah,2020,wilderness,6,2.7085860000000004
Utah,2021,roaded,0,0.0
Utah,2021,roaded,1,3.50721
Utah,2021,roaded,2,5.280272999999999
Utah,2021,roaded,3,6.982767
Utah,2021,roaded,4,1.523394
Utah,2021,roaded,5,0.161379
Utah,2021,roaded,6,0.1575
Utah,2021,roadless,0,0.0
Utah,2021,roadless,1,7.220205000000001
Utah,2021,roadless,2,10.147194
Utah,2021,roadless,3,9.64557
Utah,2021,roadless,4,4.432842
Utah,2021,roadless,5,0.231921
Utah,2021,roadless,6,0.12960000000000002
Utah,2021,wilderness,0,0.0
Utah,2021,wilderness,1,0.0
Utah,2021,wilderness,2,0.0
Utah,2021,wilderness,3,0.0
Utah,2021,wilderness,4,0.0
Utah,2021,wilderness,5,0.0
Utah,2021,wilderness,6,0.0
Utah,2022,roaded,0,0.0
Utah,2022,roaded,1,6.845103
Utah,2022,roaded,2,15.380109
Utah,2022,roaded,3,12.039417
Utah,2022,roaded,4,4.010103
Utah,2022,roaded,5,0.0279
Utah,2022,roaded,6,0.0
Utah,2022,roadless,0,0.0
Utah,2022,roadless,1,4.432742999999999
Utah,2022,roadless,2,7.38054
Utah,2022,roadless,3,6.466518
Utah,2022,roadless,4,12.493412999999999
Utah,2022,roadless,5,0.04769999999999999
Utah,2022,roadless,6,0.0
Utah,2022,wilderness,0,0.0
Utah,2022,wilderness,1,0.0
Utah,2022,wilderness,2,0.0
Utah,2022,wilderness,3,0.0
Utah,2022,wilderness,4,0.0
Utah,2022,wilderness,5,0.0
Utah,2022,wilderness,6,0.0
Utah,2023,roaded,0,0.0
Utah,2023,roaded,1,4.943763
Utah,2023,roaded,2,3.0414869999999996
Utah,2023,roaded,3,1.8859409999999999
Utah,2023,roaded,4,0.636507
Utah,2023,roaded,5,0.1764
Utah,2023,roaded,6,0.0
Utah,2023,roadless,0,0.0
Utah,2023,roadless,1,5.292369
Utah,2023,roadless,2,8.499716999999999
Utah,2023,roadless,3,9.613944
Utah,2023,roadless,4,12.215978999999999
Utah,2023,roadless,5,0.036000000000000004
Utah,2023,roadless,6,0.0
Utah,2023,wilderness,0,0.0
Utah,2023,wilderness,1,0.0
Utah,2023,wilderness,2,0.0
Utah,2023,wilderness,3,0.0
Utah,2023,wilderness,4,0.0
Utah,2023,wilderness,5,0.0
Utah,2023,wilderness,6,0.0
Utah,2024,roaded,0,0.0
Utah,2024,roaded,1,0.0
Utah,2024,roaded,2,0.0
Utah,2024,roaded,3,0.0
Utah,2024,roaded,4,0.0
Utah,2024,roaded,5,0.0
Utah,2024,roaded,6,0.0
Utah,2024,roadless,0,0.0
Utah,2024,roadless,1,0.0
Utah,2024,roadless,2,0.0
Utah,2024,roadless,3,0.0
Utah,2024,roadless,4,0.0
Utah,2024,roadless,5,0.0
Utah,2024,roadless,6,0.0
Utah,2024,wilderness,0,0.0
Utah,2024,wilderness,1,0.0
Utah,2024,wilderness,2,0.0
Utah,2024,wilderness,3,0.0
Utah,2024,wilderness,4,0.0
Utah,2024,wilderness,5,0.0
Utah,2024,wilderness,6,0.0
Washington,1984,roaded,0,0.0
Washington,1984,roaded,1,0.0
Washington,1984,roaded,2,0.0
Washington,1984,roaded,3,0.0
Washington,1984,roaded,4,0.0
Washington,1984,roaded,5,0.0
Washington,1984,roaded,6,0.0
Washington,1984,roadless,0,0.0
Washington,1984,roadless,1,0.0
Washington,1984,roadless,2,0.0
Washington,1984,roadless,3,0.0
Washington,1984,roadless,4,0.0
Washington,1984,roadless,5,0.0
Washington,1984,roadless,6,0.0
Washington,1984,wilderness,0,0.0
Washington,1984,wilderness,1,0.0
Washington,1984,wilderness,2,0.0
Washington,1984,wilderness,3,0.0
Washington,1984,wilderness,4,0.0
Washington,1984,wilderness,5,0.0
Washington,1984,wilderness,6,0.0
Washington,1985,roaded,0,4.4999999999999996e-05
Washington,1985,roaded,1,6.848019000000001
Washington,1985,roaded,2,4.040415
Washington,1985,roaded,3,1.324341
Washington,1985,roaded,4,1.086381
Washington,1985,roaded,5,0.254295
Washington,1985,roaded,6,0.0018
Washington,1985,roadless,0,0.0
Washington,1985,roadless,1,0.0
Washington,1985,roadless,2,0.0
Washington,1985,roadless,3,0.0
Washington,1985,roadless,4,0.0
Washington,1985,roadless,5,0.0
Washington,1985,roadless,6,0.0
Washington,1985,wilderness,0,0.016236
Washington,1985,wilderness,1,1.6569
Washington,1985,wilderness,2,3.375
Washington,1985,wilderness,3,2.6541
Washington,1985,wilderness,4,2.6721
Washington,1985,wilderness,5,0.0144
Washington,1985,wilderness,6,0.0
Washington,1986,roaded,0,0.0
Washington,1986,roaded,1,0.014003999999999999
Washington,1986,roaded,2,0.002484
Washington,1986,roaded,3,0.0031590000000000003
Washington,1986,roaded,4,0.008667000000000001
Washington,1986,roaded,5,0.0
Washington,1986,roaded,6,0.0
Washington,1986,roadless,0,0.0
Washington,1986,roadless,1,0.7320869999999999
Washington,1986,roadless,2,0.120042
Washington,1986,roadless,3,0.174942
Washington,1986,roadless,4,0.330057
Washington,1986,roadless,5,0.0009
Washington,1986,roadless,6,0.0
Washington,1986,wilderness,0,0.016236
Washington,1986,wilderness,1,3.0609089999999997
Washington,1986,wilderness,2,0.478674
Washington,1986,wilderness,3,0.836199
Washington,1986,wilderness,4,1.473876
Washington,1986,wilderness,5,0.0207
Washington,1986,wilderness,6,0.0
Washington,1987,roaded,0,0.0
Washington,1987,roaded,1,0.0
Washington,1987,roaded,2,0.0
Washington,1987,roaded,3,0.0
Washington,1987,roaded,4,0.0
Washington,1987,roaded,5,0.0
Washington,1987,roaded,6,0.0
Washington,1987,roadless,0,0.0
Washington,1987,roadless,1,0.0
Washington,1987,roadless,2,0.0
Washington,1987,roadless,3,0.0
Washington,1987,roadless,4,0.0
Washington,1987,roadless,5,0.0
Washington,1987,roadless,6,0.0
Washington,1987,wilderness,0,0.0
Washington,1987,wilderness,1,0.0
Washington,1987,wilderness,2,0.0
Washington,1987,wilderness,3,0.0
Washington,1987,wilderness,4,0.0
Washington,1987,wilderness,5,0.0
Washington,1987,wilderness,6,0.0
Washington,1988,roaded,0,4.4999999999999996e-05
Washington,1988,roaded,1,16.605441
Washington,1988,roaded,2,25.863903
Washington,1988,roaded,3,31.28292
Washington,1988,roaded,4,42.249969
Washington,1988,roaded,5,0.2565
Washington,1988,roaded,6,0.020916
Washington,1988,roadless,0,0.0
Washington,1988,roadless,1,10.287738
Washington,1988,roadless,2,13.295447999999999
Washington,1988,roadless,3,13.270176000000001
Washington,1988,roadless,4,17.980794
Washington,1988,roadless,5,0.027000000000000003
Washington,1988,roadless,6,0.283284
Washington,1988,wilderness,0,0.0
Washington,1988,wilderness,1,0.0
Washington,1988,wilderness,2,0.0
Washington,1988,wilderness,3,0.0
Washington,1988,wilderness,4,0.0
Washington,1988,wilderness,5,0.0
Washington,1988,wilderness,6,0.0
Washington,1989,roaded,0,0.0
Washington,1989,roaded,1,0.0
Washington,1989,roaded,2,0.0
Washington,1989,roaded,3,0.0
Washington,1989,roaded,4,0.0
Washington,1989,roaded,5,0.0
Washington,1989,roaded,6,0.0
Washington,1989,roadless,0,0.0
Washington,1989,roadless,1,0.0
Washington,1989,roadless,2,0.0
Washington,1989,roadless,3,0.0
Washington,1989,roadless,4,0.0
Washington,1989,roadless,5,0.0
Washington,1989,roadless,6,0.0
Washington,1989,wilderness,0,0.0
Washington,1989,wilderness,1,0.0
Washington,1989,wilderness,2,0.0
Washington,1989,wilderness,3,0.0
Washington,1989,wilderness,4,0.0
Washington,1989,wilderness,5,0.0
Washington,1989,wilderness,6,0.0
Washington,1990,roaded,0,0.0
Washington,1990,roaded,1,0.0
Washington,1990,roaded,2,0.0
Washington,1990,roaded,3,0.0
Washington,1990,roaded,4,0.0
Washington,1990,roaded,5,0.0
Washington,1990,roaded,6,0.0
Washington,1990,roadless,0,0.0
Washington,1990,roadless,1,0.0
Washington,1990,roadless,2,0.0
Washington,1990,roadless,3,0.0
Washington,1990,roadless,4,0.0
Washington,1990,roadless,5,0.0
Washington,1990,roadless,6,0.0
Washington,1990,wilderness,0,0.0
Washington,1990,wilderness,1,0.4131
Washington,1990,wilderness,2,0.7722
Washington,1990,wilderness,3,0.9603
Washington,1990,wilderness,4,0.6975
Washington,1990,wilderness,5,0.013500000000000002
Washington,1990,wilderness,6,0.0
Washington,1991,roaded,0,0.008523
Washington,1991,roaded,1,0.0063
Washington,1991,roaded,2,0.061929
Washington,1991,roaded,3,0.0054
Washington,1991,roaded,4,0.0
Washington,1991,roaded,5,0.0
Washington,1991,roaded,6,0.0
Washington,1991,roadless,0,0.0
Washington,1991,roadless,1,0.09
Washington,1991,roadless,2,0.250371
Washington,1991,roadless,3,0.016200000000000003
Washington,1991,roadless,4,0.0
Washington,1991,roadless,5,0.0
Washington,1991,roadless,6,0.0
Washington,1991,wilderness,0,0.0018719999999999997
Washington,1991,wilderness,1,0.0
Washington,1991,wilderness,2,0.0
Washington,1991,wilderness,3,0.0
Washington,1991,wilderness,4,0.0
Washington,1991,wilderness,5,0.0
Washington,1991,wilderness,6,0.0
Washington,1992,roaded,0,0.0
Washington,1992,roaded,1,0.0
Washington,1992,roaded,2,0.0
Washington,1992,roaded,3,0.0
Washington,1992,roaded,4,0.0
Washington,1992,roaded,5,0.0
Washington,1992,roaded,6,0.0
Washington,1992,roadless,0,0.0
Washington,1992,roadless,1,0.0
Washington,1992,roadless,2,0.0
Washington,1992,roadless,3,0.0
Washington,1992,roadless,4,0.0
Washington,1992,roadless,5,0.0
Washington,1992,roadless,6,0.0
Washington,1992,wilderness,0,0.0
Washington,1992,wilderness,1,0.0
Washington,1992,wilderness,2,0.0
Washington,1992,wilderness,3,0.0
Washington,1992,wilderness,4,0.0
Washington,1992,wilderness,5,0.0
Washington,1992,wilderness,6,0.0
Washington,1993,roaded,0,0.0
Washington,1993,roaded,1,0.0
Washington,1993,roaded,2,0.0
Washington,1993,roaded,3,0.0
Washington,1993,roaded,4,0.0
Washington,1993,roaded,5,0.0
Washington,1993,roaded,6,0.0
Washington,1993,roadless,0,0.0
Washington,1993,roadless,1,0.0
Washington,1993,roadless,2,0.0
Washington,1993,roadless,3,0.0
Washington,1993,roadless,4,0.0
Washington,1993,roadless,5,0.0
Washington,1993,roadless,6,0.0
Washington,1993,wilderness,0,0.0
Washington,1993,wilderness,1,0.0
Washington,1993,wilderness,2,0.0
Washington,1993,wilderness,3,0.0
Washington,1993,wilderness,4,0.0
Washington,1993,wilderness,5,0.0
Washington,1993,wilderness,6,0.0
Washington,1994,roaded,0,0.008568
Washington,1994,roaded,1,35.136162
Washington,1994,roaded,2,89.240931
Washington,1994,roaded,3,93.47362199999999
Washington,1994,roaded,4,66.85892999999999
Washington,1994,roaded,5,0.617679
Washington,1994,roaded,6,0.7505279999999999
Washington,1994,roadless,0,0.0
Washington,1994,roadless,1,35.457632999999994
Washington,1994,roadless,2,65.739591
Washington,1994,roadless,3,52.0128
Washington,1994,roadless,4,62.592209999999994
Washington,1994,roadless,5,1.257174
Washington,1994,roadless,6,0.058968
Washington,1994,wilderness,0,0.018108
Washington,1994,wilderness,1,6.2431920000000005
Washington,1994,wilderness,2,6.343883999999999
Washington,1994,wilderness,3,6.0000659999999995
Washington,1994,wilderness,4,6.941375999999999
Washington,1994,wilderness,5,0.360144
Washington,1994,wilderness,6,0.538704
Washington,1995,roaded,0,0.0
Washington,1995,roaded,1,0.0
Washington,1995,roaded,2,0.0
Washington,1995,roaded,3,0.0
Washington,1995,roaded,4,0.0
Washington,1995,roaded,5,0.0
Washington,1995,roaded,6,0.0
Washington,1995,roadless,0,0.0
Washington,1995,roadless,1,0.0
Washington,1995,roadless,2,0.0
Washington,1995,roadless,3,0.0
Washington,1995,roadless,4,0.0
Washington,1995,roadless,5,0.0
Washington,1995,roadless,6,0.0
Washington,1995,wilderness,0,0.0
Washington,1995,wilderness,1,0.0
Washington,1995,wilderness,2,0.0
Washington,1995,wilderness,3,0.0
Washington,1995,wilderness,4,0.0
Washington,1995,wilderness,5,0.0
Washington,1995,wilderness,6,0.0
Washington,1996,roaded,0,0.0
Washington,1996,roaded,1,0.0
Washington,1996,roaded,2,0.0
Washington,1996,roaded,3,0.0
Washington,1996,roaded,4,0.0
Washington,1996,roaded,5,0.0
Washington,1996,roaded,6,0.0
Washington,1996,roadless,0,0.0
Washington,1996,roadless,1,0.0
Washington,1996,roadless,2,0.0
Washington,1996,roadless,3,0.0
Washington,1996,roadless,4,0.0
Washington,1996,roadless,5,0.0
Washington,1996,roadless,6,0.0
Washington,1996,wilderness,0,0.016236
Washington,1996,wilderness,1,2.5218000000000003
Washington,1996,wilderness,2,2.2572
Washington,1996,wilderness,3,3.1527
Washington,1996,wilderness,4,4.8618
Washington,1996,wilderness,5,0.10890000000000001
Washington,1996,wilderness,6,0.4797
Washington,1997,roaded,0,0.0
Washington,1997,roaded,1,0.0
Washington,1997,roaded,2,0.0
Washington,1997,roaded,3,0.000513
Washington,1997,roaded,4,0.0019079999999999998
Washington,1997,roaded,5,0.0
Washington,1997,roaded,6,0.0
Washington,1997,roadless,0,0.0
Washington,1997,roadless,1,0.0441
Washington,1997,roadless,2,0.038196
Washington,1997,roadless,3,0.039312
Washington,1997,roadless,4,0.11426399999999999
Washington,1997,roadless,5,0.0
Washington,1997,roadless,6,0.0
Washington,1997,wilderness,0,0.0
Washington,1997,wilderness,1,0.0
Washington,1997,wilderness,2,0.0
Washington,1997,wilderness,3,0.0
Washington,1997,wilderness,4,0.0
Washington,1997,wilderness,5,0.0
Washington,1997,wilderness,6,0.0
Washington,1998,roaded,0,0.009495
Washington,1998,roaded,1,1.180413
Washington,1998,roaded,2,5.024222999999999
Washington,1998,roaded,3,4.1556239999999995
Washington,1998,roaded,4,8.170478999999998
Washington,1998,roaded,5,0.005013
Washington,1998,roaded,6,0.0
Washington,1998,roadless,0,0.001836
Washington,1998,roadless,1,1.6194870000000001
Washington,1998,roadless,2,4.867677
Washington,1998,roadless,3,2.319876
Washington,1998,roadless,4,4.623021
Washington,1998,roadless,5,0.057987000000000004
Washington,1998,roadless,6,0.0
Washington,1998,wilderness,0,0.009081
Washington,1998,wilderness,1,0.0
Washington,1998,wilderness,2,0.0
Washington,1998,wilderness,3,0.0
Washington,1998,wilderness,4,0.0
Washington,1998,wilderness,5,0.0
Washington,1998,wilderness,6,0.0
Washington,1999,roaded,0,4.4999999999999996e-05
Washington,1999,roaded,1,0.0
Washington,1999,roaded,2,0.0
Washington,1999,roaded,3,0.0
Washington,1999,roaded,4,0.0
Washington,1999,roaded,5,0.0
Washington,1999,roaded,6,0.0
Washington,1999,roadless,0,0.0
Washington,1999,roadless,1,0.0
Washington,1999,roadless,2,0.0
Washington,1999,roadless,3,0.0
Washington,1999,roadless,4,0.0
Washington,1999,roadless,5,0.0
Washington,1999,roadless,6,0.0
Washington,1999,wilderness,0,0.0
Washington,1999,wilderness,1,0.0
Washington,1999,wilderness,2,0.0
Washington,1999,wilderness,3,0.0
Washington,1999,wilderness,4,0.0
Washington,1999,wilderness,5,0.0
Washington,1999,wilderness,6,0.0
Washington,2000,roaded,0,0.008568
Washington,2000,roaded,1,1.0323449999999998
Washington,2000,roaded,2,1.72953
Washington,2000,roaded,3,1.0197539999999998
Washington,2000,roaded,4,0.22403700000000001
Washington,2000,roaded,5,0.0
Washington,2000,roaded,6,0.0
Washington,2000,roadless,0,0.0
Washington,2000,roadless,1,0.0
Washington,2000,roadless,2,0.0
Washington,2000,roadless,3,0.0
Washington,2000,roadless,4,0.0
Washington,2000,roadless,5,0.0
Washington,2000,roadless,6,0.0
Washington,2000,wilderness,0,0.018108
Washington,2000,wilderness,1,0.0
Washington,2000,wilderness,2,0.0
Washington,2000,wilderness,3,0.0
Washington,2000,wilderness,4,0.0
Washington,2000,wilderness,5,0.0
Washington,2000,wilderness,6,0.0
Washington,2001,roaded,0,4.4999999999999996e-05
Washington,2001,roaded,1,12.560643
Washington,2001,roaded,2,18.497835
Washington,2001,roaded,3,12.423942
Washington,2001,roaded,4,11.512656
Washington,2001,roaded,5,0.179388
Washington,2001,roaded,6,0.0
Washington,2001,roadless,0,0.0
Washington,2001,roadless,1,18.543582
Washington,2001,roadless,2,15.395697
Washington,2001,roadless,3,15.755706
Washington,2001,roadless,4,20.517165
Washington,2001,roadless,5,0.26471700000000004
Washington,2001,roadless,6,0.0
Washington,2001,wilderness,0,0.016236
Washington,2001,wilderness,1,23.652189
Washington,2001,wilderness,2,23.515668
Washington,2001,wilderness,3,26.726913
Washington,2001,wilderness,4,49.094298
Washington,2001,wilderness,5,0.241191
Washington,2001,wilderness,6,0.0
Washington,2002,roaded,0,0.0
Washington,2002,roaded,1,10.919141999999999
Washington,2002,roaded,2,11.687733000000001
Washington,2002,roaded,3,13.317282
Washington,2002,roaded,4,17.929989
Washington,2002,roaded,5,0.118422
Washington,2002,roaded,6,0.213561
Washington,2002,roadless,0,0.0
Washington,2002,roadless,1,0.568449
Washington,2002,roadless,2,0.524169
Washington,2002,roadless,3,0.60777
Washington,2002,roadless,4,0.634626
Washington,2002,roadless,5,0.029142
Washington,2002,roadless,6,0.0
Washington,2002,wilderness,0,0.016236
Washington,2002,wilderness,1,11.795399999999999
Washington,2002,wilderness,2,8.4159
Washington,2002,wilderness,3,9.126
Washington,2002,wilderness,4,19.3572
Washington,2002,wilderness,5,0.030600000000000002
Washington,2002,wilderness,6,0.3492
Washington,2003,roaded,0,0.010818
Washington,2003,roaded,1,8.119295999999999
Washington,2003,roaded,2,10.078398
Washington,2003,roaded,3,10.376289
Washington,2003,roaded,4,21.767247
Washington,2003,roaded,5,0.0855
Washington,2003,roaded,6,0.2394
Washington,2003,roadless,0,0.0019079999999999998
Washington,2003,roadless,1,19.455911999999998
Washington,2003,roadless,2,22.437891
Washington,2003,roadless,3,22.676669999999998
Washington,2003,roadless,4,41.830965
Washington,2003,roadless,5,0.086463
Washington,2003,roadless,6,0.6435
Washington,2003,wilderness,0,0.025317
Washington,2003,wilderness,1,36.636191999999994
Washington,2003,wilderness,2,24.402410999999997
Washington,2003,wilderness,3,38.849841
Washington,2003,wilderness,4,141.64318799999998
Washington,2003,wilderness,5,0.9530369999999999
Washington,2003,wilderness,6,2.7747
Washington,2004,roaded,0,4.4999999999999996e-05
Washington,2004,roaded,1,9.791208000000001
Washington,2004,roaded,2,17.544222
Washington,2004,roaded,3,13.069683
Washington,2004,roaded,4,5.3876159999999995
Washington,2004,roaded,5,0.096381
Washington,2004,roaded,6,0.000747
Washington,2004,roadless,0,0.0
Washington,2004,roadless,1,17.883135
Washington,2004,roadless,2,26.656353
Washington,2004,roadless,3,35.768637
Washington,2004,roadless,4,35.193447
Washington,2004,roadless,5,0.367119
Washington,2004,roadless,6,0.000153
Washington,2004,wilderness,0,0.016236
Washington,2004,wilderness,1,0.6111
Washington,2004,wilderness,2,1.5381
Washington,2004,wilderness,3,1.5444
Washington,2004,wilderness,4,0.7623000000000001
Washington,2004,wilderness,5,0.0009
Washington,2004,wilderness,6,0.0
Washington,2005,roaded,0,4.4999999999999996e-05
Washington,2005,roaded,1,21.200886
Washington,2005,roaded,2,22.850541
Washington,2005,roaded,3,10.623167999999998
Washington,2005,roaded,4,4.927041
Washington,2005,roaded,5,0.058679999999999996
Washington,2005,roaded,6,0.0
Washington,2005,roadless,0,0.0
Washington,2005,roadless,1,4.1532659999999995
Washington,2005,roadless,2,9.791792999999998
Washington,2005,roadless,3,11.405565
Washington,2005,roadless,4,10.177812
Washington,2005,roadless,5,0.0036
Washington,2005,roadless,6,0.0
Washington,2005,wilderness,0,0.0
Washington,2005,wilderness,1,0.0
Washington,2005,wilderness,2,0.0
Washington,2005,wilderness,3,0.0
Washington,2005,wilderness,4,0.0
Washington,2005,wilderness,5,0.0
Washington,2005,wilderness,6,0.0
Washington,2006,roaded,0,0.008568
Washington,2006,roaded,1,63.307899
Washington,2006,roaded,2,77.61536100000001
Washington,2006,roaded,3,93.024477
Washington,2006,roaded,4,107.984826
Washington,2006,roaded,5,0.6530400000000001
Washington,2006,roaded,6,0.49480199999999996
Washington,2006,roadless,0,0.0
Washington,2006,roadless,1,37.361925
Washington,2006,roadless,2,65.257497
Washington,2006,roadless,3,84.48075899999999
Washington,2006,roadless,4,142.63776
Washington,2006,roadless,5,0.29456099999999996
Washington,2006,roadless,6,3.5309429999999997
Washington,2006,wilderness,0,0.018108
Washington,2006,wilderness,1,21.118698
Washington,2006,wilderness,2,43.901883
Washington,2006,wilderness,3,68.73957
Washington,2006,wilderness,4,145.615401
Washington,2006,wilderness,5,0.443421
Washington,2006,wilderness,6,0.0
Washington,2007,roaded,0,4.4999999999999996e-05
Washington,2007,roaded,1,8.446725
Washington,2007,roaded,2,2.936178
Washington,2007,roaded,3,1.207449
Washington,2007,roaded,4,0.300222
Washington,2007,roaded,5,0.141021
Washington,2007,roaded,6,0.030600000000000002
Washington,2007,roadless,0,0.0
Washington,2007,roadless,1,1.8903509999999997
Washington,2007,roadless,2,3.9018150000000005
Washington,2007,roadless,3,4.416588
Washington,2007,roadless,4,0.9145260000000001
Washington,2007,roadless,5,0.096849
Washington,2007,roadless,6,0.0
Washington,2007,wilderness,0,0.016236
Washington,2007,wilderness,1,2.359944
Washington,2007,wilderness,2,7.867520999999999
Washington,2007,wilderness,3,10.140741
Washington,2007,wilderness,4,8.084961
Washington,2007,wilderness,5,0.17973
Washington,2007,wilderness,6,0.0
Washington,2008,roaded,0,4.4999999999999996e-05
Washington,2008,roaded,1,1.5215670000000001
Washington,2008,roaded,2,2.269224
Washington,2008,roaded,3,0.8284860000000001
Washington,2008,roaded,4,0.25898399999999994
Washington,2008,roaded,5,0.0891
Washington,2008,roaded,6,0.023211
Washington,2008,roadless,0,0.0
Washington,2008,roadless,1,0.9146160000000001
Washington,2008,roadless,2,2.741175
Washington,2008,roadless,3,3.804606
Washington,2008,roadless,4,5.733243
Washington,2008,roadless,5,0.0063
Washington,2008,roadless,6,0.0
Washington,2008,wilderness,0,0.0
Washington,2008,wilderness,1,0.0
Washington,2008,wilderness,2,0.0
Washington,2008,wilderness,3,0.0
Washington,2008,wilderness,4,0.0
Washington,2008,wilderness,5,0.0
Washington,2008,wilderness,6,0.0
Washington,2009,roaded,0,4.4999999999999996e-05
Washington,2009,roaded,1,0.30086999999999997
Washington,2009,roaded,2,0.521703
Washington,2009,roaded,3,0.45803699999999997
Washington,2009,roaded,4,0.180837
Washington,2009,roaded,5,0.0
Washington,2009,roaded,6,0.0
Washington,2009,roadless,0,0.0
Washington,2009,roadless,1,0.556605
Washington,2009,roadless,2,0.587475
Washington,2009,roadless,3,0.874143
Washington,2009,roadless,4,1.0087289999999998
Washington,2009,roadless,5,0.0036
Washington,2009,roadless,6,0.0
Washington,2009,wilderness,0,0.0
Washington,2009,wilderness,1,0.0
Washington,2009,wilderness,2,0.0
Washington,2009,wilderness,3,0.0
Washington,2009,wilderness,4,0.0
Washington,2009,wilderness,5,0.0
Washington,2009,wilderness,6,0.0
Washington,2010,roaded,0,4.4999999999999996e-05
Washington,2010,roaded,1,1.526175
Washington,2010,roaded,2,1.9594259999999997
Washington,2010,roaded,3,3.0501
Washington,2010,roaded,4,0.8981999999999999
Washington,2010,roaded,5,0.019799999999999998
Washington,2010,roaded,6,0.0045000000000000005
Washington,2010,roadless,0,0.0
Washington,2010,roadless,1,0.0
Washington,2010,roadless,2,0.0
Washington,2010,roadless,3,0.0
Washington,2010,roadless,4,0.0
Washington,2010,roadless,5,0.0
Washington,2010,roadless,6,0.0
Washington,2010,wilderness,0,0.0
Washington,2010,wilderness,1,0.0
Washington,2010,wilderness,2,0.0
Washington,2010,wilderness,3,0.0
Washington,2010,wilderness,4,0.0
Washington,2010,wilderness,5,0.0
Washington,2010,wilderness,6,0.0
Washington,2011,roaded,0,4.4999999999999996e-05
Washington,2011,roaded,1,0.0
Washington,2011,roaded,2,0.0
Washington,2011,roaded,3,0.0
Washington,2011,roaded,4,0.0
Washington,2011,roaded,5,0.0
Washington,2011,roaded,6,0.0
Washington,2011,roadless,0,0.0
Washington,2011,roadless,1,0.0
Washington,2011,roadless,2,0.0
Washington,2011,roadless,3,0.0
Washington,2011,roadless,4,0.0
Washington,2011,roadless,5,0.0
Washington,2011,roadless,6,0.0
Washington,2011,wilderness,0,0.0
Washington,2011,wilderness,1,0.7929
Washington,2011,wilderness,2,1.9134
Washington,2011,wilderness,3,1.3077
Washington,2011,wilderness,4,0.4239
Washington,2011,wilderness,5,0.0369
Washington,2011,wilderness,6,0.621
Washington,2012,roaded,0,4.4999999999999996e-05
Washington,2012,roaded,1,50.220693000000004
Washington,2012,roaded,2,63.804447
Washington,2012,roaded,3,33.646950000000004
Washington,2012,roaded,4,35.937747
Washington,2012,roaded,5,1.197414
Washington,2012,roaded,6,4.8844080000000005
Washington,2012,roadless,0,0.0
Washington,2012,roadless,1,32.237433
Washington,2012,roadless,2,56.40876
Washington,2012,roadless,3,29.888747999999996
Washington,2012,roadless,4,23.58657
Washington,2012,roadless,5,1.1634209999999998
Washington,2012,roadless,6,1.408671
Washington,2012,wilderness,0,0.0
Washington,2012,wilderness,1,4.862393999999999
Washington,2012,wilderness,2,15.305202
Washington,2012,wilderness,3,14.942744999999997
Washington,2012,wilderness,4,14.307569999999998
Washington,2012,wilderness,5,0.0342
Washington,2012,wilderness,6,1.2447
Washington,2013,roaded,0,0.0
Washington,2013,roaded,1,0.744489
Washington,2013,roaded,2,2.0367719999999996
Washington,2013,roaded,3,0.968292
Washington,2013,roaded,4,0.251343
Washington,2013,roaded,5,0.009684
Washington,2013,roaded,6,0.008100000000000001
Washington,2013,roadless,0,0.0
Washington,2013,roadless,1,0.631359
Washington,2013,roadless,2,1.216035
Washington,2013,roadless,3,0.9685529999999999
Washington,2013,roadless,4,3.208887
Washington,2013,roadless,5,0.013338
Washington,2013,roadless,6,0.0225
Washington,2013,wilderness,0,0.0
Washington,2013,wilderness,1,0.675252
Washington,2013,wilderness,2,1.708893
Washington,2013,wilderness,3,1.6163549999999998
Washington,2013,wilderness,4,1.07577
Washington,2013,wilderness,5,0.016578
Washington,2013,wilderness,6,0.0
Washington,2014,roaded,0,4.4999999999999996e-05
Washington,2014,roaded,1,62.525960999999995
Washington,2014,roaded,2,84.75787799999998
Washington,2014,roaded,3,69.095736
Washington,2014,roaded,4,100.87803
Washington,2014,roaded,5,1.171926
Washington,2014,roaded,6,0.131355
Washington,2014,roadless,0,0.0
Washington,2014,roadless,1,7.362647999999999
Washington,2014,roadless,2,16.888787999999998
Washington,2014,roadless,3,18.522972
Washington,2014,roadless,4,42.285653999999994
Washington,2014,roadless,5,0.048617999999999995
Washington,2014,roadless,6,1.8018450000000001
Washington,2014,wilderness,0,0.016236
Washington,2014,wilderness,1,2.371482
Washington,2014,wilderness,2,4.042665
Washington,2014,wilderness,3,5.7353309999999995
Washington,2014,wilderness,4,19.410606
Washington,2014,wilderness,5,0.0027
Washington,2014,wilderness,6,0.0
Washington,2015,roaded,0,0.010818
Washington,2015,roaded,1,104.79654
Washington,2015,roaded,2,244.2348
Washington,2015,roaded,3,160.702119
Washington,2015,roaded,4,155.800917
Washington,2015,roaded,5,3.9430709999999998
Washington,2015,roaded,6,17.538785999999998
Washington,2015,roadless,0,0.0019079999999999998
Washington,2015,roadless,1,31.552794
Washington,2015,roadless,2,51.386984999999996
Washington,2015,roadless,3,50.453936999999996
Washington,2015,roadless,4,71.512263
Washington,2015,roadless,5,3.152241
Washington,2015,roadless,6,5.903091
Washington,2015,wilderness,0,0.025317
Washington,2015,wilderness,1,32.667452999999995
Washington,2015,wilderness,2,111.283164
Washington,2015,wilderness,3,60.594714
Washington,2015,wilderness,4,34.040943
Washington,2015,wilderness,5,0.8846459999999999
Washington,2015,wilderness,6,1.354383
Washington,2016,roaded,0,4.4999999999999996e-05
Washington,2016,roaded,1,1.400445
Washington,2016,roaded,2,2.636712
Washington,2016,roaded,3,1.224018
Washington,2016,roaded,4,0.480357
Washington,2016,roaded,5,0.009899999999999999
Washington,2016,roaded,6,0.0
Washington,2016,roadless,0,0.0
Washington,2016,roadless,1,0.0
Washington,2016,roadless,2,0.0
Washington,2016,roadless,3,0.0
Washington,2016,roadless,4,0.0
Washington,2016,roadless,5,0.0
Washington,2016,roadless,6,0.0
Washington,2016,wilderness,0,0.0
Washington,2016,wilderness,1,4.196655
Washington,2016,wilderness,2,3.447288
Washington,2016,wilderness,3,3.289482
Washington,2016,wilderness,4,3.812643
Washington,2016,wilderness,5,0.06480000000000001
Washington,2016,wilderness,6,0.0
Washington,2017,roaded,0,0.008568
Washington,2017,roaded,1,12.158864999999999
Washington,2017,roaded,2,25.881984
Washington,2017,roaded,3,17.39295
Washington,2017,roaded,4,12.187809
Washington,2017,roaded,5,0.087228
Washington,2017,roaded,6,4.683743999999999
Washington,2017,roadless,0,0.0
Washington,2017,roadless,1,11.682945
Washington,2017,roadless,2,44.391492
Washington,2017,roadless,3,43.941725999999996
Washington,2017,roadless,4,37.140102
Washington,2017,roadless,5,0.079002
Washington,2017,roadless,6,2.9427659999999998
Washington,2017,wilderness,0,0.018108
Washington,2017,wilderness,1,43.288092
Washington,2017,wilderness,2,118.56758399999998
Washington,2017,wilderness,3,110.61791099999999
Washington,2017,wilderness,4,204.510753
Washington,2017,wilderness,5,0.6158699999999999
Washington,2017,wilderness,6,19.404873
Washington,2018,roaded,0,0.008568
Washington,2018,roaded,1,25.127784000000002
Washington,2018,roaded,2,101.21566499999999
Washington,2018,roaded,3,60.213896999999996
Washington,2018,roaded,4,22.192659
Washington,2018,roaded,5,0.415818
Washington,2018,roaded,6,0.69768
Washington,2018,roadless,0,0.0
Washington,2018,roadless,1,7.770978
Washington,2018,roadless,2,35.75376
Washington,2018,roadless,3,46.702439999999996
Washington,2018,roadless,4,35.606394
Washington,2018,roadless,5,0.008747999999999999
Washington,2018,roadless,6,1.091961
Washington,2018,wilderness,0,0.018108
Washington,2018,wilderness,1,12.904200000000001
Washington,2018,wilderness,2,44.811558
Washington,2018,wilderness,3,40.312917
Washington,2018,wilderness,4,42.42083399999999
Washington,2018,wilderness,5,0.06143400000000001
Washington,2018,wilderness,6,0.825759
Washington,2019,roaded,0,4.4999999999999996e-05
Washington,2019,roaded,1,1.2732029999999999
Washington,2019,roaded,2,5.862771
Washington,2019,roaded,3,1.727739
Washington,2019,roaded,4,0.295128
Washington,2019,roaded,5,0.0
Washington,2019,roaded,6,0.0225
Washington,2019,roadless,0,0.0
Washington,2019,roadless,1,0.0
Washington,2019,roadless,2,0.0
Washington,2019,roadless,3,0.0
Washington,2019,roadless,4,0.0
Washington,2019,roadless,5,0.0
Washington,2019,roadless,6,0.0
Washington,2019,wilderness,0,0.0
Washington,2019,wilderness,1,0.0
Washington,2019,wilderness,2,0.0
Washington,2019,wilderness,3,0.0
Washington,2019,wilderness,4,0.0
Washington,2019,wilderness,5,0.0
Washington,2019,wilderness,6,0.0
Washington,2020,roaded,0,0.008568
Washington,2020,roaded,1,14.497191
Washington,2020,roaded,2,18.564912
Washington,2020,roaded,3,5.870349
Washington,2020,roaded,4,9.901449
Washington,2020,roaded,5,0.009225
Washington,2020,roaded,6,0.19648799999999997
Washington,2020,roadless,0,0.0
Washington,2020,roadless,1,6.745797
Washington,2020,roadless,2,21.971241
Washington,2020,roadless,3,9.888696
Washington,2020,roadless,4,9.769077
Washington,2020,roadless,5,0.00927
Washington,2020,roadless,6,0.048663
Washington,2020,wilderness,0,0.018108
Washington,2020,wilderness,1,2.103183
Washington,2020,wilderness,2,6.0424739999999995
Washington,2020,wilderness,3,2.984409
Washington,2020,wilderness,4,3.010815
Washington,2020,wilderness,5,0.018404999999999998
Washington,2020,wilderness,6,0.734949
Washington,2021,roaded,0,0.008568
Washington,2021,roaded,1,165.953214
Washington,2021,roaded,2,268.31935799999997
Washington,2021,roaded,3,157.582917
Washington,2021,roaded,4,141.64323299999998
Washington,2021,roaded,5,3.042378
Washington,2021,roaded,6,0.0864
Washington,2021,roadless,0,0.0
Washington,2021,roadless,1,41.426576999999995
Washington,2021,roadless,2,93.904362
Washington,2021,roadless,3,110.469447
Washington,2021,roadless,4,94.70480399999998
Washington,2021,roadless,5,0.182178
Washington,2021,roadless,6,0.5121
Washington,2021,wilderness,0,0.018108
Washington,2021,wilderness,1,37.983348
Washington,2021,wilderness,2,81.170811
Washington,2021,wilderness,3,76.21032600000001
Washington,2021,wilderness,4,93.892248
Washington,2021,wilderness,5,0.18051299999999998
Washington,2021,wilderness,6,0.0
Washington,2022,roaded,0,0.00954
Washington,2022,roaded,1,8.803917
Washington,2022,roaded,2,37.600245
Washington,2022,roaded,3,26.963442
Washington,2022,roaded,4,18.177417
Washington,2022,roaded,5,0.0009
Washington,2022,roaded,6,0.0
Washington,2022,roadless,0,0.001836
Washington,2022,roadless,1,5.698340999999999
Washington,2022,roadless,2,27.601974
Washington,2022,roadless,3,17.756343
Washington,2022,roadless,4,11.176506
Washington,2022,roadless,5,0.0018
Washington,2022,roadless,6,0.0
Washington,2022,wilderness,0,0.025317
Washington,2022,wilderness,1,11.346623999999998
Washington,2022,wilderness,2,37.852011
Washington,2022,wilderness,3,33.087320999999996
Washington,2022,wilderness,4,50.274620999999996
Washington,2022,wilderness,5,0.0864
Washington,2022,wilderness,6,0.0684
Washington,2023,roaded,0,0.001017
Washington,2023,roaded,1,0.612
Washington,2023,roaded,2,3.1976999999999998
Washington,2023,roaded,3,0.0603
Washington,2023,roaded,4,0.0
Washington,2023,roaded,5,0.0027
Washington,2023,roaded,6,0.0
Washington,2023,roadless,0,0.001836
Washington,2023,roadless,1,0.0
Washington,2023,roadless,2,0.0
Washington,2023,roadless,3,0.0
Washington,2023,roadless,4,0.0
Washington,2023,roadless,5,0.0
Washington,2023,roadless,6,0.0
Washington,2023,wilderness,0,0.023445
Washington,2023,wilderness,1,3.1392
Washington,2023,wilderness,2,10.260225
Washington,2023,wilderness,3,15.479270999999999
Washington,2023,wilderness,4,18.222776999999997
Washington,2023,wilderness,5,0.0
Washington,2023,wilderness,6,0.11505599999999999
Washington,2024,roaded,0,0.0
Washington,2024,roaded,1,3.7076849999999997
Washington,2024,roaded,2,35.118306
Washington,2024,roaded,3,18.887202
Washington,2024,roaded,4,11.956184999999998
Washington,2024,roaded,5,0.0009
Washington,2024,roaded,6,0.0
Washington,2024,roadless,0,0.0
Washington,2024,roadless,1,0.10161899999999999
Washington,2024,roadless,2,3.105378
Washington,2024,roadless,3,2.391264
Washington,2024,roadless,4,3.646584
Washington,2024,roadless,5,0.0
Washington,2024,roadless,6,0.0
Washington,2024,wilderness,0,0.0
Washington,2024,wilderness,1,0.0
Washington,2024,wilderness,2,0.0
Washington,2024,wilderness,3,0.0
Washington,2024,wilderness,4,0.0
Washington,2024,wilderness,5,0.0
Washington,2024,wilderness,6,0.0
Wyoming,1984,roaded,0,0.0
Wyoming,1984,roaded,1,0.0
Wyoming,1984,roaded,2,0.0
Wyoming,1984,roaded,3,0.0
Wyoming,1984,roaded,4,0.0
Wyoming,1984,roaded,5,0.0
Wyoming,1984,roaded,6,0.0
Wyoming,1984,roadless,0,0.0
Wyoming,1984,roadless,1,0.0
Wyoming,1984,roadless,2,0.0
Wyoming,1984,roadless,3,0.0
Wyoming,1984,roadless,4,0.0
Wyoming,1984,roadless,5,0.0
Wyoming,1984,roadless,6,0.0
Wyoming,1984,wilderness,0,0.0
Wyoming,1984,wilderness,1,0.0
Wyoming,1984,wilderness,2,0.0
Wyoming,1984,wilderness,3,0.0
Wyoming,1984,wilderness,4,0.0
Wyoming,1984,wilderness,5,0.0
Wyoming,1984,wilderness,6,0.0
Wyoming,1985,roaded,0,0.009216
Wyoming,1985,roaded,1,1.172205
Wyoming,1985,roaded,2,1.073268
Wyoming,1985,roaded,3,1.170729
Wyoming,1985,roaded,4,0.941922
Wyoming,1985,roaded,5,0.016613999999999997
Wyoming,1985,roaded,6,0.167094
Wyoming,1985,roadless,0,0.0
Wyoming,1985,roadless,1,0.0
Wyoming,1985,roadless,2,0.0
Wyoming,1985,roadless,3,0.0
Wyoming,1985,roadless,4,0.0
Wyoming,1985,roadless,5,0.0
Wyoming,1985,roadless,6,0.0
Wyoming,1985,wilderness,0,0.0
Wyoming,1985,wilderness,1,0.0
Wyoming,1985,wilderness,2,0.0
Wyoming,1985,wilderness,3,0.0
Wyoming,1985,wilderness,4,0.0
Wyoming,1985,wilderness,5,0.0
Wyoming,1985,wilderness,6,0.0
Wyoming,1986,roaded,0,0.0
Wyoming,1986,roaded,1,1.7982
Wyoming,1986,roaded,2,1.6406999999999998
Wyoming,1986,roaded,3,0.3375
Wyoming,1986,roaded,4,0.0828
Wyoming,1986,roaded,5,0.0009
Wyoming,1986,roaded,6,0.0
Wyoming,1986,roadless,0,0.0
Wyoming,1986,roadless,1,0.0
Wyoming,1986,roadless,2,0.0
Wyoming,1986,roadless,3,0.0
Wyoming,1986,roadless,4,0.0
Wyoming,1986,roadless,5,0.0
Wyoming,1986,roadless,6,0.0
Wyoming,1986,wilderness,0,0.0
Wyoming,1986,wilderness,1,0.0
Wyoming,1986,wilderness,2,0.0
Wyoming,1986,wilderness,3,0.0
Wyoming,1986,wilderness,4,0.0
Wyoming,1986,wilderness,5,0.0
Wyoming,1986,wilderness,6,0.0
Wyoming,1987,roaded,0,0.0
Wyoming,1987,roaded,1,0.0
Wyoming,1987,roaded,2,0.0
Wyoming,1987,roaded,3,0.0
Wyoming,1987,roaded,4,0.0
Wyoming,1987,roaded,5,0.0
Wyoming,1987,roaded,6,0.0
Wyoming,1987,roadless,0,0.0
Wyoming,1987,roadless,1,0.0
Wyoming,1987,roadless,2,0.0
Wyoming,1987,roadless,3,0.0
Wyoming,1987,roadless,4,0.0
Wyoming,1987,roadless,5,0.0
Wyoming,1987,roadless,6,0.0
Wyoming,1987,wilderness,0,0.0
Wyoming,1987,wilderness,1,0.0
Wyoming,1987,wilderness,2,0.0
Wyoming,1987,wilderness,3,0.0
Wyoming,1987,wilderness,4,0.0
Wyoming,1987,wilderness,5,0.0
Wyoming,1987,wilderness,6,0.0
Wyoming,1988,roaded,0,0.012348
Wyoming,1988,roaded,1,22.019544
Wyoming,1988,roaded,2,19.476297
Wyoming,1988,roaded,3,17.242146
Wyoming,1988,roaded,4,25.129053
Wyoming,1988,roaded,5,0.932931
Wyoming,1988,roaded,6,4.963418999999999
Wyoming,1988,roadless,0,0.0
Wyoming,1988,roadless,1,27.475928999999997
Wyoming,1988,roadless,2,19.289889
Wyoming,1988,roadless,3,20.248541999999997
Wyoming,1988,roadless,4,32.136138
Wyoming,1988,roadless,5,0.3411
Wyoming,1988,roadless,6,3.933018
Wyoming,1988,wilderness,0,0.0
Wyoming,1988,wilderness,1,192.45972600000002
Wyoming,1988,wilderness,2,196.85297699999998
Wyoming,1988,wilderness,3,163.20544199999998
Wyoming,1988,wilderness,4,233.295867
Wyoming,1988,wilderness,5,0.8826299999999999
Wyoming,1988,wilderness,6,9.036612
Wyoming,1989,roaded,0,0.0
Wyoming,1989,roaded,1,2.7000000000000002e-05
Wyoming,1989,roaded,2,9e-06
Wyoming,1989,roaded,3,1.8e-05
Wyoming,1989,roaded,4,0.00011699999999999998
Wyoming,1989,roaded,5,0.0
Wyoming,1989,roaded,6,9e-06
Wyoming,1989,roadless,0,0.0
Wyoming,1989,roadless,1,1.501875
Wyoming,1989,roadless,2,0.998082
Wyoming,1989,roadless,3,1.172439
Wyoming,1989,roadless,4,3.0069809999999997
Wyoming,1989,roadless,5,0.0126
Wyoming,1989,roadless,6,0.061101
Wyoming,1989,wilderness,0,0.0
Wyoming,1989,wilderness,1,1.404198
Wyoming,1989,wilderness,2,0.897309
Wyoming,1989,wilderness,3,0.694143
Wyoming,1989,wilderness,4,1.5505019999999998
Wyoming,1989,wilderness,5,0.0171
Wyoming,1989,wilderness,6,0.036989999999999995
Wyoming,1990,roaded,0,0.0
Wyoming,1990,roaded,1,0.0
Wyoming,1990,roaded,2,0.0
Wyoming,1990,roaded,3,0.0
Wyoming,1990,roaded,4,0.0
Wyoming,1990,roaded,5,0.0
Wyoming,1990,roaded,6,0.0
Wyoming,1990,roadless,0,0.0
Wyoming,1990,roadless,1,0.0
Wyoming,1990,roadless,2,0.0
Wyoming,1990,roadless,3,0.0
Wyoming,1990,roadless,4,0.0
Wyoming,1990,roadless,5,0.0
Wyoming,1990,roadless,6,0.0
Wyoming,1990,wilderness,0,0.0
Wyoming,1990,wilderness,1,0.0
Wyoming,1990,wilderness,2,0.0
Wyoming,1990,wilderness,3,0.0
Wyoming,1990,wilderness,4,0.0
Wyoming,1990,wilderness,5,0.0
Wyoming,1990,wilderness,6,0.0
Wyoming,1991,roaded,0,0.0
Wyoming,1991,roaded,1,1.5274709999999998
Wyoming,1991,roaded,2,2.118663
Wyoming,1991,roaded,3,2.32434
Wyoming,1991,roaded,4,1.7714340000000002
Wyoming,1991,roaded,5,0.009899999999999999
Wyoming,1991,roaded,6,0.0
Wyoming,1991,roadless,0,0.0
Wyoming,1991,roadless,1,3.9166290000000004
Wyoming,1991,roadless,2,4.158981
Wyoming,1991,roadless,3,4.59036
Wyoming,1991,roadless,4,2.577366
Wyoming,1991,roadless,5,0.0387
Wyoming,1991,roadless,6,1.1079
Wyoming,1991,wilderness,0,0.0
Wyoming,1991,wilderness,1,0.0
Wyoming,1991,wilderness,2,0.0
Wyoming,1991,wilderness,3,0.0
Wyoming,1991,wilderness,4,0.0
Wyoming,1991,wilderness,5,0.0
Wyoming,1991,wilderness,6,0.0
Wyoming,1992,roaded,0,0.0
Wyoming,1992,roaded,1,0.0
Wyoming,1992,roaded,2,0.0
Wyoming,1992,roaded,3,0.0
Wyoming,1992,roaded,4,0.0
Wyoming,1992,roaded,5,0.0
Wyoming,1992,roaded,6,0.0
Wyoming,1992,roadless,0,0.0
Wyoming,1992,roadless,1,0.0
Wyoming,1992,roadless,2,0.0
Wyoming,1992,roadless,3,0.0
Wyoming,1992,roadless,4,0.0
Wyoming,1992,roadless,5,0.0
Wyoming,1992,roadless,6,0.0
Wyoming,1992,wilderness,0,0.0
Wyoming,1992,wilderness,1,0.0
Wyoming,1992,wilderness,2,0.0
Wyoming,1992,wilderness,3,0.0
Wyoming,1992,wilderness,4,0.0
Wyoming,1992,wilderness,5,0.0
Wyoming,1992,wilderness,6,0.0
Wyoming,1993,roaded,0,0.0
Wyoming,1993,roaded,1,0.0
Wyoming,1993,roaded,2,0.0
Wyoming,1993,roaded,3,0.0
Wyoming,1993,roaded,4,0.0
Wyoming,1993,roaded,5,0.0
Wyoming,1993,roaded,6,0.0
Wyoming,1993,roadless,0,0.0
Wyoming,1993,roadless,1,0.0
Wyoming,1993,roadless,2,0.0
Wyoming,1993,roadless,3,0.0
Wyoming,1993,roadless,4,0.0
Wyoming,1993,roadless,5,0.0
Wyoming,1993,roadless,6,0.0
Wyoming,1993,wilderness,0,0.0
Wyoming,1993,wilderness,1,0.0
Wyoming,1993,wilderness,2,0.0
Wyoming,1993,wilderness,3,0.0
Wyoming,1993,wilderness,4,0.0
Wyoming,1993,wilderness,5,0.0
Wyoming,1993,wilderness,6,0.0
Wyoming,1994,roaded,0,0.0
Wyoming,1994,roaded,1,0.0558
Wyoming,1994,roaded,2,0.670077
Wyoming,1994,roaded,3,1.082808
Wyoming,1994,roaded,4,0.141651
Wyoming,1994,roaded,5,0.0
Wyoming,1994,roaded,6,0.0
Wyoming,1994,roadless,0,0.0
Wyoming,1994,roadless,1,0.0
Wyoming,1994,roadless,2,0.0
Wyoming,1994,roadless,3,0.0
Wyoming,1994,roadless,4,0.0
Wyoming,1994,roadless,5,0.0
Wyoming,1994,roadless,6,0.0
Wyoming,1994,wilderness,0,0.0
Wyoming,1994,wilderness,1,0.0
Wyoming,1994,wilderness,2,0.0
Wyoming,1994,wilderness,3,0.0
Wyoming,1994,wilderness,4,0.0
Wyoming,1994,wilderness,5,0.0
Wyoming,1994,wilderness,6,0.0
Wyoming,1995,roaded,0,0.0
Wyoming,1995,roaded,1,0.0
Wyoming,1995,roaded,2,0.0
Wyoming,1995,roaded,3,0.0
Wyoming,1995,roaded,4,0.0
Wyoming,1995,roaded,5,0.0
Wyoming,1995,roaded,6,0.0
Wyoming,1995,roadless,0,0.0
Wyoming,1995,roadless,1,0.0
Wyoming,1995,roadless,2,0.0
Wyoming,1995,roadless,3,0.0
Wyoming,1995,roadless,4,0.0
Wyoming,1995,roadless,5,0.0
Wyoming,1995,roadless,6,0.0
Wyoming,1995,wilderness,0,0.0
Wyoming,1995,wilderness,1,0.0
Wyoming,1995,wilderness,2,0.0
Wyoming,1995,wilderness,3,0.0
Wyoming,1995,wilderness,4,0.0
Wyoming,1995,wilderness,5,0.0
Wyoming,1995,wilderness,6,0.0
Wyoming,1996,roaded,0,0.0
Wyoming,1996,roaded,1,0.915993
Wyoming,1996,roaded,2,7.625672999999999
Wyoming,1996,roaded,3,7.714106999999999
Wyoming,1996,roaded,4,2.5202790000000004
Wyoming,1996,roaded,5,0.022220999999999998
Wyoming,1996,roaded,6,0.0
Wyoming,1996,roadless,0,0.0
Wyoming,1996,roadless,1,4.653234
Wyoming,1996,roadless,2,7.508475
Wyoming,1996,roadless,3,5.8320989999999995
Wyoming,1996,roadless,4,5.182893
Wyoming,1996,roadless,5,0.08937899999999999
Wyoming,1996,roadless,6,0.0
Wyoming,1996,wilderness,0,0.0
Wyoming,1996,wilderness,1,0.0
Wyoming,1996,wilderness,2,0.0
Wyoming,1996,wilderness,3,0.0
Wyoming,1996,wilderness,4,0.0
Wyoming,1996,wilderness,5,0.0
Wyoming,1996,wilderness,6,0.0
Wyoming,1997,roaded,0,0.003132
Wyoming,1997,roaded,1,0.102321
Wyoming,1997,roaded,2,1.4165549999999998
Wyoming,1997,roaded,3,0.828963
Wyoming,1997,roaded,4,0.03500999999999999
Wyoming,1997,roaded,5,0.01746
Wyoming,1997,roaded,6,0.0
Wyoming,1997,roadless,0,0.0
Wyoming,1997,roadless,1,0.0
Wyoming,1997,roadless,2,0.0
Wyoming,1997,roadless,3,0.0
Wyoming,1997,roadless,4,0.0
Wyoming,1997,roadless,5,0.0
Wyoming,1997,roadless,6,0.0
Wyoming,1997,wilderness,0,0.0
Wyoming,1997,wilderness,1,0.0
Wyoming,1997,wilderness,2,0.0
Wyoming,1997,wilderness,3,0.0
Wyoming,1997,wilderness,4,0.0
Wyoming,1997,wilderness,5,0.0
Wyoming,1997,wilderness,6,0.0
Wyoming,1998,roaded,0,0.0
Wyoming,1998,roaded,1,0.0027
Wyoming,1998,roaded,2,0.0
Wyoming,1998,roaded,3,0.0
Wyoming,1998,roaded,4,0.0
Wyoming,1998,roaded,5,0.0
Wyoming,1998,roaded,6,0.0
Wyoming,1998,roadless,0,0.0
Wyoming,1998,roadless,1,0.0
Wyoming,1998,roadless,2,0.0
Wyoming,1998,roadless,3,0.0
Wyoming,1998,roadless,4,0.0
Wyoming,1998,roadless,5,0.0
Wyoming,1998,roadless,6,0.0
Wyoming,1998,wilderness,0,0.0
Wyoming,1998,wilderness,1,0.0
Wyoming,1998,wilderness,2,0.0
Wyoming,1998,wilderness,3,0.0
Wyoming,1998,wilderness,4,0.0
Wyoming,1998,wilderness,5,0.0
Wyoming,1998,wilderness,6,0.0
Wyoming,1999,roaded,0,0.0
Wyoming,1999,roaded,1,0.1476
Wyoming,1999,roaded,2,0.2457
Wyoming,1999,roaded,3,0.06480000000000001
Wyoming,1999,roaded,4,0.0018
Wyoming,1999,roaded,5,0.0
Wyoming,1999,roaded,6,0.0
Wyoming,1999,roadless,0,0.0
Wyoming,1999,roadless,1,0.0
Wyoming,1999,roadless,2,0.0
Wyoming,1999,roadless,3,0.0
Wyoming,1999,roadless,4,0.0
Wyoming,1999,roadless,5,0.0
Wyoming,1999,roadless,6,0.0
Wyoming,1999,wilderness,0,0.0
Wyoming,1999,wilderness,1,0.0
Wyoming,1999,wilderness,2,0.0
Wyoming,1999,wilderness,3,0.0
Wyoming,1999,wilderness,4,0.0
Wyoming,1999,wilderness,5,0.0
Wyoming,1999,wilderness,6,0.0
Wyoming,2000,roaded,0,0.009216
Wyoming,2000,roaded,1,2.558727
Wyoming,2000,roaded,2,1.2457619999999998
Wyoming,2000,roaded,3,0.67059
Wyoming,2000,roaded,4,0.6534899999999999
Wyoming,2000,roaded,5,0.086571
Wyoming,2000,roaded,6,0.0
Wyoming,2000,roadless,0,0.0
Wyoming,2000,roadless,1,18.067328999999997
Wyoming,2000,roadless,2,16.460936999999998
Wyoming,2000,roadless,3,13.609656
Wyoming,2000,roadless,4,21.290193
Wyoming,2000,roadless,5,0.29412900000000003
Wyoming,2000,roadless,6,1.089
Wyoming,2000,wilderness,0,0.0
Wyoming,2000,wilderness,1,5.428953
Wyoming,2000,wilderness,2,6.715971
Wyoming,2000,wilderness,3,11.58093
Wyoming,2000,wilderness,4,10.797020999999999
Wyoming,2000,wilderness,5,0.018000000000000002
Wyoming,2000,wilderness,6,0.0
Wyoming,2001,roaded,0,0.012348
Wyoming,2001,roaded,1,9.897345
Wyoming,2001,roaded,2,10.569393
Wyoming,2001,roaded,3,6.968727
Wyoming,2001,roaded,4,3.1548599999999998
Wyoming,2001,roaded,5,0.0765
Wyoming,2001,roaded,6,0.0
Wyoming,2001,roadless,0,0.0
Wyoming,2001,roadless,1,0.004050000000000001
Wyoming,2001,roadless,2,0.000504
Wyoming,2001,roadless,3,0.0
Wyoming,2001,roadless,4,0.0
Wyoming,2001,roadless,5,0.0
Wyoming,2001,roadless,6,0.0
Wyoming,2001,wilderness,0,0.0
Wyoming,2001,wilderness,1,2.200491
Wyoming,2001,wilderness,2,4.965795
Wyoming,2001,wilderness,3,3.717054
Wyoming,2001,wilderness,4,2.8895939999999998
Wyoming,2001,wilderness,5,0.0504
Wyoming,2001,wilderness,6,0.0
Wyoming,2002,roaded,0,0.003132
Wyoming,2002,roaded,1,6.030368999999999
Wyoming,2002,roaded,2,13.056543
Wyoming,2002,roaded,3,9.576459
Wyoming,2002,roaded,4,4.409928
Wyoming,2002,roaded,5,0.26080200000000003
Wyoming,2002,roaded,6,0.0
Wyoming,2002,roadless,0,0.0
Wyoming,2002,roadless,1,10.040958
Wyoming,2002,roadless,2,23.595363000000003
Wyoming,2002,roadless,3,16.755399
Wyoming,2002,roadless,4,9.870246
Wyoming,2002,roadless,5,0.016092
Wyoming,2002,roadless,6,0.0
Wyoming,2002,wilderness,0,0.0
Wyoming,2002,wilderness,1,4.374
Wyoming,2002,wilderness,2,3.1455
Wyoming,2002,wilderness,3,1.7136000000000002
Wyoming,2002,wilderness,4,0.6659999999999999
Wyoming,2002,wilderness,5,0.0639
Wyoming,2002,wilderness,6,0.0009
Wyoming,2003,roaded,0,0.003132
Wyoming,2003,roaded,1,1.4012639999999998
Wyoming,2003,roaded,2,2.771343
Wyoming,2003,roaded,3,0.8703449999999999
Wyoming,2003,roaded,4,0.852759
Wyoming,2003,roaded,5,0.0
Wyoming,2003,roaded,6,0.0
Wyoming,2003,roadless,0,0.0
Wyoming,2003,roadless,1,6.477588
Wyoming,2003,roadless,2,10.042775999999998
Wyoming,2003,roadless,3,12.030201
Wyoming,2003,roadless,4,16.225748999999997
Wyoming,2003,roadless,5,0.2862
Wyoming,2003,roadless,6,0.0
Wyoming,2003,wilderness,0,0.0
Wyoming,2003,wilderness,1,6.831773999999999
Wyoming,2003,wilderness,2,10.614113999999999
Wyoming,2003,wilderness,3,12.419775
Wyoming,2003,wilderness,4,31.159601999999996
Wyoming,2003,wilderness,5,0.10720799999999998
Wyoming,2003,wilderness,6,0.041859
Wyoming,2004,roaded,0,0.009216
Wyoming,2004,roaded,1,0.18179099999999998
Wyoming,2004,roaded,2,0.049644
Wyoming,2004,roaded,3,2.7000000000000002e-05
Wyoming,2004,roaded,4,0.0
Wyoming,2004,roaded,5,0.0026459999999999995
Wyoming,2004,roaded,6,0.0
Wyoming,2004,roadless,0,0.0
Wyoming,2004,roadless,1,1.9002869999999998
Wyoming,2004,roadless,2,0.7252109999999999
Wyoming,2004,roadless,3,0.017973
Wyoming,2004,roadless,4,0.0
Wyoming,2004,roadless,5,0.017154
Wyoming,2004,roadless,6,0.0
Wyoming,2004,wilderness,0,0.0
Wyoming,2004,wilderness,1,0.0
Wyoming,2004,wilderness,2,0.0
Wyoming,2004,wilderness,3,0.0
Wyoming,2004,wilderness,4,0.0
Wyoming,2004,wilderness,5,0.0
Wyoming,2004,wilderness,6,0.0
Wyoming,2005,roaded,0,0.009216
Wyoming,2005,roaded,1,2.815983
Wyoming,2005,roaded,2,2.4681059999999997
Wyoming,2005,roaded,3,2.0442329999999997
Wyoming,2005,roaded,4,1.74636
Wyoming,2005,roaded,5,0.0018
Wyoming,2005,roaded,6,0.0
Wyoming,2005,roadless,0,0.0
Wyoming,2005,roadless,1,0.0
Wyoming,2005,roadless,2,0.0
Wyoming,2005,roadless,3,0.0
Wyoming,2005,roadless,4,0.0
Wyoming,2005,roadless,5,0.0
Wyoming,2005,roadless,6,0.0
Wyoming,2005,wilderness,0,0.0
Wyoming,2005,wilderness,1,0.0
Wyoming,2005,wilderness,2,0.0
Wyoming,2005,wilderness,3,0.0
Wyoming,2005,wilderness,4,0.0
Wyoming,2005,wilderness,5,0.0
Wyoming,2005,wilderness,6,0.0
Wyoming,2006,roaded,0,0.009216
Wyoming,2006,roaded,1,4.206933
Wyoming,2006,roaded,2,6.399072
Wyoming,2006,roaded,3,5.641686
Wyoming,2006,roaded,4,7.853283
Wyoming,2006,roaded,5,0.011987999999999999
Wyoming,2006,roaded,6,1.0544310000000001
Wyoming,2006,roadless,0,0.0
Wyoming,2006,roadless,1,9.990819
Wyoming,2006,roadless,2,15.339635999999999
Wyoming,2006,roadless,3,13.578651
Wyoming,2006,roadless,4,14.628770999999999
Wyoming,2006,roadless,5,0.10433699999999999
Wyoming,2006,roadless,6,1.2415770000000002
Wyoming,2006,wilderness,0,0.0
Wyoming,2006,wilderness,1,7.868897999999999
Wyoming,2006,wilderness,2,12.552776999999999
Wyoming,2006,wilderness,3,20.610018
Wyoming,2006,wilderness,4,10.039734
Wyoming,2006,wilderness,5,0.475875
Wyoming,2006,wilderness,6,5.007492
Wyoming,2007,roaded,0,0.003132
Wyoming,2007,roaded,1,4.007276999999999
Wyoming,2007,roaded,2,5.441777999999999
Wyoming,2007,roaded,3,5.324535
Wyoming,2007,roaded,4,6.408548999999999
Wyoming,2007,roaded,5,0.13194
Wyoming,2007,roaded,6,0.0
Wyoming,2007,roadless,0,0.0
Wyoming,2007,roadless,1,10.705266
Wyoming,2007,roadless,2,11.488959
Wyoming,2007,roadless,3,19.674693
Wyoming,2007,roadless,4,28.16235
Wyoming,2007,roadless,5,0.155466
Wyoming,2007,roadless,6,0.0009
Wyoming,2007,wilderness,0,0.0
Wyoming,2007,wilderness,1,2.052216
Wyoming,2007,wilderness,2,2.809647
Wyoming,2007,wilderness,3,3.114864
Wyoming,2007,wilderness,4,4.169889
Wyoming,2007,wilderness,5,0.085383
Wyoming,2007,wilderness,6,0.285993
Wyoming,2008,roaded,0,0.0
Wyoming,2008,roaded,1,2.983689
Wyoming,2008,roaded,2,2.377458
Wyoming,2008,roaded,3,2.451546
Wyoming,2008,roaded,4,3.631734
Wyoming,2008,roaded,5,0.075789
Wyoming,2008,roaded,6,0.0
Wyoming,2008,roadless,0,0.0
Wyoming,2008,roadless,1,18.878669999999996
Wyoming,2008,roadless,2,19.749266999999996
Wyoming,2008,roadless,3,16.519653
Wyoming,2008,roadless,4,8.364545999999999
Wyoming,2008,roadless,5,0.356517
Wyoming,2008,roadless,6,0.0
Wyoming,2008,wilderness,0,0.0
Wyoming,2008,wilderness,1,47.808440999999995
Wyoming,2008,wilderness,2,53.871075
Wyoming,2008,wilderness,3,42.996500999999995
Wyoming,2008,wilderness,4,28.636020000000002
Wyoming,2008,wilderness,5,0.6242939999999999
Wyoming,2008,wilderness,6,0.0
Wyoming,2009,roaded,0,0.0
Wyoming,2009,roaded,1,0.8691119999999999
Wyoming,2009,roaded,2,0.760428
Wyoming,2009,roaded,3,0.39931199999999994
Wyoming,2009,roaded,4,0.135594
Wyoming,2009,roaded,5,0.005436
Wyoming,2009,roaded,6,0.0033659999999999996
Wyoming,2009,roadless,0,0.0
Wyoming,2009,roadless,1,7.953543
Wyoming,2009,roadless,2,7.879562999999999
Wyoming,2009,roadless,3,4.227732
Wyoming,2009,roadless,4,2.1740669999999995
Wyoming,2009,roadless,5,0.20246399999999998
Wyoming,2009,roadless,6,0.314982
Wyoming,2009,wilderness,0,0.0
Wyoming,2009,wilderness,1,0.0
Wyoming,2009,wilderness,2,0.0
Wyoming,2009,wilderness,3,0.0
Wyoming,2009,wilderness,4,0.0
Wyoming,2009,wilderness,5,0.0
Wyoming,2009,wilderness,6,0.0
Wyoming,2010,roaded,0,0.003132
Wyoming,2010,roaded,1,0.046206
Wyoming,2010,roaded,2,0.086337
Wyoming,2010,roaded,3,0.023184
Wyoming,2010,roaded,4,0.004418999999999999
Wyoming,2010,roaded,5,0.0
Wyoming,2010,roaded,6,0.048770999999999995
Wyoming,2010,roadless,0,0.0
Wyoming,2010,roadless,1,6.056477999999999
Wyoming,2010,roadless,2,7.909236
Wyoming,2010,roadless,3,4.306716
Wyoming,2010,roadless,4,1.8847529999999997
Wyoming,2010,roadless,5,0.5067
Wyoming,2010,roadless,6,0.9735029999999999
Wyoming,2010,wilderness,0,0.0
Wyoming,2010,wilderness,1,4.10139
Wyoming,2010,wilderness,2,5.724368999999999
Wyoming,2010,wilderness,3,4.138236
Wyoming,2010,wilderness,4,1.647918
Wyoming,2010,wilderness,5,0.2223
Wyoming,2010,wilderness,6,2.821626
Wyoming,2011,roaded,0,0.003132
Wyoming,2011,roaded,1,2.9744729999999997
Wyoming,2011,roaded,2,3.41361
Wyoming,2011,roaded,3,3.401136
Wyoming,2011,roaded,4,2.46762
Wyoming,2011,roaded,5,0.000423
Wyoming,2011,roaded,6,1.3488479999999998
Wyoming,2011,roadless,0,0.0
Wyoming,2011,roadless,1,0.5155470000000001
Wyoming,2011,roadless,2,0.97515
Wyoming,2011,roadless,3,1.9184040000000002
Wyoming,2011,roadless,4,2.8084230000000003
Wyoming,2011,roadless,5,0.0031769999999999997
Wyoming,2011,roadless,6,1.701873
Wyoming,2011,wilderness,0,0.0
Wyoming,2011,wilderness,1,21.510081
Wyoming,2011,wilderness,2,30.802914
Wyoming,2011,wilderness,3,15.520653
Wyoming,2011,wilderness,4,41.112459
Wyoming,2011,wilderness,5,0.0009
Wyoming,2011,wilderness,6,18.731078999999998
Wyoming,2012,roaded,0,0.012348
Wyoming,2012,roaded,1,21.745088999999997
Wyoming,2012,roaded,2,73.69172999999999
Wyoming,2012,roaded,3,73.851642
Wyoming,2012,roaded,4,40.315635
Wyoming,2012,roaded,5,0.323604
Wyoming,2012,roaded,6,45.205335
Wyoming,2012,roadless,0,0.0
Wyoming,2012,roadless,1,13.181354999999998
Wyoming,2012,roadless,2,28.343763
Wyoming,2012,roadless,3,32.962185
Wyoming,2012,roadless,4,30.012920999999995
Wyoming,2012,roadless,5,0.13039199999999998
Wyoming,2012,roadless,6,20.92194
Wyoming,2012,wilderness,0,0.0
Wyoming,2012,wilderness,1,10.633076999999998
Wyoming,2012,wilderness,2,28.418426999999998
Wyoming,2012,wilderness,3,29.820149999999998
Wyoming,2012,wilderness,4,48.232872
Wyoming,2012,wilderness,5,0.0072
Wyoming,2012,wilderness,6,3.9915
Wyoming,2013,roaded,0,0.0
Wyoming,2013,roaded,1,0.740196
Wyoming,2013,roaded,2,1.0547549999999999
Wyoming,2013,roaded,3,1.554642
Wyoming,2013,roaded,4,2.9293379999999996
Wyoming,2013,roaded,5,0.009899999999999999
Wyoming,2013,roaded,6,0.0432
Wyoming,2013,roadless,0,0.0
Wyoming,2013,roadless,1,0.07610399999999999
Wyoming,2013,roadless,2,0.17644500000000002
Wyoming,2013,roadless,3,0.17965799999999998
Wyoming,2013,roadless,4,0.051462
Wyoming,2013,roadless,5,0.0
Wyoming,2013,roadless,6,0.0
Wyoming,2013,wilderness,0,0.0
Wyoming,2013,wilderness,1,9.4734
Wyoming,2013,wilderness,2,19.7253
Wyoming,2013,wilderness,3,22.0464
Wyoming,2013,wilderness,4,35.0334
Wyoming,2013,wilderness,5,0.07200000000000001
Wyoming,2013,wilderness,6,0.54
Wyoming,2014,roaded,0,0.0
Wyoming,2014,roaded,1,0.0
Wyoming,2014,roaded,2,0.0
Wyoming,2014,roaded,3,0.0
Wyoming,2014,roaded,4,0.0
Wyoming,2014,roaded,5,0.0
Wyoming,2014,roaded,6,0.0
Wyoming,2014,roadless,0,0.0
Wyoming,2014,roadless,1,0.0
Wyoming,2014,roadless,2,0.0
Wyoming,2014,roadless,3,0.0
Wyoming,2014,roadless,4,0.0
Wyoming,2014,roadless,5,0.0
Wyoming,2014,roadless,6,0.0
Wyoming,2014,wilderness,0,0.0
Wyoming,2014,wilderness,1,1.3347
Wyoming,2014,wilderness,2,1.3932
Wyoming,2014,wilderness,3,1.2213
Wyoming,2014,wilderness,4,2.2419
Wyoming,2014,wilderness,5,0.009899999999999999
Wyoming,2014,wilderness,6,0.0
Wyoming,2015,roaded,0,0.0
Wyoming,2015,roaded,1,0.0
Wyoming,2015,roaded,2,0.011276999999999999
Wyoming,2015,roaded,3,0.008073
Wyoming,2015,roaded,4,0.000486
Wyoming,2015,roaded,5,0.0
Wyoming,2015,roaded,6,0.0
Wyoming,2015,roadless,0,0.0
Wyoming,2015,roadless,1,0.003357
Wyoming,2015,roadless,2,0.090945
Wyoming,2015,roadless,3,0.068454
Wyoming,2015,roadless,4,0.10420199999999999
Wyoming,2015,roadless,5,0.0
Wyoming,2015,roadless,6,0.0
Wyoming,2015,wilderness,0,0.0
Wyoming,2015,wilderness,1,0.180279
Wyoming,2015,wilderness,2,0.348597
Wyoming,2015,wilderness,3,0.17596799999999999
Wyoming,2015,wilderness,4,0.020781
Wyoming,2015,wilderness,5,0.0
Wyoming,2015,wilderness,6,0.0
Wyoming,2016,roaded,0,0.009216
Wyoming,2016,roaded,1,16.991198999999998
Wyoming,2016,roaded,2,40.867803
Wyoming,2016,roaded,3,38.402838
Wyoming,2016,roaded,4,34.290882
Wyoming,2016,roaded,5,0.05257799999999999
Wyoming,2016,roaded,6,0.713043
Wyoming,2016,roadless,0,0.0
Wyoming,2016,roadless,1,5.697477
Wyoming,2016,roadless,2,10.561158
Wyoming,2016,roadless,3,11.378430000000002
Wyoming,2016,roadless,4,12.229137000000001
Wyoming,2016,roadless,5,0.014831999999999998
Wyoming,2016,roadless,6,0.0
Wyoming,2016,wilderness,0,0.0
Wyoming,2016,wilderness,1,6.000336
Wyoming,2016,wilderness,2,7.896105
Wyoming,2016,wilderness,3,5.071356
Wyoming,2016,wilderness,4,5.607062999999999
Wyoming,2016,wilderness,5,0.026099999999999998
Wyoming,2016,wilderness,6,0.531738
Wyoming,2017,roaded,0,0.0
Wyoming,2017,roaded,1,2.882772
Wyoming,2017,roaded,2,5.961402
Wyoming,2017,roaded,3,3.806658
Wyoming,2017,roaded,4,2.975913
Wyoming,2017,roaded,5,0.08933399999999998
Wyoming,2017,roaded,6,0.1935
Wyoming,2017,roadless,0,0.0
Wyoming,2017,roadless,1,2.2625279999999997
Wyoming,2017,roadless,2,4.753098
Wyoming,2017,roadless,3,3.8550419999999996
Wyoming,2017,roadless,4,1.468287
Wyoming,2017,roadless,5,0.034865999999999994
Wyoming,2017,roadless,6,0.0
Wyoming,2017,wilderness,0,0.0
Wyoming,2017,wilderness,1,0.0
Wyoming,2017,wilderness,2,0.0
Wyoming,2017,wilderness,3,0.0
Wyoming,2017,wilderness,4,0.0
Wyoming,2017,wilderness,5,0.0
Wyoming,2017,wilderness,6,0.0
Wyoming,2018,roaded,0,0.0
Wyoming,2018,roaded,1,38.307069
Wyoming,2018,roaded,2,73.03633199999999
Wyoming,2018,roaded,3,77.31334799999999
Wyoming,2018,roaded,4,57.00945599999999
Wyoming,2018,roaded,5,1.542528
Wyoming,2018,roaded,6,0.3528
Wyoming,2018,roadless,0,0.0
Wyoming,2018,roadless,1,7.681266000000001
Wyoming,2018,roadless,2,20.552075999999996
Wyoming,2018,roadless,3,29.520756000000002
Wyoming,2018,roadless,4,14.741675999999998
Wyoming,2018,roadless,5,0.051714
Wyoming,2018,roadless,6,0.0
Wyoming,2018,wilderness,0,0.0
Wyoming,2018,wilderness,1,0.0
Wyoming,2018,wilderness,2,0.0
Wyoming,2018,wilderness,3,0.0
Wyoming,2018,wilderness,4,0.0
Wyoming,2018,wilderness,5,0.0
Wyoming,2018,wilderness,6,0.0
Wyoming,2019,roaded,0,0.0
Wyoming,2019,roaded,1,0.028665
Wyoming,2019,roaded,2,0.011961
Wyoming,2019,roaded,3,9e-06
Wyoming,2019,roaded,4,0.0
Wyoming,2019,roaded,5,0.0
Wyoming,2019,roaded,6,0.0
Wyoming,2019,roadless,0,0.0
Wyoming,2019,roadless,1,0.055449
Wyoming,2019,roadless,2,0.07578
Wyoming,2019,roadless,3,0.009828
Wyoming,2019,roadless,4,9e-06
Wyoming,2019,roadless,5,0.0027
Wyoming,2019,roadless,6,0.0
Wyoming,2019,wilderness,0,0.0
Wyoming,2019,wilderness,1,2.318886
Wyoming,2019,wilderness,2,11.164059
Wyoming,2019,wilderness,3,15.171363000000001
Wyoming,2019,wilderness,4,10.738790999999999
Wyoming,2019,wilderness,5,0.0018
Wyoming,2019,wilderness,6,0.0
Wyoming,2020,roaded,0,0.0
Wyoming,2020,roaded,1,44.300186999999994
Wyoming,2020,roaded,2,95.583969
Wyoming,2020,roaded,3,92.937672
Wyoming,2020,roaded,4,100.791567
Wyoming,2020,roaded,5,0.2016
Wyoming,2020,roaded,6,0.1593
Wyoming,2020,roadless,0,0.0
Wyoming,2020,roadless,1,6.073578
Wyoming,2020,roadless,2,17.686566
Wyoming,2020,roadless,3,19.668419999999998
Wyoming,2020,roadless,4,17.34165
Wyoming,2020,roadless,5,0.0018
Wyoming,2020,roadless,6,0.0
Wyoming,2020,wilderness,0,0.0
Wyoming,2020,wilderness,1,3.9855150000000004
Wyoming,2020,wilderness,2,23.130837
Wyoming,2020,wilderness,3,43.08335999999999
Wyoming,2020,wilderness,4,41.085486
Wyoming,2020,wilderness,5,0.011699999999999999
Wyoming,2020,wilderness,6,0.7595999999999999
Wyoming,2021,roaded,0,0.0
Wyoming,2021,roaded,1,0.21284099999999997
Wyoming,2021,roaded,2,0.39645899999999995
Wyoming,2021,roaded,3,0.447975
Wyoming,2021,roaded,4,0.43479
Wyoming,2021,roaded,5,0.003888
Wyoming,2021,roaded,6,0.0
Wyoming,2021,roadless,0,0.0
Wyoming,2021,roadless,1,2.9335590000000002
Wyoming,2021,roadless,2,3.3610409999999997
Wyoming,2021,roadless,3,4.579425
Wyoming,2021,roadless,4,12.32001
Wyoming,2021,roadless,5,0.123912
Wyoming,2021,roadless,6,0.0
Wyoming,2021,wilderness,0,0.0
Wyoming,2021,wilderness,1,0.0
Wyoming,2021,wilderness,2,0.0
Wyoming,2021,wilderness,3,0.0
Wyoming,2021,wilderness,4,0.0
Wyoming,2021,wilderness,5,0.0
Wyoming,2021,wilderness,6,0.0
Wyoming,2022,roaded,0,0.009216
Wyoming,2022,roaded,1,0.91944
Wyoming,2022,roaded,2,6.121475999999999
Wyoming,2022,roaded,3,5.058234
Wyoming,2022,roaded,4,2.930976
Wyoming,2022,roaded,5,0.04824
Wyoming,2022,roaded,6,0.0
Wyoming,2022,roadless,0,0.0
Wyoming,2022,roadless,1,0.0
Wyoming,2022,roadless,2,0.0
Wyoming,2022,roadless,3,0.0
Wyoming,2022,roadless,4,0.0
Wyoming,2022,roadless,5,0.0
Wyoming,2022,roadless,6,0.0
Wyoming,2022,wilderness,0,0.0
Wyoming,2022,wilderness,1,0.0
Wyoming,2022,wilderness,2,0.0
Wyoming,2022,wilderness,3,0.0
Wyoming,2022,wilderness,4,0.0
Wyoming,2022,wilderness,5,0.0
Wyoming,2022,wilderness,6,0.0
Wyoming,2023,roaded,0,0.0
Wyoming,2023,roaded,1,0.0
Wyoming,2023,roaded,2,0.0
Wyoming,2023,roaded,3,0.0
Wyoming,2023,roaded,4,0.0
Wyoming,2023,roaded,5,0.0
Wyoming,2023,roaded,6,0.0
Wyoming,2023,roadless,0,0.0
Wyoming,2023,roadless,1,0.0
Wyoming,2023,roadless,2,0.0
Wyoming,2023,roadless,3,0.0
Wyoming,2023,roadless,4,0.0
Wyoming,2023,roadless,5,0.0
Wyoming,2023,roadless,6,0.0
Wyoming,2023,wilderness,0,0.0
Wyoming,2023,wilderness,1,0.0
Wyoming,2023,wilderness,2,0.0
Wyoming,2023,wilderness,3,0.0
Wyoming,2023,wilderness,4,0.0
Wyoming,2023,wilderness,5,0.0
Wyoming,2023,wilderness,6,0.0
Wyoming,2024,roaded,0,0.012348
Wyoming,2024,roaded,1,0.37439999999999996
Wyoming,2024,roaded,2,3.21588
Wyoming,2024,roaded,3,1.57896
Wyoming,2024,roaded,4,1.3824
Wyoming,2024,roaded,5,0.0
Wyoming,2024,roaded,6,0.0
Wyoming,2024,roadless,0,0.0
Wyoming,2024,roadless,1,0.0
Wyoming,2024,roadless,2,0.0
Wyoming,2024,roadless,3,0.0
Wyoming,2024,roadless,4,0.0
Wyoming,2024,roadless,5,0.0
Wyoming,2024,roadless,6,0.0
Wyoming,2024,wilderness,0,0.0
Wyoming,2024,wilderness,1,0.0
Wyoming,2024,wilderness,2,0.0
Wyoming,2024,wilderness,3,0.0
Wyoming,2024,wilderness,4,0.0
Wyoming,2024,wilderness,5,0.0
Wyoming,2024,wilderness,6,0.0
